CustomerID,age,tenure,MonthlyCharges,TotalCharges,Contract,InternetService,OnlineSecurity,OnlineBackup,DeviceProtection,TechSupport,StreamingTV,StreamingMovies,Churn
CUST_00000,56,45,84.71677720509855,8251.506826849654,One year,No,No,Yes,Yes,Yes,Yes,Yes,Yes
CUST_00001,69,71,88.68860783817566,610.5674768712271,Two year,No,No,Yes,Yes,Yes,No,Yes,No
CUST_00002,46,7,97.64033220221032,1008.2299012869165,Month-to-month,No,Yes,No,Yes,Yes,Yes,Yes,Yes
CUST_00003,32,58,51.13392429294165,4351.101111424359,Two year,Fiber optic,Yes,No,No,Yes,No,No,No
CUST_00004,60,58,76.77769564318783,4527.722532970531,Month-to-month,No,Yes,Yes,No,No,Yes,No,No
CUST_00005,25,12,118.15790297645944,435.39233396343843,One year,No,No,No,Yes,Yes,Yes,Yes,No
CUST_00006,78,38,109.81441706651572,7037.185535219397,Month-to-month,Fiber optic,Yes,Yes,Yes,No,No,No,No
CUST_00007,38,27,115.26654280983665,4255.6773840643245,Two year,DSL,No,Yes,Yes,No,No,No,Yes
CUST_00008,56,60,58.61363985285714,3011.8074717804416,One year,DSL,Yes,No,Yes,No,Yes,No,Yes
CUST_00009,75,15,98.69281058966618,2778.371673164957,One year,No,Yes,Yes,Yes,No,No,Yes,Yes
CUST_00010,36,1,81.98979517603478,7335.820325055122,Month-to-month,Fiber optic,No,Yes,Yes,Yes,Yes,No,No
CUST_00011,40,16,28.27350830622411,1752.5560779967147,One year,Fiber optic,Yes,No,No,No,Yes,Yes,No
CUST_00012,28,29,102.39803891570654,1447.5087256339177,One year,No,No,Yes,Yes,No,Yes,No,No
CUST_00013,28,12,87.71012763573646,1890.6996454755786,Month-to-month,No,Yes,Yes,Yes,Yes,No,Yes,No
CUST_00014,41,12,39.891735951526684,5350.189400276495,One year,DSL,Yes,No,No,No,Yes,Yes,No
CUST_00015,70,42,27.973855742946135,6911.819187278637,Two year,Fiber optic,No,No,No,Yes,Yes,No,Yes
CUST_00016,53,20,103.70221306483306,2880.2210278207085,Month-to-month,No,No,No,Yes,Yes,Yes,No,Yes
CUST_00017,57,54,27.890182949120106,1557.0807841644282,Month-to-month,Fiber optic,Yes,Yes,Yes,Yes,No,Yes,No
CUST_00018,41,39,29.135386536643665,1857.2310080804125,Month-to-month,No,No,Yes,Yes,No,Yes,Yes,Yes
CUST_00019,20,14,62.74082879043153,5301.143739549949,Month-to-month,DSL,Yes,No,Yes,No,No,No,No
CUST_00020,39,51,33.47978284194771,2166.695900199531,Two year,No,No,No,Yes,No,Yes,No,No
CUST_00021,70,52,111.36695974427194,7469.153943351481,Month-to-month,DSL,Yes,Yes,Yes,No,No,Yes,No
CUST_00022,19,51,67.02839362632366,972.6873770802373,Two year,DSL,No,No,No,No,Yes,No,No
CUST_00023,41,29,76.91509806545716,371.89568564636966,Month-to-month,No,Yes,Yes,Yes,Yes,No,No,No
CUST_00024,61,32,112.81060894780875,842.377266071593,Month-to-month,No,Yes,Yes,Yes,Yes,No,No,No
CUST_00025,47,56,73.02632256383487,7203.402211245091,One year,DSL,Yes,No,No,No,No,Yes,No
CUST_00026,55,51,55.35911459573185,5570.327965191553,One year,Fiber optic,Yes,Yes,Yes,No,No,Yes,Yes
CUST_00027,19,8,99.71551058158319,8145.054918184903,Two year,Fiber optic,No,No,No,No,No,Yes,No
CUST_00028,77,53,64.28501974752106,2924.890946665964,One year,DSL,No,Yes,No,No,No,Yes,Yes
CUST_00029,38,0,51.846942560230545,1886.4962752814752,Month-to-month,DSL,No,Yes,No,Yes,Yes,No,No
CUST_00030,50,43,92.32294586055346,4820.592010235493,Two year,No,Yes,Yes,Yes,No,No,No,No
CUST_00031,29,8,100.1605676613043,4617.757544664688,One year,No,Yes,No,No,No,Yes,Yes,Yes
CUST_00032,75,31,99.17161675842715,5064.601500840703,Month-to-month,DSL,Yes,Yes,No,No,Yes,Yes,Yes
CUST_00033,39,14,117.76744141287075,3019.28444634693,One year,DSL,No,Yes,Yes,No,No,Yes,Yes
CUST_00034,78,11,98.66669488749626,149.53429630900877,One year,Fiber optic,No,No,No,No,Yes,No,Yes
CUST_00035,61,56,96.99334359486862,394.2658847011814,One year,Fiber optic,No,No,No,Yes,No,Yes,Yes
CUST_00036,42,7,105.74852537362202,5676.142275949108,One year,Fiber optic,No,Yes,No,Yes,Yes,No,No
CUST_00037,66,71,20.01851952954428,4495.367604506044,Month-to-month,DSL,Yes,No,Yes,Yes,No,Yes,Yes
CUST_00038,44,26,56.24314111877707,6996.494581070698,One year,DSL,Yes,Yes,No,No,Yes,No,Yes
CUST_00039,76,61,93.76030960344221,2623.4428138090943,Two year,Fiber optic,Yes,Yes,No,No,No,No,No
CUST_00040,59,11,79.97190111102773,6949.966792741871,Two year,Fiber optic,Yes,Yes,Yes,Yes,No,No,No
CUST_00041,45,64,37.757200263161764,3674.1278729929636,One year,No,No,Yes,No,Yes,No,Yes,Yes
CUST_00042,77,41,50.37330890885454,912.266438589233,Two year,No,Yes,Yes,Yes,No,Yes,Yes,No
CUST_00043,33,61,53.67926110821068,8314.457125761832,One year,DSL,No,Yes,No,No,Yes,Yes,No
CUST_00044,32,10,76.7828111172316,4400.261804822367,Month-to-month,No,No,No,Yes,Yes,No,Yes,No
CUST_00045,79,42,103.15982964410765,5387.619517283709,Month-to-month,DSL,Yes,Yes,Yes,Yes,No,Yes,No
CUST_00046,79,16,113.24917797776799,5734.69636651237,Two year,DSL,No,Yes,No,Yes,Yes,No,No
CUST_00047,64,31,95.0092412853639,3144.262918705798,Two year,DSL,No,No,No,Yes,Yes,No,Yes
CUST_00048,79,39,104.29503901768098,6379.237886841954,One year,Fiber optic,Yes,Yes,Yes,No,Yes,Yes,Yes
CUST_00049,68,22,67.00959584515161,7410.238308948544,One year,No,No,Yes,No,Yes,Yes,Yes,No
CUST_00050,61,55,58.97753196222874,3352.3706018764137,One year,No,Yes,Yes,Yes,Yes,Yes,No,No
CUST_00051,72,5,59.2708532144217,5618.807447705005,Month-to-month,No,No,Yes,No,No,No,No,Yes
CUST_00052,69,49,81.60385283399572,6459.84012140856,One year,No,No,No,No,Yes,No,Yes,No
CUST_00053,74,36,32.4236705555809,1697.0575405882828,Month-to-month,Fiber optic,No,Yes,Yes,No,Yes,Yes,No
CUST_00054,20,63,77.94941827902612,2893.8071089261266,Two year,No,No,No,No,Yes,Yes,Yes,No
CUST_00055,54,53,86.51328601837255,1013.8851096000208,Month-to-month,No,No,No,No,Yes,No,Yes,No
CUST_00056,68,71,63.89087402062388,5158.551099684909,Two year,Fiber optic,Yes,No,No,No,No,No,No
CUST_00057,24,48,115.31671767711674,6827.876644895192,Month-to-month,No,No,Yes,No,Yes,Yes,Yes,Yes
CUST_00058,38,10,80.82132723795752,5231.044715313443,Month-to-month,No,No,Yes,Yes,No,Yes,No,No
CUST_00059,26,48,41.99994722366252,1610.1841802071694,One year,Fiber optic,No,No,Yes,No,Yes,Yes,Yes
CUST_00060,56,20,67.92162574335163,4689.495324619554,Two year,Fiber optic,No,No,Yes,Yes,No,No,No
CUST_00061,35,65,87.5404437135294,7113.446847621842,Month-to-month,Fiber optic,Yes,Yes,Yes,No,Yes,Yes,No
CUST_00062,21,62,52.3629124580479,2642.8882870570405,Month-to-month,Fiber optic,No,Yes,No,No,No,Yes,No
CUST_00063,42,27,27.964160628902317,7094.272618922179,Two year,DSL,No,Yes,Yes,No,Yes,No,Yes
CUST_00064,77,16,78.3435634710885,6690.835583667899,Month-to-month,Fiber optic,No,Yes,Yes,Yes,Yes,No,No
CUST_00065,31,5,114.787016861968,282.6227858280689,Two year,No,Yes,Yes,Yes,No,No,No,No
CUST_00066,67,18,68.50719855631738,2111.4204383182164,Two year,No,No,No,No,Yes,Yes,No,No
CUST_00067,75,55,110.61090806470379,4660.7162087008965,Two year,No,No,No,No,No,No,Yes,No
CUST_00068,26,27,103.5023588371694,6127.985908161778,Month-to-month,No,No,No,Yes,No,Yes,No,No
CUST_00069,43,65,34.74127836339834,7496.456415483765,Month-to-month,DSL,Yes,Yes,No,No,No,Yes,No
CUST_00070,70,37,90.81699218355708,5484.755473450312,One year,DSL,No,No,No,No,No,Yes,No
CUST_00071,19,36,63.546552507197845,3294.8910384961287,Two year,DSL,No,Yes,Yes,No,Yes,Yes,No
CUST_00072,37,67,45.024632526293686,1650.868536593449,Month-to-month,No,No,No,Yes,No,Yes,Yes,No
CUST_00073,45,48,88.6938355666703,6484.301185884425,Month-to-month,No,Yes,Yes,Yes,Yes,No,Yes,Yes
CUST_00074,64,42,94.26607186564213,1836.965098322609,Two year,Fiber optic,No,No,No,Yes,Yes,Yes,No
CUST_00075,77,35,37.98963187348388,5941.616380333298,Two year,Fiber optic,No,No,Yes,Yes,No,No,No
CUST_00076,24,57,111.44446820562084,1622.177585918142,Two year,No,No,Yes,No,No,No,Yes,No
CUST_00077,61,12,95.1147243951441,864.8523425995013,One year,Fiber optic,No,Yes,No,Yes,Yes,Yes,No
CUST_00078,78,51,113.33754991419687,2209.24187913489,One year,Fiber optic,Yes,No,Yes,No,No,No,No
CUST_00079,25,57,51.7073218763691,2493.41036641096,One year,No,Yes,No,No,Yes,Yes,Yes,No
CUST_00080,64,31,113.93350157429869,5536.556729757244,Two year,DSL,Yes,Yes,No,No,Yes,No,Yes
CUST_00081,52,59,56.85176578383809,1451.420289033295,Month-to-month,No,No,Yes,Yes,Yes,No,Yes,No
CUST_00082,31,57,25.396976142739174,7914.578069089861,Two year,No,Yes,Yes,No,Yes,No,Yes,No
CUST_00083,34,55,96.29693887090234,4756.638165275097,Month-to-month,Fiber optic,No,No,No,Yes,Yes,No,No
CUST_00084,53,27,90.35081440883408,4223.8265388583095,One year,Fiber optic,No,No,No,Yes,No,No,No
CUST_00085,67,0,79.79109922633324,3751.4339201902885,One year,No,No,Yes,No,No,No,Yes,Yes
CUST_00086,57,41,68.9893744384174,4859.451314381605,One year,DSL,Yes,No,No,No,Yes,No,No
CUST_00087,21,47,23.216527032263137,288.5545241589713,Month-to-month,No,Yes,Yes,No,No,Yes,Yes,No
CUST_00088,19,39,82.45972515201544,8416.725546464293,Month-to-month,DSL,No,No,Yes,Yes,Yes,No,Yes
CUST_00089,79,62,61.683461522279366,4783.204760031835,Two year,DSL,No,Yes,Yes,No,No,No,No
CUST_00090,23,71,76.0209402740945,395.6380179774934,Two year,No,Yes,Yes,Yes,No,No,Yes,No
CUST_00091,71,3,62.93213419676363,5055.811879476639,Two year,No,Yes,No,Yes,Yes,Yes,No,No
CUST_00092,59,37,116.6056132765199,3771.4615696333017,One year,No,No,Yes,No,Yes,Yes,Yes,No
CUST_00093,21,26,80.41089011508471,301.9166519978345,Two year,DSL,Yes,Yes,Yes,Yes,Yes,Yes,Yes
CUST_00094,71,8,94.92363306024671,7865.201518122773,One year,Fiber optic,No,No,Yes,Yes,Yes,No,No
CUST_00095,46,15,113.63469474710833,188.76172542003212,Month-to-month,DSL,Yes,No,Yes,No,No,No,No
CUST_00096,35,55,79.15993229167397,4954.1220857737,One year,DSL,Yes,No,Yes,Yes,No,Yes,Yes
CUST_00097,43,30,21.206251782240074,8179.042280060281,One year,DSL,Yes,No,Yes,No,Yes,No,No
CUST_00098,61,13,23.429167831054237,2095.8777746574183,One year,Fiber optic,No,Yes,Yes,Yes,No,Yes,No
CUST_00099,51,24,90.23384341018618,2235.1042236462117,Month-to-month,DSL,No,Yes,Yes,Yes,No,No,No
CUST_00100,27,33,47.90851361512835,103.55427990527986,Month-to-month,DSL,No,Yes,Yes,Yes,No,No,No
CUST_00101,79,66,77.93797273479487,657.3498446990396,Two year,DSL,No,Yes,Yes,Yes,Yes,No,No
CUST_00102,53,23,40.2277181090669,477.0626572475402,Two year,Fiber optic,Yes,Yes,Yes,No,Yes,No,No
CUST_00103,31,25,47.02488750617141,7010.312782982774,Two year,DSL,No,No,Yes,Yes,No,No,No
CUST_00104,48,19,70.46410559480753,7128.595587537319,Month-to-month,Fiber optic,Yes,No,No,Yes,Yes,Yes,No
CUST_00105,65,63,117.5569463356082,6204.280707149991,Month-to-month,Fiber optic,No,Yes,Yes,No,Yes,Yes,No
CUST_00106,32,9,81.62704892091915,3063.058105143574,Month-to-month,No,No,No,No,Yes,No,No,No
CUST_00107,25,66,113.61481045130232,6998.537379066274,Month-to-month,No,No,No,Yes,No,No,Yes,No
CUST_00108,31,23,115.93798543869475,4634.105970040208,Month-to-month,No,Yes,No,Yes,No,Yes,Yes,No
CUST_00109,40,4,40.810999642050746,2656.206322431355,One year,Fiber optic,Yes,No,No,No,No,Yes,No
CUST_00110,77,66,51.119360246894445,3773.1248605608794,Two year,No,Yes,No,No,Yes,No,Yes,Yes
CUST_00111,74,57,96.99922812187042,652.4492666104355,One year,No,No,Yes,No,No,No,Yes,No
CUST_00112,79,26,106.67640022913439,8037.232968699275,Two year,No,No,No,No,Yes,Yes,No,No
CUST_00113,57,14,71.92267441895277,5300.577905755456,One year,Fiber optic,Yes,Yes,No,No,No,No,No
CUST_00114,38,34,119.32260672805492,6242.3668174168115,Month-to-month,DSL,Yes,Yes,No,No,No,No,No
CUST_00115,33,52,21.157219875527026,5783.300311526963,Two year,No,Yes,Yes,No,Yes,Yes,Yes,No
CUST_00116,62,43,49.959265558521565,5709.099869976238,One year,No,Yes,Yes,Yes,No,Yes,Yes,No
CUST_00117,35,25,82.31617537445798,244.99227817681674,Two year,No,No,Yes,No,Yes,Yes,No,No
CUST_00118,64,46,66.9289910937483,4513.118750192712,Month-to-month,No,No,No,No,No,Yes,No,Yes
CUST_00119,70,33,31.660296642880077,7002.3659204544865,Month-to-month,Fiber optic,No,Yes,No,Yes,No,Yes,No
CUST_00120,41,49,56.77870854805636,473.95835185743954,Two year,DSL,No,Yes,No,Yes,Yes,Yes,No
CUST_00121,43,11,22.544714329503904,8131.791744661473,Two year,DSL,No,Yes,Yes,No,Yes,Yes,No
CUST_00122,42,3,84.27460460752795,3662.941337250309,Month-to-month,No,Yes,No,No,No,Yes,Yes,No
CUST_00123,77,47,109.27425429963553,2535.122133231518,Month-to-month,DSL,Yes,No,No,Yes,No,Yes,No
CUST_00124,77,54,108.48741237834588,4567.29943779232,Month-to-month,No,No,No,No,No,Yes,Yes,Yes
CUST_00125,77,0,89.95444737655465,6830.1991778815045,One year,No,Yes,No,No,Yes,Yes,No,No
CUST_00126,62,65,66.57701954979275,4087.9425188565556,Two year,DSL,No,Yes,No,No,No,No,No
CUST_00127,58,29,71.20316186914897,5518.887683325692,Month-to-month,DSL,No,Yes,Yes,Yes,No,No,Yes
CUST_00128,46,2,33.69188239956629,4299.280858081624,Two year,Fiber optic,Yes,Yes,Yes,Yes,No,No,No
CUST_00129,32,20,54.1017093119203,5402.686955785737,One year,No,Yes,Yes,Yes,No,No,Yes,No
CUST_00130,62,48,38.77280754982736,1259.4596876517471,One year,DSL,No,Yes,No,Yes,No,Yes,No
CUST_00131,18,61,102.12002033499546,424.77244389603953,Month-to-month,Fiber optic,No,No,No,Yes,No,No,No
CUST_00132,42,37,111.47539013379597,1249.9718078580988,Two year,DSL,Yes,Yes,Yes,No,No,Yes,Yes
CUST_00133,24,14,73.6923261420117,2501.0404151770017,One year,DSL,Yes,No,Yes,No,Yes,No,No
CUST_00134,26,51,92.7764040512944,2228.1909245640973,Two year,No,No,Yes,Yes,Yes,Yes,No,No
CUST_00135,41,45,32.14647709071275,5267.472937149434,Two year,Fiber optic,Yes,No,Yes,No,Yes,No,No
CUST_00136,18,24,80.85346432772384,3929.471162727624,Month-to-month,No,No,No,Yes,Yes,No,No,No
CUST_00137,61,20,90.2791021377846,426.02064062551494,One year,DSL,No,No,Yes,Yes,No,No,Yes
CUST_00138,25,4,65.27681295114007,392.87361306301483,One year,Fiber optic,Yes,Yes,Yes,No,Yes,Yes,No
CUST_00139,41,69,44.32730844706986,860.9392178135923,One year,No,Yes,No,Yes,No,No,Yes,No
CUST_00140,28,46,107.73745205413914,3065.8817221672743,Two year,Fiber optic,No,Yes,Yes,No,Yes,No,No
CUST_00141,68,67,94.29087199537224,151.9367880953274,One year,DSL,Yes,Yes,Yes,Yes,Yes,No,No
CUST_00142,34,17,109.9857281849195,4249.493029613179,One year,Fiber optic,Yes,No,Yes,No,Yes,Yes,No
CUST_00143,25,20,101.84026474978235,3129.6251801981425,Two year,DSL,Yes,No,No,Yes,No,No,Yes
CUST_00144,52,22,119.03744295788626,4765.7069405029415,One year,No,Yes,No,Yes,No,Yes,Yes,No
CUST_00145,52,63,39.21727332144489,6154.931915895527,One year,DSL,Yes,No,No,Yes,No,Yes,No
CUST_00146,50,66,28.67477678039741,2208.171650030777,Two year,DSL,No,Yes,No,Yes,Yes,No,No
CUST_00147,76,39,53.70027913372585,1419.5026400828415,One year,Fiber optic,Yes,Yes,No,No,Yes,Yes,No
CUST_00148,22,9,32.900417502325894,2435.6498700924553,Month-to-month,Fiber optic,Yes,Yes,No,Yes,Yes,No,No
CUST_00149,59,51,72.31301129062243,114.81072839600621,Two year,No,Yes,No,No,Yes,No,Yes,Yes
CUST_00150,56,71,83.30289054077426,1108.1088264165583,One year,Fiber optic,No,No,Yes,Yes,Yes,Yes,No
CUST_00151,75,60,77.82886151734037,6406.975054965209,Month-to-month,No,No,No,No,No,Yes,No,No
CUST_00152,58,63,45.924013539027015,1971.5774761623952,Two year,DSL,No,No,Yes,Yes,No,Yes,No
CUST_00153,45,4,110.88240309687968,8452.116923953925,One year,DSL,Yes,Yes,Yes,No,Yes,No,Yes
CUST_00154,24,52,22.117236373537846,1509.784779464397,Two year,Fiber optic,No,Yes,Yes,Yes,Yes,No,No
CUST_00155,26,54,54.80133537634929,6725.682410750144,Month-to-month,DSL,Yes,Yes,Yes,Yes,Yes,No,No
CUST_00156,25,36,91.8992475398061,6022.37356333449,Two year,DSL,Yes,No,No,No,Yes,No,No
CUST_00157,29,55,96.69289263491595,2805.9099996569844,One year,No,No,No,No,Yes,No,No,No
CUST_00158,51,58,61.61185444318599,2878.208805954108,Month-to-month,Fiber optic,No,No,No,Yes,Yes,Yes,No
CUST_00159,50,68,21.69098132563671,4833.833280123678,Two year,No,No,No,Yes,Yes,Yes,Yes,Yes
CUST_00160,65,58,81.80436791237373,7259.942418853491,One year,DSL,No,No,No,No,No,Yes,No
CUST_00161,72,1,26.30946811832157,3343.970330603501,One year,DSL,Yes,Yes,Yes,No,No,No,No
CUST_00162,40,64,30.78557761535145,613.910999714615,Month-to-month,DSL,No,No,No,No,Yes,Yes,No
CUST_00163,79,59,85.025071964619,3245.1210859792927,Month-to-month,Fiber optic,Yes,Yes,Yes,Yes,Yes,Yes,No
CUST_00164,41,50,51.24883261428548,1841.4264552390277,Two year,DSL,No,No,Yes,No,Yes,No,No
CUST_00165,54,29,54.80301527082529,7989.338943346146,One year,DSL,No,Yes,No,Yes,No,No,No
CUST_00166,52,10,68.68070769832434,5957.104509557959,Month-to-month,No,No,No,No,Yes,No,No,No
CUST_00167,61,38,117.85783948593739,526.9943793921286,One year,Fiber optic,Yes,No,Yes,Yes,No,No,Yes
CUST_00168,57,71,116.54422207387104,2561.103713005894,Two year,DSL,No,Yes,No,No,Yes,Yes,No
CUST_00169,39,62,61.62609993600751,521.8141053347782,Month-to-month,No,Yes,No,Yes,No,Yes,Yes,Yes
CUST_00170,44,63,46.54992172182822,7072.140031148202,Two year,DSL,Yes,No,No,No,No,Yes,No
CUST_00171,52,60,50.25921526641157,7712.889776020152,Two year,No,Yes,No,Yes,Yes,No,Yes,No
CUST_00172,18,53,46.87812981616041,1043.1486890482247,Month-to-month,DSL,Yes,Yes,Yes,No,Yes,Yes,No
CUST_00173,52,57,73.22458071417807,3798.4363864730476,Two year,Fiber optic,Yes,No,Yes,No,No,No,No
CUST_00174,54,55,80.68598078009285,7927.819567425978,One year,Fiber optic,Yes,No,No,Yes,Yes,Yes,No
CUST_00175,64,33,68.8779388229666,1319.7781684032327,Month-to-month,No,Yes,No,Yes,No,No,No,Yes
CUST_00176,31,30,60.79943622481523,2551.990161513045,One year,DSL,Yes,No,Yes,No,Yes,Yes,No
CUST_00177,20,51,41.12850375699378,2655.9070614503094,Two year,Fiber optic,Yes,No,Yes,No,No,No,No
CUST_00178,18,0,68.25055913821134,352.48982249678744,Month-to-month,DSL,No,Yes,No,No,Yes,Yes,Yes
CUST_00179,22,54,54.110271380245806,404.6951713959216,One year,Fiber optic,No,Yes,No,No,No,Yes,No
CUST_00180,43,21,74.1595462798343,8103.4597474964685,One year,No,No,Yes,Yes,No,No,No,Yes
CUST_00181,72,39,87.5189415511624,4897.1779154845335,One year,Fiber optic,Yes,Yes,No,Yes,No,No,Yes
CUST_00182,31,0,83.33121744366106,2675.84590000039,One year,DSL,Yes,No,Yes,Yes,No,No,No
CUST_00183,56,64,66.24902104055934,3280.86714993531,One year,DSL,No,No,Yes,Yes,No,No,No
CUST_00184,44,62,75.6052424279961,6104.680602298204,Two year,DSL,No,Yes,No,No,No,Yes,Yes
CUST_00185,26,53,48.485613096075966,3178.744509858811,Two year,No,Yes,Yes,Yes,No,Yes,Yes,Yes
CUST_00186,32,41,22.42402590223897,2013.1873859836214,Two year,No,No,Yes,Yes,Yes,No,No,Yes
CUST_00187,32,20,82.50194541681041,955.433669438315,Two year,DSL,Yes,Yes,No,Yes,Yes,Yes,No
CUST_00188,43,21,45.256855913768696,6223.037298431512,Two year,DSL,No,Yes,Yes,No,No,No,No
CUST_00189,59,37,86.89537100682745,1616.7461400718878,Two year,Fiber optic,Yes,No,Yes,No,No,Yes,No
CUST_00190,77,7,94.70084995969593,685.0454673808997,Two year,Fiber optic,Yes,Yes,No,No,Yes,No,Yes
CUST_00191,30,61,111.59277461037811,3686.4173421704068,One year,Fiber optic,Yes,No,Yes,No,Yes,No,Yes
CUST_00192,68,46,115.8122795479613,432.39607921537174,Two year,DSL,Yes,No,Yes,No,Yes,Yes,Yes
CUST_00193,49,16,21.052604630970144,8205.98369008025,One year,Fiber optic,No,Yes,Yes,No,No,Yes,No
CUST_00194,56,16,119.03742093546374,5369.260927628654,Month-to-month,DSL,Yes,No,Yes,Yes,No,Yes,No
CUST_00195,66,12,88.30183184941609,1382.6532077511108,Two year,No,Yes,No,No,Yes,Yes,No,No
CUST_00196,69,16,84.35241603741892,1548.6143261670709,One year,Fiber optic,No,No,Yes,No,Yes,Yes,No
CUST_00197,78,37,21.521309519535542,4886.559234291901,Month-to-month,DSL,No,No,Yes,Yes,Yes,Yes,No
CUST_00198,49,44,106.12334118867375,3095.152361637466,Month-to-month,DSL,No,Yes,No,Yes,No,No,No
CUST_00199,21,5,34.549144724782636,6603.840651176795,One year,No,Yes,No,No,No,Yes,Yes,No
CUST_00200,47,34,103.7330153933041,4684.7744791989,One year,No,Yes,No,Yes,Yes,Yes,No,No
CUST_00201,54,13,21.5562546258716,3740.004554409507,One year,No,No,Yes,No,No,No,Yes,No
CUST_00202,40,71,84.59642624991614,8189.034083748282,Two year,No,No,Yes,No,No,Yes,No,No
CUST_00203,56,60,63.48015337698278,3382.1240721613876,Month-to-month,Fiber optic,No,Yes,Yes,Yes,No,No,No
CUST_00204,62,14,40.07667290593351,3465.1317598976857,Two year,No,Yes,No,Yes,Yes,Yes,Yes,No
CUST_00205,32,53,30.756139177043412,5692.488336910628,Two year,DSL,No,Yes,No,Yes,Yes,Yes,Yes
CUST_00206,60,26,64.01276965463265,6899.620106626213,Two year,DSL,No,No,No,No,Yes,Yes,No
CUST_00207,46,12,32.33058053214248,5360.20592321178,Month-to-month,DSL,Yes,Yes,Yes,No,Yes,No,No
CUST_00208,53,30,68.64466116910475,5968.325865257199,Month-to-month,DSL,Yes,No,Yes,No,Yes,Yes,No
CUST_00209,30,34,82.52170586528523,3232.6251759595334,Month-to-month,DSL,Yes,Yes,No,No,No,No,No
CUST_00210,49,59,102.73841936073582,4127.773426417381,One year,No,No,Yes,No,Yes,Yes,Yes,No
CUST_00211,24,5,87.86494371828667,1755.0947263308917,Two year,DSL,Yes,No,Yes,Yes,Yes,No,No
CUST_00212,76,68,26.519976670615044,5814.070521867598,One year,No,Yes,Yes,No,Yes,Yes,Yes,No
CUST_00213,68,57,50.743253254783724,1960.1962995843594,One year,No,No,Yes,No,No,Yes,Yes,No
CUST_00214,39,48,48.79786079325004,110.55708130801393,Two year,No,Yes,No,No,No,No,Yes,No
CUST_00215,45,22,111.50324234710843,7943.60180637671,Month-to-month,No,No,Yes,Yes,Yes,Yes,No,No
CUST_00216,19,33,106.77820443927635,2670.528026202252,Two year,Fiber optic,No,Yes,No,No,No,No,Yes
CUST_00217,59,25,57.01479183504169,1751.7091567144194,One year,Fiber optic,Yes,No,No,No,No,No,No
CUST_00218,62,46,27.11552558825811,2352.4325401125175,Month-to-month,Fiber optic,No,No,Yes,Yes,No,No,No
CUST_00219,79,4,109.41073178047334,2875.7606599966393,Month-to-month,Fiber optic,No,Yes,No,Yes,No,Yes,No
CUST_00220,74,19,108.81899529641872,4086.189982164659,One year,Fiber optic,No,Yes,Yes,No,Yes,No,No
CUST_00221,70,5,105.47461320307251,682.5540365562117,Month-to-month,DSL,Yes,No,Yes,No,No,Yes,Yes
CUST_00222,23,69,104.50816377355017,542.4545121257873,Month-to-month,Fiber optic,No,No,Yes,Yes,Yes,Yes,No
CUST_00223,45,58,68.02540010861547,2560.4504305198097,Two year,DSL,No,Yes,Yes,No,No,No,No
CUST_00224,45,63,37.743165224959824,2584.435502055605,Two year,DSL,Yes,No,No,Yes,No,Yes,Yes
CUST_00225,61,17,67.74880504624278,1088.2283136395745,One year,No,Yes,Yes,Yes,Yes,No,Yes,Yes
CUST_00226,61,3,69.45977706694649,3500.2493922924878,One year,No,No,Yes,No,Yes,No,Yes,Yes
CUST_00227,37,16,68.99317532448607,2485.840812903371,One year,No,No,No,Yes,No,No,Yes,No
CUST_00228,47,13,73.87725861151162,318.86664347858886,Month-to-month,Fiber optic,Yes,No,No,Yes,Yes,Yes,No
CUST_00229,79,12,45.76570229911551,7540.054555537331,One year,DSL,No,No,Yes,Yes,Yes,No,Yes
CUST_00230,28,6,56.624118113361504,7542.559751566159,Two year,Fiber optic,Yes,No,No,Yes,Yes,No,No
CUST_00231,75,43,63.41865919634695,1857.130924473182,Month-to-month,No,Yes,Yes,Yes,Yes,No,No,Yes
CUST_00232,72,14,33.112120951649985,1468.1267165805223,One year,No,Yes,No,Yes,No,No,Yes,No
CUST_00233,45,18,65.53641345615006,4697.259220514647,Month-to-month,DSL,No,Yes,Yes,Yes,Yes,Yes,No
CUST_00234,42,62,101.0469617069593,5398.329425044019,Month-to-month,DSL,Yes,Yes,Yes,Yes,No,No,No
CUST_00235,56,34,102.80595427328763,8143.3574825554115,Month-to-month,No,Yes,Yes,Yes,Yes,No,Yes,Yes
CUST_00236,79,34,61.15637719010303,3269.727035774425,One year,Fiber optic,Yes,Yes,No,No,No,No,No
CUST_00237,50,18,71.88083120843535,5292.8828800622905,Month-to-month,Fiber optic,No,Yes,Yes,No,Yes,Yes,No
CUST_00238,18,19,23.365033213505665,7476.7207847562,Month-to-month,DSL,No,No,Yes,Yes,Yes,Yes,Yes
CUST_00239,74,34,87.44325564685968,3879.6118005591397,Month-to-month,No,Yes,No,No,Yes,No,No,No
CUST_00240,44,31,60.4605882946863,1127.7043097215387,Two year,Fiber optic,Yes,Yes,No,Yes,Yes,Yes,No
CUST_00241,79,47,64.54776830833458,3270.5572009717835,One year,DSL,No,No,Yes,Yes,No,Yes,No
CUST_00242,74,43,107.36727271797648,1247.1621843077232,Two year,DSL,No,No,Yes,No,Yes,No,No
CUST_00243,69,23,66.18344345606084,239.7714992963824,Month-to-month,DSL,No,Yes,Yes,Yes,Yes,No,No
CUST_00244,30,60,22.119224622785275,6413.045673331821,Month-to-month,Fiber optic,Yes,Yes,No,No,Yes,No,Yes
CUST_00245,58,16,42.74908908690624,2102.7590841609867,Two year,DSL,No,No,No,Yes,Yes,No,No
CUST_00246,20,70,67.5620614308259,116.85918504738196,Month-to-month,Fiber optic,Yes,Yes,Yes,No,No,No,No
CUST_00247,56,49,62.43962927485357,7428.431803295218,Two year,DSL,Yes,No,Yes,No,Yes,No,No
CUST_00248,23,64,106.03701372804807,3827.8262433236096,Month-to-month,Fiber optic,No,No,Yes,No,Yes,Yes,Yes
CUST_00249,25,31,74.21375093061667,2106.422988919092,Month-to-month,No,Yes,Yes,No,No,No,Yes,No
CUST_00250,44,35,88.9635741915121,2307.4357677855214,Month-to-month,Fiber optic,Yes,No,Yes,No,No,No,No
CUST_00251,26,12,66.93232970434701,2120.518303762422,Month-to-month,No,No,No,Yes,No,Yes,Yes,No
CUST_00252,79,69,63.965573405916494,1734.2717539898847,One year,DSL,Yes,Yes,Yes,Yes,No,Yes,Yes
CUST_00253,54,57,64.62866684743513,7166.30028642409,One year,Fiber optic,Yes,Yes,Yes,No,Yes,No,No
CUST_00254,50,13,61.092156969383886,1530.7857287069041,One year,DSL,No,No,Yes,No,Yes,Yes,No
CUST_00255,68,36,73.85833858542034,4819.5793445869485,Two year,No,Yes,Yes,Yes,Yes,Yes,Yes,Yes
CUST_00256,59,67,45.04434017536037,749.4900552463737,Two year,DSL,No,No,Yes,No,Yes,Yes,No
CUST_00257,61,39,109.10551938418209,8075.979559900242,Two year,DSL,No,Yes,No,Yes,No,No,No
CUST_00258,41,58,53.30855480938729,5167.836797345743,Two year,DSL,Yes,Yes,No,No,No,Yes,No
CUST_00259,32,15,34.752383417734684,7686.481094099263,One year,No,Yes,No,No,No,Yes,No,No
CUST_00260,76,61,29.655047859774513,3442.1733475941596,Two year,No,No,No,No,No,No,No,No
CUST_00261,71,3,21.34229151201276,6909.645276804255,Two year,Fiber optic,No,No,No,Yes,No,Yes,No
CUST_00262,49,44,62.28560785668615,7270.697627374214,Two year,Fiber optic,Yes,Yes,Yes,No,Yes,Yes,Yes
CUST_00263,49,27,38.76109885454247,6004.774045900827,Month-to-month,Fiber optic,Yes,No,No,No,Yes,No,No
CUST_00264,41,65,22.164790258724793,880.7587182111332,Two year,Fiber optic,Yes,Yes,Yes,Yes,Yes,No,Yes
CUST_00265,58,30,72.00195462895238,235.07272580961015,Month-to-month,DSL,No,Yes,No,No,Yes,No,No
CUST_00266,69,2,87.99785486507615,1515.9012452722632,Two year,No,Yes,No,Yes,No,No,Yes,No
CUST_00267,66,7,28.575105091110437,1092.012758520099,Two year,No,Yes,No,No,No,Yes,No,Yes
CUST_00268,79,23,66.09207729196596,6191.156379278687,Month-to-month,DSL,Yes,Yes,No,Yes,Yes,No,No
CUST_00269,66,14,94.36286786007467,4778.857293790479,Two year,Fiber optic,Yes,No,Yes,No,No,No,No
CUST_00270,75,42,118.58068210084251,4517.987262183089,Month-to-month,No,No,Yes,No,No,Yes,No,Yes
CUST_00271,69,30,86.71903446425608,2224.0853227563803,Two year,DSL,No,Yes,Yes,No,Yes,No,Yes
CUST_00272,29,44,44.48395508095206,1398.7033085911498,Two year,DSL,Yes,Yes,Yes,No,No,Yes,Yes
CUST_00273,79,65,91.65536397789995,1835.0029460587255,Month-to-month,Fiber optic,Yes,No,No,Yes,No,Yes,No
CUST_00274,56,7,79.79294268198299,3462.326862281633,One year,Fiber optic,No,Yes,No,No,Yes,Yes,Yes
CUST_00275,19,70,41.179928858154774,6317.202936792004,Month-to-month,No,Yes,Yes,No,No,Yes,No,Yes
CUST_00276,20,56,105.11108258475547,2237.9395789063474,One year,No,No,No,Yes,Yes,No,No,Yes
CUST_00277,66,29,62.740442722760086,5968.349210573249,Month-to-month,Fiber optic,No,No,No,No,Yes,Yes,No
CUST_00278,54,17,116.19776547341259,4228.699291400685,One year,No,No,No,Yes,Yes,No,Yes,No
CUST_00279,66,68,92.2901007447778,7537.703127490661,Two year,Fiber optic,No,Yes,No,Yes,No,Yes,Yes
CUST_00280,73,38,84.45631546318221,2056.48231146788,One year,DSL,Yes,No,No,Yes,Yes,No,Yes
CUST_00281,34,59,92.83528374765619,3887.196133987915,Two year,DSL,No,Yes,Yes,Yes,No,No,No
CUST_00282,76,42,67.80970188182215,911.984044191637,Month-to-month,DSL,Yes,Yes,No,No,Yes,Yes,No
CUST_00283,66,44,70.5226477801674,2915.2863980274933,One year,No,Yes,Yes,No,No,No,Yes,Yes
CUST_00284,19,22,105.12073854447439,4357.795729870505,Two year,Fiber optic,No,No,Yes,No,No,No,No
CUST_00285,19,68,88.09285366435029,6255.017800420656,Month-to-month,DSL,No,Yes,No,No,Yes,No,Yes
CUST_00286,45,5,109.72433251916418,1763.8478084925068,One year,DSL,No,Yes,Yes,Yes,Yes,No,No
CUST_00287,71,55,109.08267535742685,1931.9738786143132,Two year,No,Yes,No,No,No,No,Yes,No
CUST_00288,40,3,117.64900340442492,5405.253860376814,One year,No,No,Yes,No,Yes,Yes,Yes,Yes
CUST_00289,54,22,90.02146588453341,3312.6453810162175,One year,DSL,No,No,No,No,No,No,No
CUST_00290,49,5,70.23017176617421,4149.5968847517215,Two year,No,No,No,No,No,Yes,Yes,Yes
CUST_00291,50,31,36.631170020908236,7123.532897741422,Two year,No,Yes,No,Yes,Yes,Yes,Yes,No
CUST_00292,18,17,90.53805596474173,4292.299728942011,Month-to-month,No,No,No,Yes,No,Yes,No,No
CUST_00293,36,14,49.157771675993075,5580.994797117038,Two year,No,No,Yes,No,No,Yes,No,No
CUST_00294,79,39,48.29475680373312,5616.910349943767,Two year,Fiber optic,No,Yes,Yes,Yes,No,Yes,No
CUST_00295,19,5,43.828777644806806,6850.3403208305535,One year,No,Yes,Yes,No,No,Yes,No,Yes
CUST_00296,70,62,107.51220573514502,5460.371703324603,Two year,No,No,Yes,Yes,No,Yes,Yes,No
CUST_00297,61,66,106.79644466821583,644.402535492445,One year,Fiber optic,Yes,No,No,No,Yes,Yes,Yes
CUST_00298,43,10,83.09704448700582,2974.253054569457,One year,No,Yes,Yes,Yes,Yes,Yes,No,No
CUST_00299,49,42,67.2980981370736,8410.255941477364,Two year,No,Yes,No,Yes,No,Yes,Yes,No
CUST_00300,23,16,87.21144600987991,1750.6864259865176,Two year,DSL,Yes,Yes,Yes,Yes,Yes,Yes,Yes
CUST_00301,49,3,80.72294502983907,5028.524258683384,Two year,DSL,Yes,Yes,Yes,Yes,Yes,No,No
CUST_00302,72,62,61.57342483233874,7180.701374968997,Two year,DSL,No,No,No,No,No,No,No
CUST_00303,21,67,57.963086748563434,5027.091910277773,Month-to-month,Fiber optic,No,Yes,Yes,No,No,No,Yes
CUST_00304,72,40,58.27943081453502,3227.070168264089,One year,No,Yes,Yes,Yes,Yes,Yes,No,Yes
CUST_00305,28,4,78.91334031560382,773.9199268287282,Month-to-month,Fiber optic,Yes,No,Yes,No,No,Yes,No
CUST_00306,73,31,84.76693561208259,3137.985181303198,Month-to-month,Fiber optic,Yes,Yes,Yes,No,Yes,Yes,No
CUST_00307,76,69,65.17417535154419,1629.3670972240325,One year,No,Yes,Yes,Yes,Yes,No,Yes,No
CUST_00308,34,34,116.8691450213043,8171.247656768632,Month-to-month,No,No,Yes,Yes,No,Yes,Yes,No
CUST_00309,55,21,28.384571800448104,6106.267469089606,Two year,DSL,No,No,Yes,No,Yes,Yes,No
CUST_00310,41,64,54.704702595377704,6394.818496622843,Two year,No,Yes,No,No,Yes,Yes,No,Yes
CUST_00311,22,21,61.9074683125441,3762.1418344031763,Two year,Fiber optic,Yes,Yes,No,Yes,No,No,No
CUST_00312,69,10,21.692134346494313,1023.7045563063317,Two year,DSL,Yes,Yes,No,No,Yes,No,No
CUST_00313,51,2,56.49571876682251,2340.4184838054966,One year,Fiber optic,No,Yes,Yes,No,Yes,Yes,No
CUST_00314,23,8,47.370991717284255,2281.5732741571733,Two year,No,Yes,No,Yes,Yes,Yes,No,Yes
CUST_00315,39,59,70.60362702274807,4188.946546732966,One year,DSL,No,Yes,No,No,Yes,Yes,Yes
CUST_00316,28,13,53.64105471832693,3972.2302082242,One year,No,No,No,No,Yes,Yes,No,No
CUST_00317,65,17,92.61821349464613,3740.629025923459,One year,DSL,Yes,No,No,No,No,No,No
CUST_00318,33,22,70.99324954076485,4266.210720219025,One year,DSL,No,Yes,Yes,No,No,No,No
CUST_00319,50,46,32.97622334962644,8390.99388864439,Month-to-month,DSL,Yes,No,No,Yes,No,No,No
CUST_00320,26,68,95.00613241443472,2606.17049748422,Month-to-month,No,No,No,No,No,Yes,No,Yes
CUST_00321,77,46,29.92288960826766,5268.260946886136,Two year,DSL,Yes,No,Yes,Yes,Yes,Yes,No
CUST_00322,76,29,103.90491680793573,2111.8650499385603,One year,DSL,Yes,No,No,No,Yes,Yes,No
CUST_00323,23,24,113.14221940862194,4019.4926337799293,Two year,No,Yes,No,No,No,No,Yes,Yes
CUST_00324,33,27,52.24452901848539,1780.4135584295493,Two year,Fiber optic,Yes,Yes,Yes,Yes,Yes,Yes,No
CUST_00325,46,24,112.61426332629308,4788.814776517965,Two year,No,Yes,No,Yes,Yes,No,Yes,Yes
CUST_00326,20,57,99.30081591225382,2326.099006462807,Two year,No,Yes,No,No,Yes,Yes,Yes,Yes
CUST_00327,37,40,112.243561100377,409.02690043817853,One year,DSL,No,No,No,Yes,Yes,No,No
CUST_00328,77,24,86.62701369208477,6948.277168371687,One year,No,No,No,No,No,No,No,No
CUST_00329,76,47,43.564403942142185,1177.3429418115072,Month-to-month,No,Yes,No,No,Yes,Yes,No,No
CUST_00330,53,9,109.45232369109726,3191.525912582007,One year,No,No,Yes,Yes,Yes,Yes,Yes,Yes
CUST_00331,36,10,38.42650761707437,4108.2919165341045,One year,DSL,Yes,Yes,Yes,Yes,No,Yes,No
CUST_00332,43,20,41.30605510175355,3732.83200354419,Two year,No,No,No,Yes,Yes,No,Yes,No
CUST_00333,20,44,47.106299014036374,6195.592414996076,One year,DSL,No,Yes,Yes,No,No,No,No
CUST_00334,36,6,50.42463114865846,5112.923405819933,Two year,No,Yes,No,Yes,Yes,Yes,No,No
CUST_00335,37,63,71.44796421310306,2581.117934742882,One year,DSL,Yes,Yes,Yes,Yes,Yes,No,No
CUST_00336,49,63,91.3457360434044,534.3051986616294,Month-to-month,DSL,No,Yes,No,No,No,No,No
CUST_00337,24,1,112.62081744006836,6547.798993326681,Two year,No,No,No,No,No,No,No,No
CUST_00338,69,41,28.843758733550246,3061.227864098742,One year,Fiber optic,No,No,No,Yes,Yes,No,Yes
CUST_00339,58,53,115.43693622282359,7573.687824399742,One year,No,No,No,Yes,No,Yes,Yes,No
CUST_00340,50,15,112.13229670968134,3418.4768982673036,Two year,Fiber optic,No,No,No,No,Yes,Yes,No
CUST_00341,57,17,25.399929218103892,6128.332291556741,Month-to-month,DSL,No,Yes,Yes,Yes,Yes,No,Yes
CUST_00342,56,58,56.03211376915627,7992.343507171306,Month-to-month,Fiber optic,Yes,No,Yes,Yes,Yes,No,No
CUST_00343,35,15,101.31433902993365,5569.68058533803,One year,Fiber optic,No,Yes,Yes,Yes,No,Yes,No
CUST_00344,57,5,81.15765454794011,3573.3068725390403,One year,DSL,Yes,No,Yes,Yes,Yes,No,No
CUST_00345,18,56,97.90939433817704,4866.15385780192,One year,Fiber optic,No,No,Yes,Yes,Yes,Yes,No
CUST_00346,28,46,91.90333387898875,4664.939583751898,Two year,No,Yes,Yes,No,No,No,No,No
CUST_00347,45,47,69.67701131271636,5012.488307888248,Two year,Fiber optic,Yes,No,Yes,Yes,No,No,No
CUST_00348,74,41,24.121804595169955,1333.2878793873047,Two year,DSL,Yes,No,No,No,Yes,No,No
CUST_00349,42,59,78.4268202064501,5967.483012171004,One year,Fiber optic,Yes,Yes,Yes,No,Yes,No,Yes
CUST_00350,67,3,24.856665305929596,1318.3634820211723,Month-to-month,DSL,No,Yes,No,No,Yes,Yes,No
CUST_00351,40,1,80.37267175351309,222.7818282679575,Two year,DSL,Yes,No,No,Yes,No,Yes,No
CUST_00352,48,58,100.04108624936782,5348.152845746134,Month-to-month,No,Yes,Yes,No,No,Yes,No,No
CUST_00353,47,26,78.49917487019187,1082.0740062749678,One year,DSL,No,No,No,Yes,Yes,Yes,No
CUST_00354,59,26,119.70218045616971,6571.457748374695,Two year,Fiber optic,No,Yes,No,Yes,Yes,No,No
CUST_00355,52,71,65.58665001804331,7374.114009406892,Two year,No,No,No,Yes,Yes,No,Yes,No
CUST_00356,24,6,94.88274636039874,8035.789038384981,Two year,No,Yes,Yes,No,No,Yes,Yes,No
CUST_00357,77,62,86.72132917419074,5681.6064884136895,One year,Fiber optic,No,Yes,Yes,No,Yes,No,No
CUST_00358,33,45,119.14316915580879,4148.925100295355,One year,Fiber optic,Yes,Yes,No,No,Yes,Yes,No
CUST_00359,43,62,91.32190050771051,3059.1610779287125,One year,No,Yes,No,Yes,Yes,Yes,No,No
CUST_00360,65,11,36.40307314593894,4223.770789485178,Month-to-month,DSL,Yes,No,Yes,No,No,Yes,No
CUST_00361,74,12,115.55177064172409,1698.9587182266334,Month-to-month,No,No,No,Yes,No,Yes,No,No
CUST_00362,69,42,86.77772264457613,3026.7502414283817,Two year,No,Yes,Yes,No,Yes,No,Yes,No
CUST_00363,77,16,25.933823080638987,6130.6164086097815,Two year,No,Yes,Yes,Yes,Yes,No,No,No
CUST_00364,66,62,85.75683057846125,1926.3529575273906,One year,DSL,Yes,Yes,No,Yes,No,Yes,Yes
CUST_00365,19,35,108.3119406674775,2318.163939658786,One year,Fiber optic,No,Yes,Yes,No,Yes,No,No
CUST_00366,18,7,77.7041861990025,6394.357347945929,One year,Fiber optic,No,No,No,Yes,Yes,No,Yes
CUST_00367,65,68,55.40196380320112,1593.8218609486546,Two year,Fiber optic,Yes,Yes,Yes,No,Yes,Yes,No
CUST_00368,79,35,102.09096340706161,2165.4557263763727,One year,DSL,Yes,Yes,No,Yes,No,Yes,Yes
CUST_00369,29,27,98.25120082058294,247.39952771026296,Month-to-month,DSL,Yes,No,Yes,No,Yes,Yes,Yes
CUST_00370,22,46,74.41821542313008,6148.433436094897,Month-to-month,Fiber optic,Yes,No,Yes,No,No,No,No
CUST_00371,54,29,35.43617698959004,5290.3899507580445,Two year,Fiber optic,No,Yes,Yes,No,No,No,Yes
CUST_00372,49,22,45.09864855231814,5932.837801096946,Two year,Fiber optic,Yes,Yes,No,No,No,Yes,No
CUST_00373,76,15,93.84839721861057,1900.3532004078304,Month-to-month,Fiber optic,No,Yes,Yes,Yes,Yes,Yes,No
CUST_00374,72,13,100.60821653949274,5873.96168211412,One year,DSL,Yes,No,Yes,No,Yes,Yes,No
CUST_00375,26,70,47.92652780409898,5109.563588623356,Two year,Fiber optic,Yes,Yes,Yes,No,No,No,No
CUST_00376,58,51,56.798507718678664,3175.433025464828,Two year,No,No,Yes,Yes,Yes,No,Yes,No
CUST_00377,52,36,27.763188524979512,3777.7368177289995,Two year,Fiber optic,Yes,Yes,No,Yes,No,No,Yes
CUST_00378,36,28,91.34619483664999,4870.532227496628,Month-to-month,DSL,Yes,No,No,Yes,Yes,No,No
CUST_00379,65,66,20.357754460003136,4243.654279135476,Two year,No,No,Yes,No,No,No,No,No
CUST_00380,33,14,24.654152121906808,5491.355754142717,Month-to-month,No,Yes,No,Yes,No,Yes,No,Yes
CUST_00381,20,46,20.43440677840899,1620.228451890359,Month-to-month,No,No,No,No,Yes,Yes,No,No
CUST_00382,37,45,84.53195833376168,4641.963621296054,One year,DSL,No,No,Yes,Yes,No,No,No
CUST_00383,41,51,61.738712770054654,3882.3476560621425,One year,Fiber optic,Yes,No,Yes,Yes,Yes,No,No
CUST_00384,71,18,49.754676134333025,3972.5721497175855,One year,DSL,No,No,Yes,No,Yes,No,Yes
CUST_00385,73,20,111.27010103571104,4042.8092248938005,Two year,DSL,No,Yes,No,No,No,No,No
CUST_00386,50,63,39.28027946766066,7504.364496107464,Month-to-month,No,Yes,Yes,Yes,Yes,Yes,Yes,Yes
CUST_00387,41,36,58.936801038140054,6976.470505547571,Two year,No,Yes,No,No,No,Yes,Yes,No
CUST_00388,69,26,114.03118009277517,5388.387673832509,Month-to-month,DSL,Yes,No,Yes,No,Yes,No,No
CUST_00389,28,54,62.71065628370424,6118.490259059898,Two year,No,No,Yes,No,Yes,Yes,Yes,No
CUST_00390,66,28,75.46936856470577,459.54214297209575,Month-to-month,DSL,Yes,No,No,No,Yes,Yes,No
CUST_00391,25,19,28.03368665694876,6349.530442789217,One year,No,No,Yes,No,No,Yes,Yes,No
CUST_00392,53,24,99.01663868934622,4183.783383010648,One year,Fiber optic,Yes,Yes,Yes,Yes,Yes,No,No
CUST_00393,55,69,62.27587770882381,2769.0795422042715,Two year,Fiber optic,Yes,No,No,Yes,No,No,No
CUST_00394,57,62,100.05151245984834,1274.1265138804006,Month-to-month,Fiber optic,Yes,Yes,No,Yes,No,Yes,Yes
CUST_00395,37,35,45.37976425559921,731.7538389567311,One year,No,No,Yes,Yes,Yes,Yes,No,No
CUST_00396,79,1,62.247875056141005,477.0397581724742,Month-to-month,No,No,Yes,No,Yes,Yes,No,Yes
CUST_00397,52,21,98.65489363650103,1459.0878690780225,Two year,Fiber optic,No,No,No,No,No,No,Yes
CUST_00398,65,15,117.38777670436397,353.20787630102984,One year,DSL,Yes,Yes,No,No,Yes,No,No
CUST_00399,79,17,25.96255243872689,6254.194836517176,Two year,DSL,Yes,Yes,Yes,No,Yes,Yes,No
CUST_00400,42,68,101.24561774189043,2188.3585997826135,Two year,Fiber optic,Yes,Yes,No,Yes,Yes,Yes,Yes
CUST_00401,52,53,50.06890676271102,3197.419586228877,Month-to-month,No,Yes,No,No,Yes,Yes,Yes,No
CUST_00402,42,29,75.07432808910721,7010.816196053416,Two year,DSL,Yes,No,No,No,No,Yes,No
CUST_00403,46,44,49.00922649507479,1063.1229708065616,Two year,DSL,Yes,No,Yes,No,No,No,No
CUST_00404,35,18,81.34454725679902,7118.989853984187,Month-to-month,DSL,Yes,No,No,Yes,Yes,No,No
CUST_00405,63,33,55.38028306439755,5472.13894462242,Month-to-month,No,No,Yes,No,Yes,No,No,No
CUST_00406,35,12,53.36148909776815,2973.0479226786656,Two year,DSL,Yes,Yes,Yes,No,Yes,No,No
CUST_00407,19,42,23.793831293593552,1089.5805897685477,One year,DSL,Yes,Yes,No,No,No,No,No
CUST_00408,71,61,34.69604059038115,868.5386576636648,One year,Fiber optic,No,Yes,No,No,Yes,No,No
CUST_00409,52,21,111.70781988654788,2918.3205070662934,Month-to-month,No,Yes,No,No,Yes,No,No,No
CUST_00410,33,51,119.82774288732463,1278.8725708315849,Two year,Fiber optic,Yes,No,Yes,No,Yes,No,No
CUST_00411,78,51,98.05205758696064,2348.7664903923082,One year,DSL,No,No,No,No,Yes,No,No
CUST_00412,58,35,48.68126247734868,544.8287237911261,Month-to-month,No,Yes,Yes,Yes,Yes,No,No,No
CUST_00413,53,18,60.244513844359254,5098.070742252271,Month-to-month,No,No,No,No,No,No,Yes,No
CUST_00414,50,37,93.95034549060827,1320.3193824119578,Month-to-month,Fiber optic,Yes,No,No,Yes,Yes,Yes,No
CUST_00415,21,69,116.85135568831981,6456.551430255267,Two year,Fiber optic,No,Yes,Yes,No,No,No,Yes
CUST_00416,50,56,65.54711707293676,1932.6698007349657,Month-to-month,No,Yes,Yes,No,Yes,No,No,No
CUST_00417,31,19,102.95224152883746,6803.003266440762,One year,No,No,Yes,No,Yes,Yes,No,No
CUST_00418,38,8,117.50689225987169,1695.0086842972887,Two year,Fiber optic,Yes,No,Yes,Yes,No,Yes,No
CUST_00419,65,31,107.34731710560042,6159.479135090908,One year,DSL,No,Yes,Yes,Yes,Yes,No,No
CUST_00420,37,3,42.714974677132695,2897.8273088516576,One year,No,Yes,No,Yes,Yes,No,Yes,No
CUST_00421,73,49,20.80318638756229,4998.20795706767,One year,DSL,Yes,No,No,No,Yes,No,Yes
CUST_00422,25,4,69.20817053884151,424.7592403026028,Two year,Fiber optic,Yes,Yes,Yes,Yes,Yes,Yes,No
CUST_00423,24,19,73.13608316952669,4260.053248575763,One year,No,No,No,No,No,No,No,Yes
CUST_00424,20,36,40.12503645511696,1348.978315497331,Month-to-month,Fiber optic,No,No,Yes,Yes,Yes,Yes,No
CUST_00425,34,21,48.467439194681766,4185.089908891822,Month-to-month,No,Yes,Yes,Yes,No,Yes,No,No
CUST_00426,50,57,96.51531608485469,1287.4166994436575,One year,No,Yes,No,Yes,No,No,Yes,No
CUST_00427,65,67,67.03472587131338,3771.5486091707153,Month-to-month,Fiber optic,No,No,No,No,Yes,No,Yes
CUST_00428,29,43,51.73540836002566,1029.2148899512222,Two year,Fiber optic,No,No,No,Yes,No,No,No
CUST_00429,76,33,82.26260273619195,1947.5927489680846,Two year,DSL,No,Yes,No,No,No,No,No
CUST_00430,68,41,85.27597559761253,5098.66305823238,Month-to-month,Fiber optic,No,No,Yes,No,Yes,Yes,No
CUST_00431,39,8,96.93957768408022,8303.949352565194,Month-to-month,Fiber optic,No,Yes,No,Yes,No,Yes,No
CUST_00432,72,6,35.67092957629191,3873.1520544925647,Two year,DSL,No,Yes,No,No,No,Yes,No
CUST_00433,39,67,94.15172523269902,5872.2590179198205,One year,Fiber optic,Yes,No,Yes,No,Yes,Yes,No
CUST_00434,63,18,79.94283921104186,4631.1672367727515,Two year,DSL,Yes,Yes,No,Yes,No,No,No
CUST_00435,47,30,25.75718653027971,4286.206648073277,One year,DSL,Yes,No,Yes,Yes,Yes,No,Yes
CUST_00436,55,34,97.7445628253411,643.5152534547499,Month-to-month,Fiber optic,No,Yes,Yes,Yes,No,No,No
CUST_00437,55,56,58.30802813331851,1312.0981791123472,Month-to-month,DSL,No,Yes,No,Yes,Yes,Yes,No
CUST_00438,62,60,53.038093432963755,7517.684925553565,One year,DSL,Yes,No,Yes,No,No,No,No
CUST_00439,68,30,64.80751515816343,3545.3802463511474,One year,DSL,Yes,Yes,No,No,Yes,Yes,No
CUST_00440,71,52,54.61750773061291,5260.392803312244,Two year,Fiber optic,No,No,Yes,Yes,Yes,Yes,Yes
CUST_00441,25,31,53.828559220990904,4537.15915480565,One year,Fiber optic,Yes,No,No,No,No,Yes,Yes
CUST_00442,44,65,100.80776677006256,3282.6119882303724,Month-to-month,DSL,Yes,No,No,No,Yes,No,No
CUST_00443,44,58,32.45052543656922,3357.6589579318215,Month-to-month,Fiber optic,No,No,No,Yes,Yes,Yes,No
CUST_00444,51,9,117.06000678574586,4765.906049632851,Month-to-month,No,Yes,No,Yes,No,Yes,Yes,No
CUST_00445,38,1,75.49316443743433,1285.5911323962464,One year,DSL,Yes,Yes,No,No,No,Yes,No
CUST_00446,47,65,38.29239984213129,3352.975938137246,One year,No,No,No,Yes,Yes,Yes,Yes,No
CUST_00447,50,59,33.12154829316865,3854.5947829830084,Month-to-month,Fiber optic,No,No,No,No,No,Yes,Yes
CUST_00448,45,16,79.15095321349825,8375.060278879444,One year,No,No,No,No,Yes,No,No,Yes
CUST_00449,64,15,83.2999443846928,3052.220062000029,Two year,Fiber optic,No,No,Yes,No,No,Yes,No
CUST_00450,50,15,25.302577102981076,5514.4627253992985,Two year,Fiber optic,Yes,Yes,No,No,Yes,Yes,Yes
CUST_00451,22,45,44.300191412878576,1254.2901985423325,One year,DSL,Yes,Yes,No,Yes,No,Yes,Yes
CUST_00452,77,38,99.54619212214673,650.0436073738406,One year,No,No,Yes,Yes,No,Yes,Yes,No
CUST_00453,78,30,24.96246277435255,7420.952917610335,Month-to-month,DSL,No,Yes,No,Yes,No,No,Yes
CUST_00454,65,0,105.50886639060361,6238.173180207767,One year,No,No,No,No,Yes,No,Yes,No
CUST_00455,36,10,85.81624765263335,2766.9940157943797,Month-to-month,Fiber optic,Yes,No,Yes,Yes,No,No,Yes
CUST_00456,21,3,63.44232593632048,4338.455224336723,Two year,Fiber optic,Yes,No,No,No,Yes,Yes,No
CUST_00457,52,70,54.64328489709159,1240.251149395444,One year,DSL,Yes,No,No,No,No,Yes,Yes
CUST_00458,66,25,21.924896384889397,6040.146469439226,Two year,No,No,No,Yes,Yes,Yes,Yes,No
CUST_00459,34,49,102.5214945751843,690.7769735344873,One year,No,No,No,Yes,Yes,Yes,No,No
CUST_00460,61,11,34.27218539685381,6459.0776783060965,One year,Fiber optic,Yes,No,No,Yes,No,No,Yes
CUST_00461,45,64,50.95419918620881,4693.426686267887,Month-to-month,DSL,Yes,No,Yes,No,No,Yes,Yes
CUST_00462,47,46,76.91069803628038,2442.344452728824,Month-to-month,Fiber optic,No,No,No,Yes,No,No,No
CUST_00463,46,52,44.59926000712542,7345.6245741162365,One year,Fiber optic,No,No,Yes,No,Yes,No,No
CUST_00464,63,70,69.71404637522014,8383.003710846377,One year,DSL,No,Yes,No,Yes,Yes,No,No
CUST_00465,70,1,100.93428287387023,2236.532450060159,Month-to-month,No,No,Yes,Yes,No,Yes,Yes,No
CUST_00466,23,23,67.05379347902749,6872.467656521833,Two year,No,No,No,No,No,No,No,No
CUST_00467,52,3,114.8977344119596,6401.397057562242,One year,Fiber optic,No,No,No,No,Yes,No,No
CUST_00468,77,18,104.75006203763417,6376.397017287623,Month-to-month,No,No,Yes,No,No,Yes,No,No
CUST_00469,58,25,53.30392353633942,8140.779136465829,One year,DSL,No,No,Yes,No,Yes,No,Yes
CUST_00470,54,39,59.99621245839378,4187.5835753367355,Month-to-month,No,Yes,No,Yes,No,Yes,No,No
CUST_00471,41,49,62.332672702252715,5763.0115406759,Two year,No,Yes,No,No,Yes,No,No,No
CUST_00472,46,42,82.61794529245148,7020.569854456755,One year,Fiber optic,Yes,No,Yes,Yes,No,Yes,No
CUST_00473,66,66,48.67957291885398,4128.1061383614215,One year,No,No,No,Yes,Yes,No,Yes,No
CUST_00474,63,11,116.92491388225086,4144.0221036208495,Two year,DSL,Yes,Yes,Yes,No,Yes,No,No
CUST_00475,70,66,80.8684220603501,2776.699934165751,One year,Fiber optic,Yes,No,Yes,No,Yes,No,No
CUST_00476,48,26,59.940165874113355,6658.935987747926,One year,DSL,Yes,Yes,Yes,No,No,Yes,Yes
CUST_00477,52,53,84.50098154915673,5864.044549358675,One year,No,No,No,Yes,Yes,No,No,No
CUST_00478,77,65,59.54050105297077,3889.5751558088195,Month-to-month,No,No,No,No,No,Yes,Yes,No
CUST_00479,50,48,101.77956809794189,3622.4279221493885,Month-to-month,Fiber optic,No,No,No,Yes,Yes,No,No
CUST_00480,69,15,76.78409605517213,709.7530026205966,One year,DSL,Yes,Yes,Yes,Yes,Yes,Yes,No
CUST_00481,78,1,24.1970503406067,154.60963335869033,Two year,No,Yes,Yes,Yes,Yes,No,Yes,No
CUST_00482,38,59,37.67568674234607,4542.709318867484,Two year,No,No,No,Yes,No,Yes,No,No
CUST_00483,49,53,106.49939730295347,3606.9399597534357,One year,Fiber optic,Yes,Yes,No,Yes,Yes,No,No
CUST_00484,40,29,76.289982635679,6786.7087831748195,Month-to-month,No,Yes,Yes,No,Yes,No,No,No
CUST_00485,50,37,115.0343476513905,4658.29407297982,Month-to-month,No,No,Yes,Yes,No,Yes,Yes,No
CUST_00486,20,27,27.24223128606848,7968.330764410694,One year,No,No,No,No,Yes,Yes,Yes,No
CUST_00487,35,24,49.52606300859739,1747.5827104323878,Month-to-month,DSL,No,Yes,No,Yes,No,Yes,No
CUST_00488,42,9,39.35433732395726,8417.262859234334,Month-to-month,DSL,No,Yes,No,Yes,Yes,Yes,No
CUST_00489,59,59,75.38402922287362,2602.521232221693,Two year,DSL,No,Yes,No,No,Yes,Yes,No
CUST_00490,48,41,58.279283107990935,5496.36137801577,One year,No,No,No,No,No,Yes,No,No
CUST_00491,71,39,35.72735340763932,4315.5711943798715,Month-to-month,Fiber optic,No,Yes,No,No,No,Yes,No
CUST_00492,75,41,84.27519139595469,3120.441770493695,Month-to-month,Fiber optic,No,Yes,Yes,No,No,Yes,No
CUST_00493,20,46,73.62983657971864,1270.1971394297516,Month-to-month,Fiber optic,No,No,No,Yes,Yes,No,No
CUST_00494,57,36,47.47362512963009,1232.606872198578,One year,DSL,No,No,Yes,No,Yes,No,No
CUST_00495,63,21,67.97713577823778,6076.648949976841,One year,DSL,No,No,Yes,No,Yes,Yes,Yes
CUST_00496,41,56,94.57383150411894,3272.187617001015,Month-to-month,DSL,No,Yes,No,Yes,No,Yes,No
CUST_00497,67,26,40.52716745506585,8174.902982716719,Two year,DSL,Yes,No,No,Yes,Yes,No,No
CUST_00498,49,40,49.29057467017291,2835.4472866532396,Two year,No,No,No,Yes,No,No,No,No
CUST_00499,64,33,54.611098709411515,8361.599262682888,One year,Fiber optic,Yes,Yes,No,Yes,Yes,Yes,No
CUST_00500,39,31,94.67264372010317,1825.555355400207,Two year,Fiber optic,Yes,No,Yes,Yes,No,Yes,Yes
CUST_00501,40,65,104.6922599550907,963.6408443408498,Month-to-month,DSL,Yes,Yes,Yes,No,No,No,No
CUST_00502,19,11,57.638849644161084,2725.58576159284,One year,Fiber optic,No,No,No,No,Yes,No,Yes
CUST_00503,44,39,49.66208618339182,7538.912231200147,One year,Fiber optic,No,No,No,Yes,No,No,No
CUST_00504,59,9,108.94467583516771,4483.556333760392,Two year,DSL,No,Yes,No,Yes,Yes,Yes,No
CUST_00505,19,47,119.93649321926787,1239.4608898725476,One year,DSL,No,Yes,Yes,No,No,Yes,No
CUST_00506,43,19,87.0353639661799,1800.9920166743984,Two year,DSL,Yes,Yes,Yes,No,Yes,Yes,No
CUST_00507,34,38,118.99806149891808,2714.5895620563315,Two year,DSL,Yes,Yes,No,No,No,No,No
CUST_00508,57,59,85.99662778019099,5057.400597626745,Month-to-month,No,No,No,No,Yes,No,Yes,Yes
CUST_00509,50,65,93.34602720078249,2891.9830949720135,Two year,Fiber optic,No,No,No,Yes,No,Yes,No
CUST_00510,26,64,58.86560015435136,6375.254289550348,Two year,No,No,Yes,No,Yes,No,No,No
CUST_00511,60,50,63.29675469990535,5276.865871956491,One year,Fiber optic,No,No,Yes,No,Yes,Yes,Yes
CUST_00512,71,35,34.413566398939516,7440.119393768056,Month-to-month,No,Yes,Yes,No,No,No,Yes,No
CUST_00513,65,23,102.27500147651232,4308.07934141866,Month-to-month,DSL,No,No,Yes,No,No,No,Yes
CUST_00514,56,26,113.10590308872001,2881.8818784489695,Two year,No,Yes,Yes,No,No,No,No,No
CUST_00515,46,1,82.34381336941121,8468.681169546915,One year,DSL,No,Yes,Yes,No,No,No,No
CUST_00516,59,30,54.36473084453985,3087.319903181788,One year,DSL,No,Yes,Yes,Yes,No,Yes,No
CUST_00517,72,56,35.401632537436626,3700.262174156301,One year,No,No,Yes,Yes,Yes,Yes,Yes,No
CUST_00518,43,65,46.515622970531496,6896.668693007942,Month-to-month,Fiber optic,No,No,No,Yes,Yes,Yes,Yes
CUST_00519,52,28,45.54104208518433,844.5443647019779,Month-to-month,No,No,Yes,No,Yes,Yes,Yes,No
CUST_00520,67,14,81.3527884163573,3346.516890891523,Two year,DSL,No,Yes,No,Yes,No,No,No
CUST_00521,42,11,114.50374653636044,819.9647848815852,Two year,DSL,Yes,No,Yes,Yes,Yes,Yes,No
CUST_00522,41,27,24.827188695798146,1270.1692800511664,One year,Fiber optic,Yes,No,No,No,Yes,No,No
CUST_00523,30,23,20.1022299594448,138.9829341832582,Two year,Fiber optic,No,Yes,No,No,No,Yes,Yes
CUST_00524,77,20,80.01819443143256,180.1720576919518,One year,Fiber optic,Yes,No,No,No,Yes,No,Yes
CUST_00525,75,9,48.40604620797153,3294.4182718239567,Month-to-month,DSL,No,No,Yes,No,No,No,Yes
CUST_00526,24,17,108.05483423389569,6896.97596156132,Two year,No,Yes,Yes,No,Yes,Yes,Yes,Yes
CUST_00527,74,13,52.7250307905817,5030.836628970223,One year,Fiber optic,No,Yes,Yes,Yes,Yes,Yes,Yes
CUST_00528,53,33,48.973760052888935,5433.277970756205,Month-to-month,DSL,Yes,Yes,Yes,Yes,Yes,No,Yes
CUST_00529,62,57,46.95106212182973,4461.693595713046,One year,No,No,No,No,No,Yes,No,No
CUST_00530,37,21,34.48528272682441,6986.262411032693,Two year,Fiber optic,Yes,No,No,No,No,Yes,Yes
CUST_00531,18,69,78.15304742771106,7495.181291563864,One year,No,Yes,No,Yes,No,Yes,No,No
CUST_00532,25,35,36.821360233421004,7237.822116421152,Month-to-month,No,No,Yes,No,Yes,No,Yes,No
CUST_00533,63,44,62.463115979029084,6921.909688745527,Two year,DSL,No,Yes,Yes,Yes,No,Yes,No
CUST_00534,33,35,66.09720522556489,1634.789817931584,Month-to-month,DSL,No,No,Yes,No,Yes,Yes,Yes
CUST_00535,31,21,22.049204687797445,5088.560293067857,Two year,DSL,No,Yes,Yes,No,No,Yes,Yes
CUST_00536,29,60,21.68072798211425,4990.17084722631,One year,No,No,No,No,No,No,No,Yes
CUST_00537,68,55,72.02126887568292,4534.729631480185,Month-to-month,Fiber optic,Yes,No,Yes,No,No,No,No
CUST_00538,40,32,89.60347322291322,4138.827430092834,Month-to-month,Fiber optic,No,Yes,Yes,No,No,No,No
CUST_00539,32,44,114.21424822804046,849.0320083656213,One year,Fiber optic,No,Yes,No,No,Yes,No,No
CUST_00540,45,35,37.91192841569551,958.1711648122644,Month-to-month,DSL,Yes,No,Yes,Yes,No,No,No
CUST_00541,51,19,30.325880943608254,7679.165191701237,Month-to-month,Fiber optic,Yes,Yes,Yes,No,No,No,No
CUST_00542,19,17,25.20879069271509,5393.5660886180685,Month-to-month,Fiber optic,Yes,Yes,No,Yes,Yes,Yes,Yes
CUST_00543,49,37,63.60415829129502,2303.464601783254,Month-to-month,DSL,No,Yes,Yes,Yes,No,Yes,No
CUST_00544,40,66,82.31473673359568,2446.1232693930324,One year,Fiber optic,No,Yes,No,No,No,No,No
CUST_00545,39,22,104.05533567512641,5225.636585848492,Month-to-month,Fiber optic,Yes,Yes,No,Yes,No,Yes,No
CUST_00546,68,15,88.26448822931313,3518.2537869395615,Month-to-month,Fiber optic,Yes,Yes,Yes,No,No,Yes,Yes
CUST_00547,42,58,40.836078907485735,3807.1230362747942,Month-to-month,No,No,No,No,No,Yes,No,No
CUST_00548,75,68,66.1770366396279,609.4599204807198,Two year,No,Yes,Yes,Yes,No,Yes,Yes,No
CUST_00549,79,67,111.03463463086553,1265.409171721856,Two year,DSL,No,No,No,No,Yes,Yes,No
CUST_00550,78,20,52.67410624773712,3404.143583134766,One year,DSL,Yes,No,Yes,Yes,No,Yes,No
CUST_00551,39,69,69.87303650919316,5977.365927452055,One year,No,Yes,No,No,Yes,Yes,Yes,No
CUST_00552,75,11,115.85653346436968,503.41325583927045,One year,DSL,No,Yes,Yes,No,Yes,Yes,No
CUST_00553,75,15,93.47080055736977,2910.2854597810992,Month-to-month,DSL,Yes,No,Yes,Yes,No,Yes,No
CUST_00554,39,13,94.7740385641692,5938.604396249933,Two year,Fiber optic,Yes,Yes,No,No,No,No,No
CUST_00555,66,60,45.23340044132276,6753.226639782447,Two year,DSL,No,No,Yes,No,No,Yes,Yes
CUST_00556,69,70,61.46981183051282,1697.853914400632,One year,DSL,No,No,Yes,No,No,No,No
CUST_00557,59,45,28.23421630967217,6244.4919079050405,Two year,Fiber optic,Yes,No,No,No,No,Yes,Yes
CUST_00558,23,31,80.65258670505337,8125.458230263847,One year,Fiber optic,No,Yes,No,No,Yes,Yes,No
CUST_00559,32,14,30.373016454249417,7717.222060810166,Month-to-month,No,No,No,No,Yes,No,No,No
CUST_00560,71,43,103.59095822059548,6730.759049971075,Two year,DSL,No,No,Yes,Yes,No,Yes,No
CUST_00561,60,16,101.45537870199968,6083.544162747241,Month-to-month,Fiber optic,Yes,Yes,Yes,Yes,No,No,No
CUST_00562,77,40,73.36051011223095,2075.1617873660707,Month-to-month,DSL,Yes,No,Yes,No,Yes,Yes,Yes
CUST_00563,54,53,34.11660331970297,5424.7871072041435,Two year,DSL,Yes,No,No,No,No,No,Yes
CUST_00564,50,43,22.557898319516816,5503.501548006486,One year,No,Yes,No,Yes,Yes,Yes,No,No
CUST_00565,25,4,99.67086675425725,3517.299189578578,Two year,No,Yes,No,Yes,Yes,Yes,Yes,No
CUST_00566,70,26,80.01404832134268,4241.3298782878755,Month-to-month,No,Yes,No,Yes,No,No,Yes,No
CUST_00567,77,42,91.09296367478834,5929.839300667537,One year,No,Yes,No,No,No,Yes,No,No
CUST_00568,61,30,50.38071257363676,8097.652899967546,Month-to-month,No,No,Yes,No,No,No,No,No
CUST_00569,61,16,70.94827378439146,2580.5721509046657,One year,Fiber optic,No,No,Yes,No,Yes,Yes,Yes
CUST_00570,22,53,94.71741705396504,2169.450476442492,Two year,No,Yes,Yes,No,Yes,No,Yes,No
CUST_00571,56,61,66.25633083137996,5155.177895310521,Month-to-month,Fiber optic,Yes,Yes,No,Yes,No,Yes,No
CUST_00572,21,31,80.13842227687309,1198.7125361074234,One year,No,No,Yes,Yes,No,No,No,No
CUST_00573,23,39,98.97282618079623,4993.2757760976365,One year,Fiber optic,Yes,Yes,No,Yes,Yes,Yes,No
CUST_00574,62,12,41.522064526637884,846.3524746000188,Two year,DSL,Yes,No,No,Yes,Yes,No,No
CUST_00575,49,34,26.59288893574823,4220.904588677874,One year,No,Yes,No,No,No,Yes,No,No
CUST_00576,69,4,73.18235108108051,5311.480747593683,One year,Fiber optic,No,Yes,Yes,Yes,Yes,Yes,No
CUST_00577,47,28,26.212577072009573,688.9209698918717,Month-to-month,No,No,Yes,No,No,No,No,No
CUST_00578,64,69,96.65572943667533,1838.406476368486,Two year,Fiber optic,No,No,No,Yes,Yes,No,No
CUST_00579,52,24,91.92114476337886,2917.1439929880094,Two year,Fiber optic,Yes,No,Yes,No,Yes,No,No
CUST_00580,72,21,108.1712671465297,3196.229039563735,Month-to-month,No,No,No,Yes,No,Yes,Yes,No
CUST_00581,57,65,83.95620980339606,5779.279003334931,Month-to-month,Fiber optic,No,Yes,Yes,Yes,Yes,No,No
CUST_00582,69,44,26.719757075237375,4543.779260700003,Month-to-month,DSL,Yes,Yes,Yes,No,Yes,Yes,Yes
CUST_00583,33,68,45.31521254896174,3309.711150564746,One year,No,Yes,Yes,Yes,No,Yes,Yes,No
CUST_00584,30,71,100.79318445627193,3885.6805364698603,Two year,DSL,Yes,No,No,No,Yes,No,No
CUST_00585,67,0,36.71324173135878,209.00403346200943,Two year,Fiber optic,Yes,Yes,Yes,No,Yes,Yes,Yes
CUST_00586,77,43,89.84804678148873,6572.412346184093,Two year,Fiber optic,No,Yes,No,Yes,Yes,Yes,Yes
CUST_00587,59,38,98.0259330920478,444.4393850361727,One year,No,No,No,Yes,No,No,Yes,Yes
CUST_00588,47,53,53.011179785524114,7066.266940549554,Two year,DSL,Yes,No,No,Yes,No,Yes,No
CUST_00589,36,28,52.22974734029085,4644.370779883733,Two year,DSL,Yes,No,Yes,Yes,No,Yes,No
CUST_00590,34,53,75.78026812091468,4533.6812062859435,Two year,No,Yes,No,No,Yes,Yes,No,No
CUST_00591,73,15,106.12863327547637,6018.460473294875,Two year,DSL,Yes,No,Yes,No,No,Yes,No
CUST_00592,36,19,42.390620191348056,7320.300074289108,Month-to-month,No,Yes,Yes,No,Yes,No,Yes,No
CUST_00593,45,45,114.12581960424026,8018.22763042918,One year,No,No,Yes,No,No,No,Yes,Yes
CUST_00594,75,66,79.91186848201082,4664.307052849473,Two year,Fiber optic,Yes,No,Yes,No,No,No,Yes
CUST_00595,72,64,119.21264713522761,1365.5291487069132,Two year,Fiber optic,No,Yes,No,No,No,Yes,No
CUST_00596,43,57,28.961372399532266,7480.49977985326,Two year,DSL,Yes,No,No,Yes,No,Yes,No
CUST_00597,54,52,32.65621365067591,441.6449543089653,Two year,No,No,Yes,Yes,No,No,No,No
CUST_00598,43,0,102.66418037134827,6881.6322340463885,Two year,No,Yes,No,No,Yes,Yes,Yes,No
CUST_00599,70,65,106.47558956038492,5815.541661975444,Month-to-month,No,Yes,No,No,No,Yes,No,Yes
CUST_00600,79,28,64.5458688370934,7699.7119023527475,Month-to-month,No,No,Yes,Yes,No,Yes,Yes,No
CUST_00601,40,69,91.4071176142335,7638.6904620785535,One year,Fiber optic,No,No,No,Yes,No,Yes,No
CUST_00602,26,7,106.75572874455385,546.4943176714692,One year,DSL,No,No,Yes,No,Yes,Yes,Yes
CUST_00603,29,28,24.312778821882866,5219.3498202756455,Two year,Fiber optic,No,No,No,No,Yes,No,Yes
CUST_00604,70,50,77.39504229932587,1147.240223412895,Two year,No,No,Yes,No,Yes,No,No,Yes
CUST_00605,18,32,105.34806665264895,759.1363386500598,Month-to-month,DSL,No,Yes,No,Yes,No,No,No
CUST_00606,75,2,59.815494458477495,3865.5280249781363,One year,DSL,No,No,No,Yes,No,Yes,No
CUST_00607,75,59,50.23836061124268,919.8193347294214,Two year,No,No,Yes,Yes,Yes,No,No,Yes
CUST_00608,18,34,99.57066850948375,6214.38001814578,Two year,No,Yes,Yes,Yes,Yes,Yes,No,No
CUST_00609,64,68,53.57865835028362,8239.101968263836,Two year,Fiber optic,Yes,No,No,No,Yes,No,No
CUST_00610,51,19,20.31742981845032,4884.496845377979,One year,Fiber optic,Yes,Yes,No,No,No,Yes,Yes
CUST_00611,49,38,115.95725876290658,2075.4185043181674,Month-to-month,No,No,No,Yes,Yes,No,No,Yes
CUST_00612,79,3,79.21232363510185,7182.933688813322,Month-to-month,No,No,No,Yes,Yes,No,No,No
CUST_00613,71,18,101.95179187100712,7266.068349412219,Two year,Fiber optic,Yes,No,Yes,No,Yes,No,No
CUST_00614,65,44,102.53015623427146,6255.402167860912,Two year,DSL,No,No,No,Yes,No,No,No
CUST_00615,42,42,26.64104203727328,5267.110352432147,Two year,DSL,Yes,Yes,No,No,Yes,Yes,No
CUST_00616,57,12,37.08601993864648,7389.456619914481,Two year,DSL,No,No,No,Yes,No,No,Yes
CUST_00617,62,12,51.11206807596474,1471.650128779496,Two year,Fiber optic,No,Yes,Yes,No,Yes,No,No
CUST_00618,70,59,52.069928504132285,7925.4410612899765,One year,No,No,Yes,No,No,Yes,Yes,No
CUST_00619,18,56,85.87861176809129,8056.506453368774,Month-to-month,DSL,No,Yes,Yes,Yes,No,No,No
CUST_00620,33,51,82.31329207526848,7424.73594157592,One year,No,Yes,No,Yes,Yes,No,No,No
CUST_00621,78,52,69.45897780098137,2205.5610915763236,One year,Fiber optic,Yes,No,No,No,No,Yes,No
CUST_00622,56,42,41.126373230876794,7308.698445009285,Two year,Fiber optic,Yes,No,Yes,No,Yes,Yes,No
CUST_00623,22,71,58.19834696903034,4280.16097943661,One year,No,No,No,No,Yes,Yes,No,Yes
CUST_00624,39,71,74.35939684651694,5097.413994166933,Month-to-month,No,Yes,No,Yes,Yes,No,Yes,No
CUST_00625,46,41,66.7985366103942,7161.045229034819,Two year,No,Yes,No,No,No,No,No,No
CUST_00626,72,25,32.72925330950784,348.49589417999516,Month-to-month,No,Yes,No,No,No,Yes,Yes,Yes
CUST_00627,20,22,84.95104935019238,3148.7177742754243,One year,DSL,Yes,Yes,Yes,No,No,No,No
CUST_00628,29,42,27.305177681066056,6951.824368853511,Two year,No,Yes,Yes,Yes,Yes,No,Yes,Yes
CUST_00629,43,27,57.81946830810803,6937.220183934473,Month-to-month,DSL,Yes,No,No,Yes,Yes,Yes,Yes
CUST_00630,33,8,91.0029347675229,7228.978585816636,Month-to-month,Fiber optic,No,No,No,Yes,Yes,Yes,Yes
CUST_00631,68,19,22.002353451970652,1521.4135611717268,Two year,DSL,No,Yes,Yes,Yes,Yes,No,No
CUST_00632,54,55,76.99828190453161,6029.4475931148645,Month-to-month,No,No,No,No,Yes,Yes,Yes,No
CUST_00633,39,38,53.45209741432973,1330.628060245516,Two year,DSL,No,Yes,No,No,Yes,No,Yes
CUST_00634,74,50,20.883184342273445,6694.823275188613,Two year,Fiber optic,Yes,Yes,Yes,No,No,No,No
CUST_00635,46,11,39.038327106097185,2159.058437417863,One year,No,Yes,No,Yes,Yes,Yes,Yes,Yes
CUST_00636,31,54,114.09461932706544,6297.668911730346,Month-to-month,Fiber optic,No,No,Yes,No,Yes,No,No
CUST_00637,45,10,72.11489055050905,3922.013595634969,Two year,Fiber optic,Yes,Yes,No,No,No,No,No
CUST_00638,22,25,119.72272046291317,8384.613102243287,One year,No,Yes,Yes,No,No,No,No,No
CUST_00639,64,41,72.48167503647412,4971.10817829396,One year,DSL,Yes,No,Yes,No,Yes,No,No
CUST_00640,66,26,74.39364122902683,5413.666659450404,Two year,Fiber optic,No,Yes,Yes,No,Yes,No,Yes
CUST_00641,47,10,59.18430129328524,3192.5735163508143,Two year,No,Yes,No,Yes,Yes,Yes,No,No
CUST_00642,63,37,51.00404187314143,6269.969325918438,Month-to-month,Fiber optic,No,No,No,No,Yes,Yes,No
CUST_00643,79,42,45.15455531329448,4257.039385280614,Month-to-month,DSL,No,No,No,Yes,No,No,No
CUST_00644,69,18,54.342061613067386,251.75973480525883,Month-to-month,Fiber optic,Yes,No,No,Yes,No,No,Yes
CUST_00645,22,63,65.98510809004321,5212.085422155419,Two year,Fiber optic,No,Yes,Yes,No,Yes,Yes,No
CUST_00646,29,5,39.19919502307901,7075.860559606636,One year,Fiber optic,No,No,Yes,No,No,Yes,No
CUST_00647,33,45,42.48750918056959,2089.1348685077855,One year,Fiber optic,No,No,No,No,No,Yes,No
CUST_00648,43,41,47.154476866843915,1956.9355427155508,Two year,DSL,No,Yes,Yes,No,Yes,No,No
CUST_00649,43,64,64.92598919308392,5214.643938201872,Month-to-month,No,No,Yes,Yes,Yes,No,Yes,No
CUST_00650,65,71,85.2813366814243,6971.025921974149,One year,Fiber optic,Yes,Yes,Yes,No,Yes,No,No
CUST_00651,38,58,105.61461502862872,2196.810837886037,One year,DSL,Yes,No,No,Yes,No,Yes,No
CUST_00652,56,51,48.71318371871433,7931.006270441529,Month-to-month,Fiber optic,No,Yes,Yes,Yes,Yes,No,No
CUST_00653,53,46,38.372834034143736,7890.053796125012,One year,Fiber optic,No,Yes,Yes,No,Yes,No,No
CUST_00654,50,6,57.8847464850555,1784.5080440266402,Month-to-month,Fiber optic,No,No,Yes,Yes,Yes,Yes,No
CUST_00655,79,10,109.43830763718557,2315.7890612772517,One year,DSL,No,Yes,Yes,Yes,No,No,No
CUST_00656,47,60,20.986072833713948,5985.030011964556,One year,Fiber optic,No,Yes,No,Yes,No,Yes,No
CUST_00657,54,67,87.78686160577453,8094.558115805178,One year,Fiber optic,No,Yes,No,No,No,No,No
CUST_00658,40,24,67.71600464115815,6063.014585721043,Month-to-month,No,No,Yes,No,Yes,Yes,Yes,No
CUST_00659,75,11,36.104621496068006,3837.160418492519,One year,DSL,Yes,No,No,No,No,No,Yes
CUST_00660,27,25,52.10215262744667,1519.6113099826262,One year,No,No,No,Yes,Yes,No,Yes,No
CUST_00661,71,11,42.49500438770339,3972.482730252818,One year,No,Yes,No,No,Yes,Yes,Yes,Yes
CUST_00662,22,42,107.78321678901223,5196.849452552657,Two year,No,Yes,Yes,Yes,No,Yes,Yes,No
CUST_00663,53,50,68.18733839449902,2879.996119235863,One year,No,No,Yes,Yes,Yes,Yes,No,No
CUST_00664,51,36,76.30942778724928,4386.165698080754,One year,Fiber optic,Yes,Yes,Yes,No,No,No,No
CUST_00665,69,45,79.36876193370206,1193.79867796113,Month-to-month,No,No,No,Yes,Yes,Yes,Yes,No
CUST_00666,48,52,83.96171246023562,3898.3800779057256,Month-to-month,DSL,Yes,Yes,No,Yes,Yes,No,No
CUST_00667,27,12,69.55556903759299,862.5168790082536,Two year,Fiber optic,Yes,No,No,No,No,No,No
CUST_00668,75,53,21.787353083631583,512.345499571521,Month-to-month,No,No,No,Yes,Yes,No,Yes,No
CUST_00669,36,56,53.47226869146519,7300.815291034349,Month-to-month,No,Yes,Yes,No,No,No,Yes,No
CUST_00670,75,3,38.38732407209912,1822.6853068270293,Month-to-month,DSL,Yes,Yes,No,Yes,Yes,Yes,Yes
CUST_00671,49,48,88.0142842911677,4931.30476467464,Two year,DSL,Yes,Yes,Yes,No,Yes,No,Yes
CUST_00672,18,6,25.670465137004665,1351.4551706439363,Two year,No,Yes,No,No,Yes,No,No,Yes
CUST_00673,73,10,76.38033911116443,2305.2315956380476,One year,No,No,Yes,Yes,No,Yes,Yes,Yes
CUST_00674,22,53,41.063172227430094,3135.251126063669,One year,No,Yes,Yes,Yes,No,Yes,Yes,No
CUST_00675,62,44,114.88458384670612,1306.88206538007,Month-to-month,No,No,Yes,Yes,No,No,No,No
CUST_00676,21,22,53.55409421865355,486.0832948933267,One year,No,No,Yes,No,Yes,No,Yes,No
CUST_00677,33,27,52.52211913746342,7468.142336951292,One year,DSL,No,Yes,Yes,No,Yes,No,Yes
CUST_00678,41,56,112.33846679907238,199.3958213900859,Two year,DSL,No,No,Yes,Yes,No,Yes,No
CUST_00679,33,25,61.734792030414134,615.0962558145696,Two year,Fiber optic,Yes,Yes,Yes,No,Yes,Yes,No
CUST_00680,72,24,116.28623341857421,6862.606150956061,One year,Fiber optic,Yes,No,No,No,No,Yes,No
CUST_00681,19,53,22.41703521335035,2468.8700288936707,One year,DSL,Yes,No,Yes,No,No,Yes,No
CUST_00682,66,28,50.63445752021463,6171.690529363457,One year,Fiber optic,Yes,Yes,Yes,Yes,Yes,Yes,Yes
CUST_00683,45,35,86.61929602664311,1328.2962934304755,Month-to-month,No,No,No,Yes,No,Yes,No,No
CUST_00684,49,13,109.08569645276386,2093.1666882124428,Two year,Fiber optic,No,No,Yes,Yes,Yes,Yes,No
CUST_00685,44,34,45.64055930082839,4911.322739414745,One year,No,Yes,Yes,No,No,No,Yes,No
CUST_00686,37,29,113.04775919636683,8404.54104330998,One year,No,No,No,Yes,No,Yes,No,No
CUST_00687,41,16,79.41214664991881,716.9335493374747,Month-to-month,Fiber optic,No,No,No,No,No,Yes,Yes
CUST_00688,29,66,100.1008243197916,3464.658623047391,Two year,Fiber optic,No,No,Yes,Yes,Yes,Yes,No
CUST_00689,67,29,59.72073043068972,461.8801480497684,Month-to-month,No,No,No,No,No,Yes,Yes,No
CUST_00690,52,44,41.218038256687336,1773.502118310189,Month-to-month,DSL,No,Yes,Yes,Yes,Yes,Yes,No
CUST_00691,77,50,111.12354154476931,7722.756625443439,One year,Fiber optic,No,No,No,No,Yes,Yes,Yes
CUST_00692,50,46,113.31358684062187,910.2648718340652,Month-to-month,Fiber optic,No,Yes,No,Yes,Yes,No,No
CUST_00693,50,52,69.75751441541355,7297.589739555322,Month-to-month,DSL,No,No,Yes,Yes,Yes,No,No
CUST_00694,78,63,20.64950159992565,1593.5472001246826,One year,Fiber optic,No,No,Yes,No,Yes,Yes,No
CUST_00695,68,37,30.978295367040445,7338.992710916713,Two year,No,Yes,Yes,Yes,No,Yes,No,No
CUST_00696,60,63,77.30279602317218,4619.384490339671,One year,DSL,Yes,No,No,Yes,No,Yes,No
CUST_00697,54,6,22.37767023018862,7476.936063505485,Two year,DSL,No,No,No,Yes,No,No,No
CUST_00698,29,21,59.69119239866953,1374.3106150727715,Month-to-month,No,Yes,Yes,No,Yes,No,Yes,No
CUST_00699,20,40,50.33699455720126,6501.107030985739,Month-to-month,No,No,Yes,No,No,Yes,Yes,Yes
CUST_00700,18,9,91.43482754022047,5817.868207076845,One year,No,No,Yes,Yes,Yes,No,Yes,No
CUST_00701,50,56,25.557867294793528,4660.640454100885,One year,DSL,Yes,Yes,No,No,No,No,No
CUST_00702,57,6,68.87312689772875,6908.933693052173,One year,No,Yes,Yes,Yes,No,Yes,No,Yes
CUST_00703,27,49,77.91142698756053,5545.518605187133,Month-to-month,Fiber optic,No,Yes,No,Yes,Yes,No,No
CUST_00704,60,51,81.72910760526176,7467.194166705097,Month-to-month,Fiber optic,No,Yes,Yes,Yes,No,No,No
CUST_00705,61,32,60.51576720169409,3300.9220329987547,Two year,No,Yes,Yes,No,Yes,No,No,No
CUST_00706,46,0,50.436778342955094,5055.354697500046,One year,Fiber optic,No,No,No,Yes,No,No,No
CUST_00707,30,52,88.24930337371488,7413.047077635978,Month-to-month,Fiber optic,Yes,Yes,Yes,Yes,No,Yes,Yes
CUST_00708,29,59,104.7569048102495,1904.4381384747307,Two year,DSL,No,No,No,Yes,Yes,Yes,No
CUST_00709,48,33,89.36176377828788,4180.227395581576,One year,No,No,No,No,Yes,Yes,No,Yes
CUST_00710,63,3,113.21023654572215,8170.23130252082,One year,Fiber optic,Yes,No,No,No,No,Yes,No
CUST_00711,19,16,91.72635253579271,4078.2551325553495,Two year,No,No,Yes,Yes,Yes,No,Yes,No
CUST_00712,78,3,96.46187340136183,2223.7673396425384,Two year,No,Yes,Yes,No,Yes,No,Yes,Yes
CUST_00713,68,42,36.79031966020889,3049.040405443201,Two year,Fiber optic,No,No,Yes,Yes,No,No,No
CUST_00714,67,3,61.95396445267118,7534.706602736951,Month-to-month,Fiber optic,Yes,Yes,No,No,Yes,No,No
CUST_00715,52,0,68.50553309559652,8121.017525647423,One year,DSL,No,Yes,No,No,Yes,No,No
CUST_00716,40,70,45.62931622946076,8080.9041985635695,One year,DSL,Yes,Yes,Yes,Yes,No,Yes,Yes
CUST_00717,34,49,72.8539860356288,5971.116092535998,Two year,DSL,Yes,Yes,Yes,No,Yes,No,No
CUST_00718,43,60,49.079194422184756,4380.6558661267445,Month-to-month,Fiber optic,Yes,No,Yes,Yes,No,Yes,No
CUST_00719,25,34,88.7502092804416,1634.5870532216713,Two year,DSL,Yes,Yes,No,Yes,No,Yes,Yes
CUST_00720,46,7,67.02884767031759,1135.0565013919022,Month-to-month,No,Yes,No,Yes,Yes,No,Yes,No
CUST_00721,43,23,65.88069542690357,602.0395041873082,One year,DSL,Yes,Yes,No,No,Yes,Yes,No
CUST_00722,27,35,118.36425310328117,248.80523987534175,One year,DSL,No,No,No,No,Yes,Yes,Yes
CUST_00723,43,49,59.244484854257045,7476.180465687729,Month-to-month,DSL,Yes,No,Yes,No,No,Yes,No
CUST_00724,79,42,56.22954325895683,6896.325052748093,One year,No,No,Yes,No,No,No,No,Yes
CUST_00725,51,26,51.86043712826544,4869.699596203955,One year,No,No,Yes,No,No,Yes,Yes,No
CUST_00726,68,31,109.4749220975798,8489.275338116797,Two year,Fiber optic,Yes,No,No,No,Yes,Yes,Yes
CUST_00727,58,17,69.67238260981782,8105.637406493785,Month-to-month,DSL,No,No,No,Yes,No,Yes,No
CUST_00728,24,27,80.00144774806355,5602.915354003534,One year,No,No,Yes,Yes,No,No,Yes,No
CUST_00729,21,28,38.0818479002395,4002.426363138129,One year,No,Yes,Yes,No,Yes,No,No,No
CUST_00730,75,15,74.09423600049269,1378.2340153502887,Month-to-month,No,Yes,Yes,No,No,No,Yes,No
CUST_00731,70,46,47.46481928684883,4430.98796413656,One year,Fiber optic,Yes,Yes,Yes,Yes,Yes,No,Yes
CUST_00732,67,58,93.06369212628775,1425.046852238429,Month-to-month,Fiber optic,Yes,No,Yes,Yes,Yes,Yes,No
CUST_00733,62,30,103.25283487923821,3446.9909556679877,Month-to-month,Fiber optic,No,Yes,No,No,Yes,No,Yes
CUST_00734,28,3,91.48106921312775,8018.244110835108,Two year,DSL,Yes,Yes,Yes,Yes,Yes,No,No
CUST_00735,46,36,93.02441662702573,2972.6235104193543,Month-to-month,No,Yes,Yes,Yes,No,Yes,No,No
CUST_00736,73,16,71.2474704119517,1383.4130986051237,Two year,Fiber optic,Yes,No,No,Yes,Yes,Yes,No
CUST_00737,53,38,91.21180563341353,4992.131475584203,One year,Fiber optic,No,Yes,Yes,Yes,No,No,No
CUST_00738,42,47,62.268693550816025,5159.8590626707655,Month-to-month,No,No,No,No,No,Yes,Yes,No
CUST_00739,38,45,85.1489153529613,1727.955636730493,Two year,No,Yes,Yes,No,Yes,No,No,No
CUST_00740,78,47,45.90392101205147,1751.327335688466,Month-to-month,DSL,Yes,No,No,Yes,Yes,No,No
CUST_00741,74,38,26.975701231201015,8412.218247128547,One year,DSL,Yes,No,Yes,Yes,Yes,Yes,No
CUST_00742,53,3,61.34732641219685,2143.561012042581,Two year,DSL,No,Yes,No,No,Yes,No,Yes
CUST_00743,27,29,66.177815578049,7140.813092182106,Two year,Fiber optic,No,No,No,Yes,Yes,Yes,No
CUST_00744,54,29,45.640715818869,4050.7201345862277,Two year,Fiber optic,No,No,No,Yes,No,Yes,No
CUST_00745,26,21,92.77095184072377,3753.909606866915,One year,No,No,Yes,Yes,No,No,Yes,No
CUST_00746,41,65,27.35504789762792,2577.6842957755202,Two year,DSL,Yes,No,Yes,Yes,No,No,Yes
CUST_00747,52,11,42.27483243791886,6600.136693895579,One year,No,No,Yes,No,Yes,Yes,No,No
CUST_00748,66,35,94.85647184536268,7497.551378909061,One year,DSL,Yes,Yes,No,No,Yes,No,Yes
CUST_00749,52,17,63.71242737400124,2293.4706770962744,Month-to-month,DSL,Yes,Yes,Yes,Yes,Yes,No,No
CUST_00750,65,52,90.52836240393124,898.8120225325574,One year,DSL,Yes,No,No,Yes,No,No,No
CUST_00751,53,70,76.74858777835962,1250.1242442391228,Two year,DSL,Yes,No,Yes,No,No,Yes,No
CUST_00752,35,0,115.07127499973625,6759.54969203645,Two year,No,No,No,No,No,Yes,No,No
CUST_00753,66,57,79.7795832722833,3760.9460550848567,One year,No,Yes,No,Yes,No,Yes,Yes,No
CUST_00754,56,5,21.48689743455197,1208.0831306500725,One year,Fiber optic,No,Yes,No,Yes,No,No,Yes
CUST_00755,49,69,55.2877350504334,2958.420933924846,Month-to-month,DSL,No,No,No,Yes,Yes,No,Yes
CUST_00756,41,43,34.30606822047077,4419.578055965645,Month-to-month,No,No,Yes,Yes,Yes,No,Yes,No
CUST_00757,40,71,112.46336775977032,7257.234144298069,Two year,DSL,Yes,No,Yes,Yes,Yes,Yes,No
CUST_00758,79,23,30.401245428508034,5490.64333549147,One year,DSL,Yes,No,Yes,Yes,No,Yes,No
CUST_00759,49,18,58.77066631310875,1578.6755290720062,Two year,Fiber optic,Yes,No,No,Yes,No,No,No
CUST_00760,54,17,42.60991936266922,1433.102783810026,One year,Fiber optic,Yes,Yes,Yes,Yes,No,No,No
CUST_00761,29,29,104.67219903967333,3563.6074113199093,Two year,No,Yes,Yes,Yes,Yes,No,Yes,Yes
CUST_00762,66,41,50.85664975889169,731.6199206947537,Two year,No,No,Yes,Yes,Yes,No,Yes,No
CUST_00763,72,32,119.1893483142645,6446.848440384533,Two year,Fiber optic,Yes,Yes,Yes,Yes,Yes,No,No
CUST_00764,30,11,23.86166056122509,3472.2120905516854,One year,No,No,No,Yes,No,Yes,Yes,No
CUST_00765,40,26,32.827677246256584,2981.3996913636784,Month-to-month,No,No,No,Yes,Yes,No,Yes,No
CUST_00766,42,38,42.463877642910916,4376.509992088061,Month-to-month,Fiber optic,No,No,No,No,No,Yes,Yes
CUST_00767,52,8,101.11060402001594,6055.237151607921,One year,DSL,No,No,Yes,Yes,Yes,No,Yes
CUST_00768,58,20,107.85172090640158,4882.5143337416375,Month-to-month,DSL,Yes,Yes,Yes,No,No,No,No
CUST_00769,47,28,27.145138060942237,6840.183366464692,Two year,Fiber optic,Yes,Yes,Yes,No,No,No,Yes
CUST_00770,34,32,23.24601417622764,5386.645536508987,One year,DSL,Yes,Yes,No,No,No,Yes,No
CUST_00771,66,61,94.45568571045793,6718.950246229416,One year,DSL,No,No,Yes,Yes,No,Yes,No
CUST_00772,79,14,33.33520067536135,5952.971097943269,Month-to-month,Fiber optic,No,No,No,Yes,Yes,No,No
CUST_00773,37,1,33.29985870746392,1722.2318582153866,Month-to-month,No,No,No,Yes,No,Yes,No,No
CUST_00774,65,51,22.236653449442926,539.7773815607096,Two year,Fiber optic,No,No,No,Yes,Yes,Yes,No
CUST_00775,42,43,24.98078775834219,7688.5331242284055,One year,Fiber optic,No,No,Yes,No,Yes,No,Yes
CUST_00776,39,53,46.36754585954891,8043.511789209507,Month-to-month,DSL,No,No,No,Yes,No,Yes,No
CUST_00777,30,17,26.50054894108063,6206.231291704366,One year,Fiber optic,Yes,No,No,No,Yes,No,No
CUST_00778,76,2,56.88790916592756,6183.3289106459715,Two year,DSL,No,Yes,Yes,No,Yes,No,Yes
CUST_00779,36,6,103.27750312273491,2369.23547615052,Two year,Fiber optic,Yes,Yes,No,No,Yes,No,No
CUST_00780,66,42,52.63202573215926,4656.510354607396,Two year,No,Yes,No,Yes,No,No,No,No
CUST_00781,53,37,92.78341625793716,8434.81317511871,One year,DSL,Yes,No,No,No,No,No,No
CUST_00782,29,36,29.39099648310301,7291.606223788163,One year,Fiber optic,No,No,No,Yes,Yes,No,Yes
CUST_00783,78,57,85.93751874194929,2656.9125614367717,One year,DSL,Yes,No,No,Yes,Yes,Yes,No
CUST_00784,58,32,51.6747183257435,2628.7852718622794,One year,Fiber optic,Yes,Yes,No,No,No,Yes,No
CUST_00785,36,58,94.9752878697038,4162.049245643697,One year,Fiber optic,No,Yes,Yes,Yes,No,Yes,No
CUST_00786,29,10,33.62520140563819,3498.62879580939,Two year,Fiber optic,Yes,No,Yes,Yes,Yes,No,No
CUST_00787,26,67,109.78833777644819,3217.685588753467,Two year,DSL,Yes,Yes,Yes,No,Yes,No,No
CUST_00788,24,67,44.25772028979366,5366.564033971268,Two year,DSL,No,Yes,No,Yes,Yes,No,No
CUST_00789,45,21,55.31377932811765,196.53674492171552,Month-to-month,No,No,No,No,Yes,No,Yes,No
CUST_00790,31,65,115.01807108180417,6512.052942679526,Two year,No,No,Yes,Yes,No,Yes,No,No
CUST_00791,48,43,77.84823597308589,6316.445172076594,One year,No,Yes,No,Yes,Yes,Yes,Yes,Yes
CUST_00792,69,5,56.5771518963022,7074.73571699549,Two year,No,Yes,No,Yes,No,Yes,No,No
CUST_00793,36,41,114.96021470336316,7168.185655777233,Month-to-month,Fiber optic,No,No,No,No,Yes,Yes,No
CUST_00794,75,24,52.9077416890032,4857.757435987935,Month-to-month,DSL,Yes,No,No,Yes,Yes,Yes,Yes
CUST_00795,64,56,29.487071267517976,6652.621059235641,Month-to-month,Fiber optic,No,Yes,Yes,No,No,Yes,Yes
CUST_00796,33,54,119.68488878594198,4236.119054036361,Month-to-month,DSL,No,No,Yes,Yes,No,No,Yes
CUST_00797,70,15,46.784492055891384,8092.850625913724,Month-to-month,DSL,No,No,Yes,No,No,Yes,No
CUST_00798,22,13,105.12578486996074,1701.8676502144517,One year,Fiber optic,Yes,Yes,No,No,No,No,No
CUST_00799,52,38,36.55407948230872,7791.183573420754,Two year,Fiber optic,Yes,No,No,No,No,Yes,Yes
CUST_00800,29,27,93.1353971777378,2271.655034648874,One year,DSL,Yes,Yes,Yes,No,No,Yes,No
CUST_00801,42,50,72.44493944722521,962.876338969557,One year,No,No,Yes,Yes,Yes,No,No,No
CUST_00802,69,48,118.09065582901296,3788.477358218526,Month-to-month,No,No,No,No,Yes,No,Yes,No
CUST_00803,76,8,75.28303560923996,5265.304836294898,Two year,DSL,Yes,No,Yes,Yes,No,Yes,No
CUST_00804,38,57,22.501515189085413,2040.3149348795987,Two year,Fiber optic,Yes,Yes,Yes,Yes,Yes,No,Yes
CUST_00805,53,44,80.3877989624088,4768.688425612102,Two year,Fiber optic,Yes,Yes,Yes,Yes,Yes,Yes,No
CUST_00806,70,21,34.531645633662606,6886.30419824984,Month-to-month,DSL,No,No,No,Yes,No,Yes,No
CUST_00807,40,31,99.85409152820871,2259.513712751271,One year,Fiber optic,No,No,Yes,No,No,Yes,No
CUST_00808,33,68,105.6568196489899,4974.706865679305,Two year,DSL,Yes,No,No,Yes,Yes,Yes,No
CUST_00809,74,68,68.20935187947143,2950.2258080218744,One year,DSL,Yes,No,Yes,Yes,Yes,Yes,No
CUST_00810,56,41,98.32214570522986,4550.055127256034,Two year,DSL,Yes,No,No,Yes,Yes,Yes,Yes
CUST_00811,62,52,34.51107354816051,5702.119764429744,Two year,Fiber optic,Yes,No,No,Yes,No,No,No
CUST_00812,70,58,69.2078186535646,3043.549603255176,Two year,No,No,No,Yes,Yes,Yes,Yes,No
CUST_00813,59,38,59.394426469058466,8453.656212597925,Two year,DSL,Yes,No,No,Yes,No,Yes,Yes
CUST_00814,75,14,81.13173870530814,4835.711666808983,Month-to-month,Fiber optic,Yes,Yes,No,Yes,No,No,No
CUST_00815,56,70,24.447718880315996,7025.477096380685,Month-to-month,No,No,Yes,Yes,Yes,Yes,Yes,No
CUST_00816,31,28,95.21228382486274,6191.135872450645,One year,DSL,No,Yes,Yes,No,No,No,Yes
CUST_00817,48,2,27.912928947468366,7263.56463510476,Month-to-month,No,Yes,Yes,No,Yes,Yes,Yes,No
CUST_00818,75,9,85.64715175301649,1559.9280181239706,Two year,Fiber optic,No,No,Yes,No,Yes,Yes,No
CUST_00819,22,28,21.84572255399442,1969.451161712436,One year,No,Yes,No,Yes,Yes,Yes,Yes,No
CUST_00820,52,34,103.18880637567295,4194.253894278438,One year,No,Yes,No,Yes,Yes,Yes,No,No
CUST_00821,40,5,37.46996302237813,7259.5608824777155,One year,Fiber optic,Yes,Yes,Yes,Yes,Yes,No,No
CUST_00822,46,11,71.54974759769905,1759.8952836832134,Two year,DSL,No,Yes,Yes,Yes,Yes,Yes,No
CUST_00823,60,37,46.14929037276194,8256.952989701305,Two year,Fiber optic,Yes,No,Yes,Yes,Yes,Yes,No
CUST_00824,28,18,92.26472020610684,1171.859389847188,One year,Fiber optic,Yes,Yes,Yes,Yes,Yes,Yes,Yes
CUST_00825,35,66,52.13511001897212,1570.6547395162672,Month-to-month,DSL,No,No,No,Yes,No,No,No
CUST_00826,64,7,92.46091935883172,1504.7637802750335,Two year,DSL,No,No,Yes,Yes,Yes,No,No
CUST_00827,29,7,48.48712068354765,5022.450005490804,Two year,Fiber optic,No,Yes,Yes,No,No,Yes,No
CUST_00828,26,46,95.24730909357599,7807.345085411742,Month-to-month,DSL,Yes,Yes,Yes,No,Yes,No,No
CUST_00829,27,3,23.060549633690425,2242.935652198082,One year,DSL,Yes,No,Yes,No,No,No,Yes
CUST_00830,75,50,48.331133537384844,4745.5095690519165,Month-to-month,Fiber optic,Yes,Yes,Yes,Yes,Yes,No,No
CUST_00831,61,66,69.86335064402789,1576.4890843986702,Two year,Fiber optic,Yes,No,Yes,Yes,No,No,No
CUST_00832,34,44,24.505958191972546,5401.549928145508,One year,Fiber optic,Yes,No,No,Yes,No,Yes,Yes
CUST_00833,78,7,38.60340613712786,1135.2692239078988,One year,Fiber optic,No,No,Yes,No,No,No,No
CUST_00834,55,15,113.45369816412033,4227.0104471066625,Month-to-month,No,No,No,No,No,No,Yes,Yes
CUST_00835,24,66,117.68342651801892,5603.527234885687,Two year,No,Yes,Yes,No,Yes,Yes,Yes,No
CUST_00836,63,8,93.97499473904855,4964.674500746286,Two year,DSL,Yes,No,No,No,No,No,No
CUST_00837,30,59,45.22000506169128,1276.004054686237,One year,No,Yes,Yes,No,No,No,No,Yes
CUST_00838,57,70,46.0517445435969,1455.5363207245664,Two year,No,Yes,No,Yes,Yes,Yes,No,No
CUST_00839,59,14,84.5790357795073,5739.684440529902,One year,No,Yes,Yes,Yes,No,No,No,No
CUST_00840,26,70,31.75996165987018,6894.838087154119,One year,DSL,Yes,No,Yes,No,Yes,No,No
CUST_00841,67,40,114.83093804303667,7727.824981248564,One year,No,Yes,No,No,Yes,Yes,Yes,Yes
CUST_00842,44,21,42.481289951018454,6934.336728907381,Two year,Fiber optic,Yes,Yes,Yes,No,No,Yes,No
CUST_00843,75,23,119.96356254254438,8280.960582652435,Month-to-month,Fiber optic,No,No,No,Yes,Yes,Yes,No
CUST_00844,19,43,69.57337953024604,3529.3151549871372,One year,DSL,No,No,No,Yes,Yes,Yes,No
CUST_00845,22,0,97.14299889929363,2881.7923354650884,Month-to-month,DSL,Yes,No,Yes,No,Yes,No,Yes
CUST_00846,46,9,20.218409450555722,336.7460396989819,Month-to-month,DSL,Yes,No,No,Yes,No,No,No
CUST_00847,54,71,108.87464047516418,3879.125190299985,Month-to-month,No,Yes,Yes,Yes,No,No,No,No
CUST_00848,55,55,47.000204478058045,5571.521040271154,Month-to-month,DSL,No,Yes,No,No,No,No,Yes
CUST_00849,36,49,86.79367445480653,6949.432587108795,Month-to-month,DSL,No,No,No,Yes,No,Yes,No
CUST_00850,25,11,100.63552807935896,2346.6252153047108,One year,DSL,Yes,No,Yes,No,No,Yes,No
CUST_00851,65,59,36.41477405590021,4414.16672150204,Two year,Fiber optic,Yes,No,No,Yes,Yes,No,No
CUST_00852,62,25,64.2509481329229,5660.8803427579915,Month-to-month,DSL,Yes,Yes,Yes,No,Yes,Yes,No
CUST_00853,18,40,69.38359406519234,4733.464074266389,Two year,Fiber optic,Yes,No,Yes,Yes,No,Yes,No
CUST_00854,39,35,51.211946533920454,2401.774026180225,Two year,Fiber optic,Yes,Yes,Yes,Yes,No,No,No
CUST_00855,69,22,68.17558297289816,6788.772481678523,One year,DSL,No,Yes,No,Yes,Yes,No,Yes
CUST_00856,34,42,51.754565765533805,1556.232504764243,Month-to-month,DSL,Yes,Yes,Yes,Yes,Yes,Yes,No
CUST_00857,24,5,56.07477450552092,7701.830603805458,Two year,No,Yes,Yes,Yes,Yes,Yes,No,No
CUST_00858,42,68,86.93311787027389,8101.8126920604145,Two year,DSL,No,No,Yes,Yes,No,No,Yes
CUST_00859,62,42,83.2593268304997,3170.8154014322017,Month-to-month,DSL,Yes,No,Yes,Yes,Yes,No,Yes
CUST_00860,21,24,43.22657257975253,3259.927040081995,One year,DSL,No,Yes,No,Yes,No,Yes,Yes
CUST_00861,53,17,109.74828847954245,6343.537374904431,One year,DSL,No,Yes,Yes,No,No,No,No
CUST_00862,23,61,106.27885456713906,3932.8242278368057,Month-to-month,DSL,No,No,Yes,No,Yes,Yes,No
CUST_00863,77,12,70.90833066899516,340.3252062335756,Two year,DSL,Yes,No,Yes,No,Yes,No,No
CUST_00864,48,42,63.32507426957504,7826.964512472025,One year,No,No,No,Yes,No,No,No,No
CUST_00865,36,27,57.68559829841088,3718.3028725124072,One year,No,No,No,Yes,No,No,No,No
CUST_00866,78,17,90.72679186664391,1809.3588445386147,Two year,DSL,No,Yes,No,No,Yes,Yes,No
CUST_00867,61,58,87.16660572094705,4767.578214449803,Two year,No,Yes,No,Yes,No,Yes,Yes,No
CUST_00868,71,59,39.61806069379787,1938.8117657670591,Two year,Fiber optic,No,Yes,No,No,No,No,No
CUST_00869,56,62,87.14580313003613,1830.5847973255059,Two year,No,No,No,Yes,Yes,Yes,No,No
CUST_00870,44,56,45.243119410203995,4684.143150081314,Month-to-month,Fiber optic,Yes,Yes,No,No,No,Yes,Yes
CUST_00871,27,50,21.85583365235256,3384.7552543915403,Two year,DSL,Yes,No,Yes,No,Yes,No,No
CUST_00872,43,55,89.92086775373771,4913.143537327068,One year,Fiber optic,No,No,No,No,Yes,Yes,No
CUST_00873,36,26,84.47936024607496,8473.333669214418,Two year,DSL,No,No,No,No,No,No,No
CUST_00874,56,31,61.08092623743415,7315.752496714454,Two year,No,No,No,Yes,Yes,Yes,Yes,No
CUST_00875,79,8,72.56860559195061,164.43471403422552,Month-to-month,Fiber optic,Yes,Yes,No,Yes,Yes,No,Yes
CUST_00876,20,67,114.71691917057596,524.6679601140738,Month-to-month,Fiber optic,Yes,No,Yes,No,No,Yes,No
CUST_00877,62,45,79.52001809054377,5224.6672971024545,Two year,Fiber optic,Yes,No,Yes,No,No,No,Yes
CUST_00878,30,66,85.78839353365315,5360.551081511303,Month-to-month,DSL,Yes,Yes,No,Yes,Yes,No,Yes
CUST_00879,67,25,26.39113209491411,7476.803090238344,Month-to-month,DSL,Yes,Yes,No,Yes,No,No,No
CUST_00880,45,7,36.599446067512524,5384.080265983336,Month-to-month,No,No,Yes,No,Yes,Yes,No,Yes
CUST_00881,79,5,50.095227641158814,2012.8021235322353,Month-to-month,No,No,Yes,Yes,No,No,No,No
CUST_00882,75,23,73.93793180281432,4035.536312710667,Two year,DSL,Yes,No,No,Yes,No,No,No
CUST_00883,37,47,97.65908959833212,6895.477365637984,Month-to-month,No,No,No,No,Yes,No,Yes,Yes
CUST_00884,45,44,52.1240877788587,7851.72970262632,Month-to-month,Fiber optic,Yes,No,No,Yes,Yes,No,Yes
CUST_00885,25,12,55.638243047877395,2090.086999320357,One year,Fiber optic,No,No,Yes,Yes,Yes,No,No
CUST_00886,78,68,45.615088517374886,4632.679774111937,Two year,Fiber optic,No,Yes,Yes,Yes,Yes,No,Yes
CUST_00887,58,24,45.460932929530586,1434.9914214313828,Month-to-month,No,Yes,No,No,Yes,No,No,No
CUST_00888,56,19,114.88638458947966,4274.797470991582,One year,Fiber optic,Yes,Yes,No,No,No,Yes,Yes
CUST_00889,18,65,83.54571796188901,856.9586142958092,Month-to-month,Fiber optic,No,No,No,No,Yes,Yes,No
CUST_00890,20,44,35.59012435399468,8010.515787583983,Two year,DSL,No,Yes,Yes,Yes,Yes,No,No
CUST_00891,30,46,92.224857808426,5459.67424957397,One year,DSL,No,Yes,No,Yes,No,No,No
CUST_00892,45,62,92.2021143360029,7275.420630394888,One year,No,No,Yes,No,Yes,Yes,No,No
CUST_00893,79,54,86.6470196053705,8485.679463128014,Two year,DSL,Yes,Yes,Yes,No,Yes,No,No
CUST_00894,74,18,33.472044509066365,1634.3943555251774,One year,No,No,Yes,Yes,No,Yes,No,Yes
CUST_00895,77,34,60.79914834695869,5930.804685661048,One year,No,Yes,Yes,No,No,No,No,No
CUST_00896,66,52,30.675633049441313,7550.684865457608,Month-to-month,DSL,No,Yes,No,No,Yes,Yes,No
CUST_00897,42,25,101.66205040921365,4937.8806062590365,One year,DSL,Yes,Yes,Yes,Yes,No,Yes,No
CUST_00898,73,13,85.51721431779193,5473.449578279113,Two year,No,Yes,No,No,No,Yes,Yes,No
CUST_00899,50,44,70.72039367678184,3524.4371519439537,Month-to-month,No,Yes,Yes,Yes,Yes,Yes,Yes,No
CUST_00900,55,43,54.30154765005966,5767.991003218717,One year,No,No,No,No,Yes,No,No,No
CUST_00901,70,64,38.42494744944334,3422.85448344744,Month-to-month,Fiber optic,No,Yes,No,Yes,No,No,No
CUST_00902,23,50,30.64475888331079,4103.604960472167,Two year,Fiber optic,Yes,No,No,Yes,No,Yes,Yes
CUST_00903,75,42,116.92406075368996,964.4586380317289,One year,DSL,No,No,Yes,Yes,Yes,Yes,No
CUST_00904,61,22,39.9648641956023,165.59056151520582,Two year,Fiber optic,Yes,Yes,No,Yes,Yes,No,No
CUST_00905,62,55,25.987462672138566,563.2694427671536,Two year,Fiber optic,Yes,No,Yes,Yes,Yes,Yes,No
CUST_00906,49,18,116.16667721824965,1717.1817838758543,One year,No,Yes,No,No,Yes,Yes,Yes,Yes
CUST_00907,62,54,74.89517413578271,3935.472084598549,One year,Fiber optic,Yes,No,Yes,No,Yes,No,Yes
CUST_00908,78,59,99.66567349911429,276.3501951522126,Month-to-month,DSL,Yes,Yes,No,Yes,Yes,Yes,Yes
CUST_00909,64,58,24.376584719831854,1409.8677688955531,Two year,Fiber optic,No,Yes,Yes,No,No,No,No
CUST_00910,38,32,76.69458574796546,6664.134672629284,One year,Fiber optic,Yes,Yes,Yes,Yes,No,Yes,No
CUST_00911,33,18,59.82099641179951,6502.199089401195,Two year,Fiber optic,No,Yes,No,Yes,Yes,No,Yes
CUST_00912,71,27,97.19644343498835,6733.734450074199,One year,DSL,No,No,Yes,Yes,No,No,No
CUST_00913,38,51,23.84256456390586,7840.943922852901,Two year,DSL,No,No,No,Yes,No,No,No
CUST_00914,28,48,60.16905685616143,1100.196406169961,Month-to-month,No,Yes,No,No,Yes,Yes,Yes,No
CUST_00915,77,36,99.9073419486196,1470.3749603142169,Two year,Fiber optic,No,No,No,No,No,Yes,No
CUST_00916,54,25,72.269726463837,2901.850362651041,One year,No,No,Yes,Yes,Yes,Yes,Yes,No
CUST_00917,53,39,75.0038740998604,7787.186071439641,Month-to-month,No,No,Yes,No,No,No,Yes,No
CUST_00918,52,37,29.71646819659655,6614.0130412499375,Month-to-month,DSL,No,Yes,No,Yes,Yes,No,Yes
CUST_00919,36,53,33.23305561200914,2822.6186875914855,One year,No,Yes,Yes,No,No,No,Yes,Yes
CUST_00920,37,21,87.69996053657859,836.140869374973,Month-to-month,Fiber optic,No,No,Yes,No,No,No,No
CUST_00921,74,15,87.50466222899199,5277.592219650207,Two year,No,No,No,No,No,Yes,Yes,No
CUST_00922,35,27,117.91033942522733,2257.28099276748,Two year,DSL,Yes,No,No,Yes,Yes,No,No
CUST_00923,64,34,91.19529880655504,4561.6815541358455,One year,DSL,No,Yes,No,No,No,No,Yes
CUST_00924,58,59,69.32434959334472,8011.148220648206,Two year,DSL,No,No,No,No,Yes,No,No
CUST_00925,66,44,105.73278235335529,4909.984860640409,One year,Fiber optic,No,No,Yes,Yes,No,Yes,Yes
CUST_00926,31,45,30.44729858159362,7860.209265956259,Month-to-month,No,No,No,No,Yes,Yes,Yes,Yes
CUST_00927,32,71,64.92958208962546,3401.5258023569536,Two year,Fiber optic,No,No,No,Yes,No,No,No
CUST_00928,48,54,48.71091109275697,5420.151233225673,One year,DSL,Yes,No,No,No,No,Yes,No
CUST_00929,18,25,30.46378069276256,7608.675781154499,Two year,Fiber optic,No,No,Yes,Yes,Yes,No,Yes
CUST_00930,70,24,96.35020847203663,5039.093417516763,Month-to-month,DSL,No,Yes,No,Yes,Yes,Yes,No
CUST_00931,71,64,71.07920304988839,5265.148887027675,Month-to-month,Fiber optic,Yes,No,No,No,No,Yes,Yes
CUST_00932,71,5,75.67687198974906,6116.987049482285,Two year,Fiber optic,No,Yes,No,Yes,Yes,Yes,Yes
CUST_00933,20,22,61.1255187910329,7509.705160381326,Month-to-month,No,No,Yes,No,Yes,No,Yes,Yes
CUST_00934,33,63,66.03372316027352,840.7125144231651,One year,No,No,Yes,No,Yes,Yes,No,No
CUST_00935,40,42,31.601738712300314,2929.6188102791302,Two year,DSL,Yes,No,No,Yes,Yes,Yes,No
CUST_00936,74,22,87.29178242869764,3440.551699077072,Two year,No,No,No,Yes,No,Yes,Yes,No
CUST_00937,28,29,63.244735960521375,7741.561189269093,Month-to-month,No,No,Yes,Yes,Yes,Yes,Yes,Yes
CUST_00938,29,17,101.67675731295833,8130.466565936092,One year,Fiber optic,No,No,No,No,No,No,No
CUST_00939,27,20,39.62872001430761,1111.1959031870479,Two year,DSL,No,No,Yes,Yes,Yes,No,No
CUST_00940,49,56,40.50550934188358,1100.5045102257586,Two year,Fiber optic,No,No,Yes,No,No,No,Yes
CUST_00941,33,22,84.57595715306877,7952.839071719844,Month-to-month,Fiber optic,Yes,Yes,Yes,No,No,No,No
CUST_00942,25,44,104.60034233973968,2584.4839716137785,Month-to-month,No,No,No,No,Yes,No,No,Yes
CUST_00943,55,43,67.21978386181753,2131.241119912083,One year,No,Yes,No,No,Yes,Yes,No,Yes
CUST_00944,29,46,92.69538687331,399.2320723344289,One year,DSL,No,Yes,Yes,Yes,No,Yes,No
CUST_00945,41,39,119.93299214930856,2415.005852073452,Month-to-month,No,No,Yes,No,No,No,No,Yes
CUST_00946,45,50,119.02656397289282,5925.621988698301,One year,Fiber optic,No,No,Yes,No,Yes,No,Yes
CUST_00947,70,41,94.43368428217,3678.703767012318,Month-to-month,No,Yes,No,No,Yes,Yes,Yes,No
CUST_00948,25,6,93.95864896782489,4441.710953874785,Two year,DSL,Yes,Yes,Yes,No,No,Yes,No
CUST_00949,75,49,44.761888719890564,7805.283011565037,Month-to-month,DSL,No,Yes,No,Yes,Yes,Yes,No
CUST_00950,45,47,103.35396315437737,1063.3941744390584,Month-to-month,Fiber optic,No,Yes,No,Yes,No,Yes,Yes
CUST_00951,53,5,60.51021270471205,698.4220080378317,Month-to-month,Fiber optic,Yes,No,Yes,Yes,No,No,Yes
CUST_00952,43,8,116.19939098668226,7256.218292640711,Two year,No,Yes,No,No,Yes,No,No,No
CUST_00953,25,56,28.14276887069355,6608.788698417935,One year,DSL,Yes,No,No,No,No,No,No
CUST_00954,75,30,63.5840368872726,2315.367170338273,One year,Fiber optic,No,No,Yes,Yes,Yes,No,Yes
CUST_00955,77,20,75.58404876834986,2823.566661542296,One year,No,Yes,No,No,No,No,Yes,Yes
CUST_00956,67,39,60.51562070861648,2706.333820515546,Month-to-month,No,Yes,No,Yes,Yes,Yes,No,Yes
CUST_00957,45,44,41.057919050494334,5541.593903384055,Month-to-month,No,Yes,Yes,Yes,Yes,Yes,No,No
CUST_00958,45,48,79.298848878251,614.1766587074267,One year,Fiber optic,Yes,No,Yes,No,No,Yes,No
CUST_00959,54,19,95.59179146251375,4210.973316215306,Two year,Fiber optic,No,No,Yes,No,No,Yes,No
CUST_00960,58,16,84.48385960201965,1224.5329405470593,Two year,No,Yes,Yes,No,Yes,No,Yes,No
CUST_00961,53,27,43.444884880803954,6985.80374378048,Two year,No,Yes,Yes,No,Yes,Yes,No,No
CUST_00962,44,40,93.1607944368524,3297.569236203708,Two year,Fiber optic,No,Yes,Yes,No,Yes,No,No
CUST_00963,71,65,45.689780604456324,4531.606423043458,Month-to-month,DSL,Yes,Yes,No,No,Yes,Yes,No
CUST_00964,34,24,37.520236292404,346.2679137418022,One year,No,No,Yes,No,No,No,Yes,No
CUST_00965,26,57,89.06680154387222,589.4202337448396,Two year,DSL,Yes,Yes,No,Yes,No,No,No
CUST_00966,50,40,104.2787246113929,5770.460578161115,Month-to-month,DSL,No,Yes,No,Yes,No,No,No
CUST_00967,70,5,68.15394476965744,6540.872579187189,Month-to-month,Fiber optic,Yes,Yes,Yes,Yes,Yes,Yes,No
CUST_00968,37,37,73.13917931384378,6064.298910658492,Month-to-month,Fiber optic,No,Yes,No,Yes,Yes,No,No
CUST_00969,30,5,50.274757047123245,6290.956546246026,One year,DSL,No,No,Yes,No,No,No,No
CUST_00970,45,44,69.46180151100322,978.8067446143634,Month-to-month,Fiber optic,No,No,Yes,No,No,No,No
CUST_00971,65,13,33.19829980124072,5924.987065219345,One year,DSL,No,No,No,No,Yes,Yes,No
CUST_00972,46,65,115.58308296829901,1626.6796945883866,One year,DSL,No,Yes,No,No,No,Yes,No
CUST_00973,30,39,100.03606536565962,923.3296277649974,One year,Fiber optic,No,No,No,No,No,Yes,No
CUST_00974,63,2,86.79730608221848,6460.150975820665,One year,Fiber optic,Yes,Yes,Yes,No,No,Yes,Yes
CUST_00975,52,23,73.81943716844029,7571.011383653144,Month-to-month,No,No,Yes,Yes,Yes,Yes,Yes,No
CUST_00976,78,18,99.21691362279645,6120.363222203333,Month-to-month,Fiber optic,No,Yes,No,Yes,Yes,No,No
CUST_00977,23,17,69.47572395858043,6866.817003643928,Month-to-month,No,No,Yes,No,No,No,Yes,Yes
CUST_00978,35,63,49.99739081545325,8425.140503021574,Two year,Fiber optic,No,No,Yes,No,Yes,No,Yes
CUST_00979,68,34,36.037423516667204,1231.94965581615,Two year,Fiber optic,Yes,No,Yes,Yes,Yes,No,Yes
CUST_00980,22,61,84.75855888018073,8207.281440437524,One year,Fiber optic,No,Yes,No,No,No,Yes,No
CUST_00981,64,0,112.94257450265141,5150.061566116861,One year,Fiber optic,Yes,No,No,Yes,No,Yes,No
CUST_00982,42,24,35.361855350435114,6931.326521698172,One year,DSL,No,No,No,Yes,No,Yes,No
CUST_00983,19,44,38.00180450508068,5561.421125336428,One year,Fiber optic,Yes,Yes,Yes,No,No,Yes,Yes
CUST_00984,27,48,63.36060334095351,4888.317425796933,One year,DSL,Yes,No,Yes,No,No,Yes,No
CUST_00985,73,15,100.6899347919689,6010.399549782178,Two year,Fiber optic,Yes,No,No,Yes,Yes,No,Yes
CUST_00986,47,18,49.39227289715046,2790.1727819090556,One year,Fiber optic,No,No,Yes,Yes,Yes,Yes,No
CUST_00987,67,22,45.39129246700281,7863.880797332066,Month-to-month,DSL,Yes,Yes,Yes,No,Yes,No,No
CUST_00988,76,24,81.9966291462834,1068.457605268541,One year,Fiber optic,No,No,Yes,Yes,Yes,Yes,No
CUST_00989,62,15,73.56147818743318,2771.461946326282,Month-to-month,No,No,No,No,No,Yes,Yes,No
CUST_00990,22,53,26.02203644452363,361.76376688422783,Month-to-month,No,No,Yes,No,Yes,No,No,Yes
CUST_00991,72,0,28.148997730927654,2379.1136002271705,Month-to-month,Fiber optic,Yes,No,No,No,No,Yes,Yes
CUST_00992,73,41,84.30129801847661,1932.9898479877966,Month-to-month,No,Yes,No,Yes,Yes,No,Yes,No
CUST_00993,50,18,66.51235991477796,516.8992297005021,One year,No,No,Yes,Yes,No,No,No,No
CUST_00994,71,33,117.0977191589147,4230.9021363284255,One year,No,Yes,Yes,No,No,Yes,Yes,Yes
CUST_00995,18,54,87.85314107300647,4036.5427515871224,One year,No,No,No,No,No,No,Yes,No
CUST_00996,35,17,21.007366199323144,753.0617287488186,One year,DSL,Yes,Yes,Yes,No,No,Yes,No
CUST_00997,49,33,68.10187798004618,2299.544463830679,One year,DSL,No,No,No,No,No,Yes,Yes
CUST_00998,64,44,61.44479350354795,8107.9061479173915,Two year,DSL,No,Yes,Yes,Yes,No,Yes,No
CUST_00999,66,5,30.67138599937687,1030.1876458875308,Month-to-month,No,Yes,Yes,No,Yes,No,No,Yes
CUST_01000,28,20,112.320883587219,2662.1566504195325,Month-to-month,No,Yes,Yes,No,No,Yes,No,No
CUST_01001,38,69,100.50112990817236,401.24414701913184,Two year,DSL,No,No,No,Yes,No,Yes,Yes
CUST_01002,43,47,43.00859084200019,1350.6525020396407,Two year,No,Yes,No,Yes,Yes,Yes,No,No
CUST_01003,42,38,45.59807588429972,5974.9357027126325,One year,DSL,Yes,Yes,No,No,Yes,No,No
CUST_01004,39,30,23.201805331945096,3180.418605568686,One year,DSL,Yes,Yes,No,Yes,No,Yes,No
CUST_01005,76,9,49.6717451579041,3897.4431937046124,Month-to-month,DSL,Yes,No,No,Yes,Yes,Yes,Yes
CUST_01006,44,29,78.46220089133536,1418.6185190975116,One year,No,Yes,Yes,Yes,Yes,Yes,No,No
CUST_01007,66,17,62.084338838666824,5829.977452286934,Month-to-month,DSL,No,Yes,Yes,No,No,No,No
CUST_01008,30,59,116.92554637196808,6412.78142396653,One year,Fiber optic,Yes,Yes,No,Yes,Yes,No,No
CUST_01009,50,14,25.608016926367085,1621.341215940614,One year,DSL,Yes,No,No,Yes,Yes,Yes,No
CUST_01010,51,3,79.14301588990106,477.9450944075142,Month-to-month,DSL,Yes,No,No,No,No,No,Yes
CUST_01011,58,62,105.8309440507048,779.9055281957554,Two year,Fiber optic,Yes,Yes,No,Yes,No,No,Yes
CUST_01012,52,39,68.07409124097225,5619.184360505349,Two year,No,No,Yes,No,No,No,No,No
CUST_01013,18,8,20.296272056039683,1238.289060956647,One year,DSL,Yes,No,Yes,Yes,Yes,Yes,No
CUST_01014,38,8,44.28014998262752,4248.918207018219,Two year,Fiber optic,No,No,Yes,No,Yes,No,Yes
CUST_01015,65,25,52.376897566796615,1382.1888597798284,One year,No,Yes,Yes,Yes,No,Yes,Yes,No
CUST_01016,72,3,116.59944945574624,1529.243604924014,Two year,Fiber optic,No,Yes,No,No,Yes,Yes,Yes
CUST_01017,23,15,111.17732818386995,136.6282280687563,Two year,DSL,Yes,Yes,Yes,Yes,No,Yes,No
CUST_01018,45,14,114.91705051076303,2794.9237492104585,Month-to-month,Fiber optic,Yes,No,No,No,No,No,Yes
CUST_01019,34,51,102.57584576169683,854.2970350120266,Two year,No,Yes,Yes,Yes,Yes,Yes,Yes,No
CUST_01020,22,68,55.164773411390435,3409.274712859572,One year,DSL,Yes,No,No,Yes,Yes,Yes,No
CUST_01021,48,4,110.58764220962006,5121.388200787705,Month-to-month,Fiber optic,No,Yes,Yes,Yes,Yes,No,No
CUST_01022,22,19,118.16845059370488,3187.268362596182,Two year,No,Yes,Yes,No,Yes,Yes,Yes,No
CUST_01023,55,17,55.00713122749529,6022.685699016816,Month-to-month,No,No,Yes,Yes,No,No,Yes,Yes
CUST_01024,20,1,46.0555965986449,6328.194851530608,Two year,DSL,No,No,Yes,No,Yes,Yes,No
CUST_01025,70,12,74.69162927822214,5951.493653830819,One year,DSL,Yes,No,No,No,No,Yes,No
CUST_01026,40,3,38.715219259893004,7968.393900904584,One year,DSL,No,Yes,No,Yes,No,Yes,No
CUST_01027,54,41,23.262422140638023,2093.271926759269,Month-to-month,DSL,No,Yes,No,No,No,Yes,No
CUST_01028,70,60,114.58311711158697,1691.4342061658035,Two year,Fiber optic,Yes,Yes,No,Yes,Yes,No,No
CUST_01029,54,7,112.57406324414193,5221.576509631684,Two year,No,Yes,No,No,Yes,No,No,No
CUST_01030,27,66,36.26538537621211,5096.966879247141,Month-to-month,DSL,Yes,Yes,Yes,No,No,Yes,No
CUST_01031,27,62,60.77402469297194,4384.826002868379,Month-to-month,DSL,Yes,Yes,Yes,No,Yes,Yes,Yes
CUST_01032,36,8,103.10363132726856,136.56680855182177,One year,DSL,Yes,No,Yes,Yes,Yes,No,No
CUST_01033,34,10,86.1000298820853,4764.001131210387,Month-to-month,Fiber optic,Yes,No,No,Yes,No,No,No
CUST_01034,38,41,59.478750917071395,7935.503677733023,Two year,No,Yes,Yes,Yes,No,Yes,Yes,Yes
CUST_01035,31,12,94.4170997182819,2910.4525885480484,Month-to-month,No,No,No,Yes,No,Yes,Yes,No
CUST_01036,26,35,109.70473882101909,8227.833223890104,One year,DSL,No,No,Yes,No,Yes,Yes,No
CUST_01037,63,12,112.61583305258681,3096.756105260632,Month-to-month,No,Yes,No,Yes,Yes,Yes,No,No
CUST_01038,18,11,57.8849611922189,1274.7778211496698,Two year,Fiber optic,No,No,No,Yes,No,No,No
CUST_01039,68,36,37.35606800728189,3446.5886853879633,Month-to-month,No,No,No,No,No,No,No,Yes
CUST_01040,62,51,111.28388581939751,4254.73502855777,Month-to-month,DSL,No,No,Yes,Yes,Yes,Yes,No
CUST_01041,30,70,29.255544586102825,5387.5010454833655,Month-to-month,No,Yes,No,Yes,Yes,No,No,No
CUST_01042,21,1,92.16883912281637,4340.976560987606,One year,Fiber optic,No,No,Yes,No,No,Yes,No
CUST_01043,79,55,34.04973148608016,4608.436470212232,One year,Fiber optic,Yes,Yes,Yes,No,No,Yes,No
CUST_01044,18,59,58.938685466769215,302.1631222038851,One year,No,No,Yes,Yes,Yes,No,Yes,No
CUST_01045,66,22,61.155574654502736,2230.4094207255102,One year,No,Yes,No,Yes,Yes,Yes,No,No
CUST_01046,57,39,35.875791511208334,2709.851926689045,Two year,DSL,No,No,No,No,Yes,No,No
CUST_01047,49,63,112.2681434006612,8391.543718204171,Two year,DSL,No,Yes,Yes,No,Yes,Yes,No
CUST_01048,51,22,20.266816800928627,2582.7690032910828,One year,DSL,Yes,Yes,Yes,No,No,Yes,No
CUST_01049,45,28,109.38085432166307,7631.262330123996,One year,No,No,Yes,Yes,No,Yes,Yes,No
CUST_01050,48,50,108.38293234754855,2659.7840845450614,One year,Fiber optic,Yes,Yes,Yes,No,Yes,No,Yes
CUST_01051,25,68,51.69636536980016,907.3267807560851,Month-to-month,Fiber optic,Yes,Yes,Yes,Yes,Yes,No,Yes
CUST_01052,56,30,90.42842698792755,2179.986152111933,Two year,No,Yes,No,Yes,No,No,Yes,No
CUST_01053,43,49,45.28089112983155,2391.758433280103,Month-to-month,Fiber optic,No,No,Yes,No,No,Yes,Yes
CUST_01054,75,19,95.87735622539384,8317.288188667468,One year,Fiber optic,No,Yes,Yes,Yes,No,No,No
CUST_01055,51,54,76.11197417877435,5764.0486467647925,Two year,No,Yes,No,Yes,No,No,Yes,Yes
CUST_01056,71,1,50.02254542476584,7926.120363216114,One year,Fiber optic,Yes,Yes,Yes,Yes,No,Yes,No
CUST_01057,71,24,60.023475363765456,7113.958186520503,Month-to-month,No,Yes,Yes,No,No,Yes,No,Yes
CUST_01058,20,12,88.98887322384036,4960.227321696019,Two year,DSL,No,No,Yes,Yes,Yes,No,No
CUST_01059,76,69,110.60974496437831,5773.258563662732,Month-to-month,Fiber optic,No,No,Yes,Yes,No,No,No
CUST_01060,67,66,33.07265165672746,5348.632427046665,Two year,No,Yes,No,No,No,Yes,Yes,No
CUST_01061,29,57,77.13639696691571,5696.609420011008,One year,Fiber optic,No,No,Yes,No,Yes,Yes,No
CUST_01062,18,63,45.37291994571174,2324.0987828691204,Two year,Fiber optic,No,Yes,Yes,Yes,Yes,No,Yes
CUST_01063,71,68,100.13722498754592,3528.251127346671,Month-to-month,DSL,Yes,No,Yes,Yes,Yes,No,No
CUST_01064,61,58,27.023730586948105,5077.972817424429,Month-to-month,No,Yes,Yes,Yes,No,No,Yes,No
CUST_01065,22,59,88.89557901711699,401.7991064691998,Month-to-month,DSL,No,No,No,Yes,Yes,No,No
CUST_01066,47,61,37.49460136910298,4155.813171774224,Month-to-month,Fiber optic,Yes,No,Yes,Yes,No,No,No
CUST_01067,47,15,79.63854184032292,7321.706240541967,One year,Fiber optic,Yes,Yes,Yes,Yes,No,No,Yes
CUST_01068,76,67,103.5692587192692,4235.888911716771,Month-to-month,Fiber optic,No,Yes,Yes,No,No,Yes,Yes
CUST_01069,74,14,95.50806621216796,4739.516296706194,One year,No,Yes,Yes,Yes,Yes,No,No,No
CUST_01070,34,54,95.29428876836373,1796.0030123276028,Two year,DSL,Yes,No,Yes,No,Yes,Yes,No
CUST_01071,65,34,71.78453121869052,6772.484089477679,Month-to-month,No,No,Yes,No,Yes,No,No,No
CUST_01072,64,54,109.07455918497213,3114.5776195152425,Two year,Fiber optic,Yes,No,No,Yes,Yes,Yes,No
CUST_01073,40,13,78.81051982419979,8135.335449228173,Two year,DSL,No,Yes,Yes,No,Yes,Yes,No
CUST_01074,32,48,111.75179685495706,8447.204389380466,One year,Fiber optic,Yes,Yes,No,No,No,No,No
CUST_01075,54,6,74.65224578324177,7794.404557805081,Month-to-month,DSL,No,No,No,No,No,Yes,No
CUST_01076,38,29,70.5965563020003,812.9646564556091,One year,No,No,No,No,Yes,No,Yes,No
CUST_01077,31,48,42.23530192103145,2898.7385061666255,Month-to-month,No,Yes,Yes,Yes,Yes,No,No,Yes
CUST_01078,19,15,74.4786654030205,8039.156134861146,Two year,No,Yes,Yes,Yes,No,No,Yes,No
CUST_01079,28,50,34.0584831248897,6858.079676693275,One year,No,Yes,No,No,Yes,Yes,No,No
CUST_01080,68,71,106.96902012595454,7753.942150182409,Month-to-month,No,No,No,No,No,Yes,No,No
CUST_01081,56,41,87.58918887082935,4909.44682658523,Two year,DSL,No,Yes,Yes,Yes,No,Yes,Yes
CUST_01082,55,16,119.3635448492942,4135.339740775254,One year,DSL,Yes,Yes,No,No,No,Yes,No
CUST_01083,77,62,29.20974277905231,994.5690628373889,One year,Fiber optic,Yes,No,Yes,No,No,Yes,No
CUST_01084,51,44,44.06727498452869,7151.560955514032,One year,DSL,No,Yes,Yes,Yes,No,Yes,Yes
CUST_01085,55,6,107.71586042661393,6359.18900673202,One year,Fiber optic,Yes,Yes,No,No,No,No,No
CUST_01086,67,26,59.525409976891765,594.5634653294625,Two year,No,No,No,Yes,No,No,No,No
CUST_01087,51,9,66.63029899818976,1859.082552600397,Two year,DSL,Yes,Yes,No,No,Yes,No,No
CUST_01088,35,33,106.06518873876169,4781.1315318460875,Two year,DSL,Yes,No,No,No,Yes,Yes,No
CUST_01089,47,35,72.18232249499522,5848.980177342964,Two year,No,Yes,No,No,No,No,No,Yes
CUST_01090,32,24,39.347584941436814,1256.4302197924544,Month-to-month,No,No,Yes,Yes,Yes,No,No,No
CUST_01091,44,5,109.2030115409781,2156.5284750835203,Two year,No,Yes,No,No,No,No,No,No
CUST_01092,68,23,23.10616564230335,1722.1257783557176,One year,Fiber optic,No,No,Yes,Yes,No,Yes,No
CUST_01093,51,17,109.53962676434432,1947.9760824325544,One year,Fiber optic,No,No,No,No,Yes,Yes,No
CUST_01094,69,5,25.05202266723347,7833.990237977641,One year,DSL,Yes,Yes,Yes,Yes,Yes,Yes,Yes
CUST_01095,74,28,86.58493646001281,6112.884413525534,One year,No,Yes,Yes,No,No,No,Yes,No
CUST_01096,55,24,27.16793796753347,6291.698635387748,Month-to-month,DSL,No,Yes,No,Yes,Yes,No,No
CUST_01097,50,54,90.62129859650655,6769.560611301973,One year,No,Yes,No,Yes,No,No,Yes,No
CUST_01098,41,45,23.397132133295088,3095.2135582101037,One year,No,Yes,No,Yes,No,Yes,No,No
CUST_01099,32,23,104.24577277107875,6544.350760952781,One year,No,No,Yes,No,Yes,Yes,Yes,No
CUST_01100,77,25,66.59439509299847,8318.67251231267,Two year,No,Yes,Yes,Yes,Yes,No,No,Yes
CUST_01101,47,27,29.345391266887795,5966.511665903913,Two year,No,No,No,No,Yes,No,Yes,No
CUST_01102,72,2,90.6819445010144,3600.726143257328,Month-to-month,Fiber optic,No,Yes,No,No,Yes,No,No
CUST_01103,59,37,68.92901575037625,6117.422199972188,Month-to-month,DSL,No,No,Yes,Yes,Yes,No,No
CUST_01104,68,60,39.09488588754429,7666.675482208102,Month-to-month,No,No,Yes,Yes,No,Yes,Yes,No
CUST_01105,34,50,21.567237388872577,1181.5969668781781,One year,Fiber optic,No,Yes,No,Yes,Yes,Yes,No
CUST_01106,22,47,61.79982597255372,2328.47527491166,Month-to-month,Fiber optic,Yes,Yes,No,No,Yes,Yes,No
CUST_01107,46,20,28.562923072853557,7822.088208762804,Two year,No,No,Yes,No,No,No,Yes,No
CUST_01108,21,53,29.416969824723722,8048.356363734028,Two year,No,No,No,No,Yes,No,Yes,No
CUST_01109,27,55,46.73295483626769,4166.768667790739,Two year,Fiber optic,Yes,Yes,Yes,No,Yes,Yes,No
CUST_01110,73,58,83.04582972424242,3246.2280925876994,One year,No,No,No,No,No,Yes,Yes,No
CUST_01111,34,71,72.99106085609492,2475.3671670654458,One year,Fiber optic,No,No,Yes,Yes,Yes,Yes,No
CUST_01112,27,50,26.89873082586806,4289.512945164135,Month-to-month,No,Yes,Yes,No,Yes,No,No,No
CUST_01113,34,19,116.84312758924698,7950.061673364834,Month-to-month,Fiber optic,Yes,No,Yes,Yes,No,No,No
CUST_01114,77,58,108.7168688294591,1358.400870365426,Month-to-month,No,Yes,No,No,Yes,No,Yes,No
CUST_01115,37,70,45.92254871451583,3626.57736379665,Month-to-month,Fiber optic,No,Yes,Yes,Yes,Yes,No,No
CUST_01116,41,8,32.23385759621412,7757.505998442907,One year,DSL,No,Yes,No,No,Yes,No,No
CUST_01117,22,0,114.24028647569902,3032.6018692117163,Two year,No,No,Yes,Yes,No,No,Yes,Yes
CUST_01118,51,28,66.11417778806998,6551.883819165711,One year,No,Yes,Yes,Yes,No,No,Yes,No
CUST_01119,23,62,51.11669647714358,3369.782204425257,Month-to-month,Fiber optic,No,Yes,Yes,No,No,No,No
CUST_01120,70,71,69.03580351651874,6861.38409791355,One year,No,No,Yes,No,Yes,No,Yes,Yes
CUST_01121,19,55,97.27441445464122,8340.419739640553,Two year,DSL,No,No,Yes,Yes,Yes,No,No
CUST_01122,30,67,36.83852983030545,3357.704888832338,One year,DSL,Yes,No,Yes,No,No,Yes,No
CUST_01123,79,34,96.74958335093072,7198.828698423285,Two year,Fiber optic,Yes,Yes,No,No,Yes,No,No
CUST_01124,60,2,94.94467879338654,8402.701328658526,Month-to-month,Fiber optic,Yes,No,No,No,Yes,Yes,No
CUST_01125,60,6,73.93482048408798,8364.173201294536,One year,No,Yes,No,No,No,Yes,No,Yes
CUST_01126,65,26,106.58422887495817,3743.6770848797873,Month-to-month,Fiber optic,No,No,Yes,No,Yes,Yes,Yes
CUST_01127,28,0,33.21433781698605,4180.393412612861,Month-to-month,DSL,No,Yes,Yes,Yes,Yes,No,No
CUST_01128,68,70,79.5479006665673,2648.573117801217,Two year,DSL,No,Yes,Yes,No,Yes,No,No
CUST_01129,64,43,64.93430525018216,2737.757615267866,Two year,No,Yes,Yes,Yes,No,Yes,Yes,No
CUST_01130,74,40,62.22921128358317,4236.753230110777,Month-to-month,DSL,No,Yes,No,No,No,No,No
CUST_01131,40,41,45.25610712695254,1784.3561565401933,Two year,Fiber optic,No,No,Yes,No,No,No,No
CUST_01132,72,32,57.227965680990806,6073.4356877013915,Two year,No,No,Yes,No,Yes,No,Yes,No
CUST_01133,33,49,30.815075602366576,4604.991691935719,Month-to-month,No,No,Yes,Yes,Yes,No,No,No
CUST_01134,48,62,45.15989697648252,7643.770000255571,Month-to-month,No,Yes,Yes,No,No,Yes,No,No
CUST_01135,28,36,47.19651077780826,6908.892444008544,Two year,Fiber optic,No,No,No,No,Yes,No,No
CUST_01136,71,58,92.06678674601395,2808.757347907531,Month-to-month,No,Yes,No,Yes,Yes,Yes,Yes,No
CUST_01137,33,47,24.855042720886317,4348.758833348406,Month-to-month,No,No,No,Yes,Yes,Yes,No,No
CUST_01138,25,4,85.11923081508607,6404.325392165702,Two year,DSL,Yes,Yes,Yes,Yes,No,Yes,No
CUST_01139,21,47,42.140990979318985,1722.88107081849,One year,DSL,Yes,Yes,No,No,Yes,No,No
CUST_01140,57,2,28.186150591629392,365.42093046770015,One year,No,Yes,No,No,No,No,Yes,Yes
CUST_01141,21,46,50.08061610854341,7259.358020989584,Month-to-month,Fiber optic,No,No,Yes,No,Yes,No,No
CUST_01142,73,61,42.44728694286027,1255.4221629407652,Two year,Fiber optic,Yes,No,No,No,No,Yes,No
CUST_01143,42,13,75.203237583985,7571.056020011134,Month-to-month,Fiber optic,Yes,Yes,Yes,No,No,No,No
CUST_01144,20,62,55.73764034479624,7774.307400601615,Two year,Fiber optic,No,Yes,Yes,No,No,No,No
CUST_01145,49,60,116.59937424083262,3969.883680352121,Month-to-month,DSL,No,No,Yes,No,Yes,Yes,No
CUST_01146,20,30,116.35495993908506,6876.966383761657,Month-to-month,Fiber optic,No,No,Yes,No,No,No,No
CUST_01147,44,16,64.37152691202395,3150.806469374762,Two year,Fiber optic,No,No,No,No,No,No,No
CUST_01148,46,23,99.50874606602596,7309.422207498674,Month-to-month,No,Yes,Yes,Yes,No,Yes,No,Yes
CUST_01149,49,22,21.326854086087504,7027.327827000421,One year,Fiber optic,Yes,Yes,No,No,Yes,Yes,No
CUST_01150,67,49,74.78115847248026,759.5544734901001,One year,Fiber optic,No,No,No,Yes,No,Yes,No
CUST_01151,78,69,94.3299172306979,4993.854622319884,Two year,Fiber optic,Yes,No,No,Yes,Yes,No,No
CUST_01152,75,26,41.694322540733594,5475.990790212684,Month-to-month,Fiber optic,Yes,Yes,No,No,No,Yes,No
CUST_01153,68,14,26.117175516594376,107.20124178101483,One year,DSL,Yes,No,No,No,Yes,No,No
CUST_01154,36,49,35.59189359064559,8331.313877326082,Two year,No,Yes,Yes,Yes,No,No,Yes,Yes
CUST_01155,38,35,64.1848087173857,3515.167629165971,Two year,DSL,Yes,Yes,No,Yes,Yes,Yes,No
CUST_01156,22,7,70.6371420756262,4445.68292921739,Two year,No,No,No,Yes,No,Yes,Yes,No
CUST_01157,35,2,58.08851221087684,1736.3542702613759,One year,No,No,Yes,Yes,No,No,No,Yes
CUST_01158,45,61,63.997376704238,5231.716051144994,One year,No,No,Yes,Yes,No,No,No,Yes
CUST_01159,59,46,67.02349596092813,6909.206876746614,One year,No,No,Yes,Yes,Yes,Yes,Yes,No
CUST_01160,78,60,96.94366616010963,5021.495704045717,One year,DSL,No,Yes,No,No,Yes,Yes,No
CUST_01161,39,31,30.52418980776524,6719.494384737616,Month-to-month,No,No,Yes,No,Yes,No,Yes,No
CUST_01162,38,12,96.8950467159396,6241.306870032601,One year,Fiber optic,No,Yes,Yes,No,Yes,Yes,Yes
CUST_01163,23,0,88.86273022949982,2096.3256168279595,Two year,Fiber optic,Yes,No,Yes,Yes,Yes,No,No
CUST_01164,18,33,94.16608094763181,3760.827865316894,Month-to-month,No,No,Yes,Yes,Yes,No,Yes,No
CUST_01165,22,61,93.44683858753228,1348.465829265832,One year,Fiber optic,Yes,Yes,Yes,No,Yes,Yes,No
CUST_01166,58,70,67.05918158017838,452.2613506308567,Month-to-month,Fiber optic,Yes,Yes,Yes,No,Yes,Yes,No
CUST_01167,29,30,41.140018456090004,629.7792242186997,Two year,No,Yes,Yes,Yes,Yes,No,Yes,Yes
CUST_01168,43,63,73.6628904301804,8016.999410932281,One year,No,Yes,Yes,No,No,No,No,No
CUST_01169,63,24,115.79820536090996,8370.11465672878,Month-to-month,No,Yes,No,No,Yes,Yes,No,No
CUST_01170,51,37,78.85256813933637,897.8110676186556,One year,DSL,No,Yes,No,Yes,Yes,No,No
CUST_01171,66,13,21.10471452127776,2915.624855445209,Month-to-month,No,Yes,Yes,No,No,No,No,No
CUST_01172,31,7,25.971090487639064,1061.1337133105906,Month-to-month,No,No,No,Yes,Yes,No,Yes,Yes
CUST_01173,43,53,119.28634336035523,7107.52211629934,Two year,DSL,No,Yes,No,Yes,No,No,Yes
CUST_01174,62,1,27.194635923944038,4268.895569778366,Two year,Fiber optic,No,No,No,Yes,No,No,Yes
CUST_01175,44,55,24.604516004489856,5318.598749774615,One year,DSL,Yes,No,Yes,No,No,Yes,Yes
CUST_01176,26,60,55.30242693586554,4635.251272174052,One year,Fiber optic,Yes,Yes,No,No,Yes,No,No
CUST_01177,43,21,116.93172032693367,6066.130104262014,Month-to-month,DSL,No,No,Yes,Yes,Yes,No,No
CUST_01178,74,34,51.867515373286565,2780.710843863309,Two year,No,No,No,Yes,No,Yes,No,Yes
CUST_01179,64,15,60.988413087527064,1254.9441780522714,Two year,DSL,No,Yes,Yes,No,No,No,No
CUST_01180,74,49,83.40770612085655,248.00802292959742,Month-to-month,No,No,Yes,Yes,No,No,No,No
CUST_01181,39,42,22.411183932639783,3843.8202644578805,Two year,Fiber optic,No,No,Yes,Yes,No,No,Yes
CUST_01182,64,16,109.7763577519188,7725.809201848073,Two year,No,Yes,No,No,No,Yes,Yes,No
CUST_01183,73,57,71.9443017554432,2664.23891930304,Month-to-month,DSL,No,Yes,Yes,No,Yes,Yes,No
CUST_01184,47,1,66.6810906004058,1746.0372975392338,One year,DSL,No,Yes,No,No,No,Yes,No
CUST_01185,60,3,106.07266622066304,7878.7590684757,One year,Fiber optic,No,Yes,Yes,Yes,Yes,Yes,Yes
CUST_01186,65,38,115.30765893580212,985.7685655108711,One year,No,No,Yes,Yes,No,No,No,No
CUST_01187,78,5,62.34252316468348,535.1286806928049,Month-to-month,Fiber optic,Yes,Yes,Yes,No,Yes,No,No
CUST_01188,34,68,37.24410792932307,7487.070669625678,One year,No,No,No,No,Yes,Yes,No,No
CUST_01189,43,68,101.57092700020729,5987.638808419389,Month-to-month,No,No,No,Yes,No,No,No,Yes
CUST_01190,53,19,60.326042122248715,3645.3765603542674,Month-to-month,Fiber optic,Yes,No,No,No,No,No,No
CUST_01191,18,63,113.55455395117662,6419.689373274265,Two year,Fiber optic,No,No,No,No,No,Yes,No
CUST_01192,25,15,114.98989838309829,6328.095597171861,Two year,No,Yes,Yes,No,Yes,No,Yes,Yes
CUST_01193,66,50,31.48290317213695,436.50873138889665,One year,Fiber optic,Yes,No,Yes,No,No,Yes,Yes
CUST_01194,52,36,115.65539673328513,5780.473221319456,Month-to-month,No,No,No,No,Yes,Yes,No,Yes
CUST_01195,78,68,56.82703254451209,5483.327970602786,One year,Fiber optic,No,No,Yes,No,Yes,Yes,No
CUST_01196,69,41,84.62525176571904,8195.744745896951,One year,Fiber optic,Yes,Yes,Yes,Yes,Yes,No,Yes
CUST_01197,32,56,23.475008173404603,8219.629925342015,Two year,Fiber optic,Yes,Yes,Yes,No,No,Yes,Yes
CUST_01198,64,65,108.88842740838327,3273.5143400971688,One year,DSL,No,Yes,Yes,Yes,No,Yes,No
CUST_01199,73,8,84.15973293448648,5054.672059861034,One year,Fiber optic,No,Yes,Yes,Yes,No,No,No
CUST_01200,39,63,84.35544669564192,1287.4019490623814,Two year,DSL,Yes,No,Yes,No,Yes,Yes,No
CUST_01201,31,21,110.21761599774838,658.2348180399258,One year,No,No,No,No,Yes,No,No,No
CUST_01202,43,33,70.8347174907343,3735.3509269747806,One year,No,Yes,No,Yes,No,No,Yes,No
CUST_01203,45,54,61.051664036255055,5895.008891014088,Month-to-month,Fiber optic,No,No,Yes,Yes,Yes,No,Yes
CUST_01204,40,28,106.61287522923162,4869.193427300906,One year,DSL,No,No,No,No,Yes,Yes,No
CUST_01205,31,37,94.24205118713982,3709.118146362416,Two year,No,Yes,No,No,Yes,No,No,No
CUST_01206,41,17,114.8975664964901,6972.145392906565,Two year,DSL,Yes,No,Yes,No,Yes,Yes,Yes
CUST_01207,19,70,114.01218933105326,6773.190766343475,Month-to-month,DSL,No,No,Yes,Yes,Yes,No,Yes
CUST_01208,62,64,58.232616456024026,6248.313262653195,Two year,No,Yes,Yes,No,Yes,No,Yes,No
CUST_01209,43,0,64.69862901414179,747.0708844915931,Two year,DSL,No,No,No,No,Yes,No,No
CUST_01210,31,3,45.598495379077846,6790.344874323406,Two year,DSL,No,No,Yes,No,Yes,No,No
CUST_01211,76,3,86.06478891385676,7823.13905435548,One year,No,Yes,Yes,No,Yes,No,Yes,No
CUST_01212,73,26,56.454197008888656,599.3135416436983,Month-to-month,Fiber optic,No,No,No,Yes,Yes,No,Yes
CUST_01213,68,42,98.61006466076711,3474.039665991694,Month-to-month,Fiber optic,No,No,Yes,Yes,Yes,No,Yes
CUST_01214,24,58,32.15507607309105,8402.186113619337,Month-to-month,DSL,Yes,Yes,No,Yes,Yes,No,No
CUST_01215,20,31,31.64028511657459,5133.606411133583,Month-to-month,Fiber optic,Yes,Yes,No,No,No,No,No
CUST_01216,64,32,40.44553814193969,4414.050177870688,Two year,No,Yes,No,No,No,No,No,No
CUST_01217,40,27,28.42921884374135,1590.5476387374458,One year,No,No,Yes,No,Yes,Yes,Yes,No
CUST_01218,63,54,82.00316076782347,4850.084780007028,Two year,No,Yes,Yes,No,No,No,Yes,Yes
CUST_01219,60,59,34.73527660167386,3787.963387943405,Two year,DSL,No,Yes,No,No,Yes,Yes,Yes
CUST_01220,64,69,35.99629174676542,1170.5216667890334,Two year,No,Yes,Yes,Yes,Yes,Yes,No,No
CUST_01221,77,61,21.4228223729166,4000.394281991488,Two year,DSL,No,No,Yes,Yes,No,No,No
CUST_01222,62,33,98.20900146236099,1480.954163472188,Month-to-month,DSL,No,Yes,Yes,Yes,No,No,No
CUST_01223,35,55,101.22960554234811,6237.574422498876,Month-to-month,No,Yes,Yes,No,No,No,No,Yes
CUST_01224,75,12,36.20224163644397,8278.646275606432,One year,No,No,No,No,No,No,No,No
CUST_01225,55,55,93.95244342672245,4044.4472067758475,Two year,DSL,No,Yes,Yes,Yes,Yes,Yes,No
CUST_01226,52,17,63.35451231573596,5411.8939880827475,Month-to-month,No,Yes,Yes,No,Yes,Yes,No,No
CUST_01227,68,53,43.959488296539135,3720.1944080414755,One year,Fiber optic,No,Yes,Yes,Yes,Yes,Yes,No
CUST_01228,32,42,82.1384608073829,1263.012370718845,Two year,DSL,No,No,No,No,No,Yes,No
CUST_01229,42,38,37.84840743470848,8252.66440639419,Two year,DSL,No,Yes,No,Yes,No,No,No
CUST_01230,72,60,95.68836076530354,1188.4607783062695,Month-to-month,No,No,Yes,No,No,No,No,Yes
CUST_01231,54,41,24.761522757055168,1037.6651915137418,Two year,No,No,Yes,Yes,No,No,Yes,No
CUST_01232,45,17,115.91309329279144,3957.0527100389245,Two year,DSL,No,Yes,Yes,No,Yes,Yes,No
CUST_01233,27,22,27.187525370862446,5634.65303244223,Month-to-month,DSL,Yes,Yes,Yes,Yes,Yes,No,No
CUST_01234,56,53,77.94484192486897,3081.355476172286,One year,DSL,Yes,Yes,Yes,No,No,No,No
CUST_01235,74,29,110.21942901223785,1717.1429864539855,One year,No,Yes,No,Yes,No,No,Yes,No
CUST_01236,34,57,21.190446884785036,6979.292291430801,Month-to-month,DSL,No,Yes,No,No,Yes,Yes,Yes
CUST_01237,56,67,69.85144609890571,3150.06789312023,Month-to-month,Fiber optic,Yes,No,No,Yes,No,Yes,Yes
CUST_01238,39,66,55.00069643106799,1732.2961764248205,One year,Fiber optic,Yes,No,No,Yes,No,Yes,No
CUST_01239,43,70,78.03321902579091,3166.712971057709,One year,No,No,No,No,No,Yes,Yes,No
CUST_01240,79,17,42.54573867376587,1902.2553441994442,Month-to-month,DSL,Yes,No,Yes,No,Yes,No,Yes
CUST_01241,61,6,26.489921723172476,4463.36099762366,Month-to-month,DSL,Yes,Yes,Yes,No,Yes,No,No
CUST_01242,42,39,82.59330368487069,5713.630843556673,Month-to-month,Fiber optic,No,Yes,Yes,No,No,No,No
CUST_01243,34,69,61.684923949340245,6816.281968473162,Two year,DSL,Yes,Yes,No,No,No,Yes,Yes
CUST_01244,30,64,82.24855387062297,2011.5210546868734,Month-to-month,No,Yes,Yes,Yes,Yes,No,No,No
CUST_01245,37,67,41.05391468378429,1502.4136479173424,Two year,No,Yes,Yes,Yes,No,No,No,No
CUST_01246,42,48,53.874126295348184,264.6687355198493,One year,No,Yes,Yes,No,Yes,No,No,No
CUST_01247,21,51,76.16813893646103,2015.9372541168382,One year,DSL,Yes,No,No,Yes,Yes,Yes,No
CUST_01248,27,28,79.31127783247274,300.8049609814884,Month-to-month,DSL,Yes,Yes,Yes,No,Yes,No,Yes
CUST_01249,20,20,57.23148077742652,3001.9833109880983,Month-to-month,Fiber optic,No,Yes,Yes,No,Yes,No,No
CUST_01250,58,8,48.005320561655644,1323.8219461723077,One year,Fiber optic,No,No,Yes,No,Yes,Yes,No
CUST_01251,62,46,47.370062948859584,4971.1230251133875,One year,No,Yes,Yes,No,Yes,No,No,Yes
CUST_01252,35,41,37.46993514208984,3323.304779726694,One year,DSL,Yes,No,No,No,Yes,Yes,No
CUST_01253,64,50,52.540496232958716,886.1168649943802,One year,DSL,Yes,Yes,No,Yes,Yes,Yes,No
CUST_01254,53,55,39.944033701322,3458.8782895073905,Month-to-month,No,No,Yes,No,No,Yes,Yes,No
CUST_01255,64,50,83.38154062299448,1858.5241741299537,Two year,No,Yes,No,No,No,Yes,Yes,No
CUST_01256,39,69,76.90669982420897,5813.489751256886,One year,Fiber optic,No,Yes,No,Yes,No,Yes,Yes
CUST_01257,51,19,58.258882367092006,3161.264456074215,One year,Fiber optic,No,Yes,Yes,No,No,No,No
CUST_01258,64,26,52.583001993739444,1335.0520774072272,Two year,No,Yes,No,Yes,Yes,Yes,No,Yes
CUST_01259,25,37,43.76142001946425,3036.6545521960074,Month-to-month,DSL,No,Yes,Yes,No,No,No,No
CUST_01260,57,71,73.54583089593413,1984.778005013558,Two year,Fiber optic,Yes,Yes,No,Yes,Yes,No,No
CUST_01261,66,64,111.89027643456883,6784.543613762443,Month-to-month,No,No,Yes,No,Yes,Yes,Yes,Yes
CUST_01262,61,53,88.57030513889372,8360.28750706554,Month-to-month,DSL,Yes,Yes,Yes,No,Yes,No,No
CUST_01263,36,23,94.44147140355673,314.1276678500465,Month-to-month,No,Yes,No,Yes,No,No,No,No
CUST_01264,59,46,103.43778636564078,5896.169153448368,Month-to-month,DSL,No,No,No,No,Yes,Yes,No
CUST_01265,58,70,55.163497333784875,2317.2458024372872,Month-to-month,Fiber optic,Yes,No,No,Yes,No,Yes,No
CUST_01266,54,62,26.287578211448764,657.8326085020734,One year,DSL,No,No,No,No,No,Yes,No
CUST_01267,23,56,82.25588033216442,220.55100051646554,Month-to-month,DSL,Yes,No,Yes,No,No,No,Yes
CUST_01268,69,54,38.867229122803266,7500.481221384388,One year,No,No,Yes,No,No,No,Yes,Yes
CUST_01269,43,59,76.90436499956662,3070.294617453516,Month-to-month,DSL,Yes,Yes,No,Yes,Yes,Yes,No
CUST_01270,51,61,93.95102331570648,8454.168693561074,One year,Fiber optic,Yes,No,No,Yes,No,Yes,No
CUST_01271,76,29,98.36383021478366,3815.9682080937832,Two year,No,Yes,No,No,Yes,Yes,Yes,No
CUST_01272,73,21,50.18391202475155,1675.821114879545,Two year,No,No,Yes,Yes,No,Yes,No,Yes
CUST_01273,76,28,71.24332325693152,6628.005975589385,One year,No,No,No,Yes,Yes,No,No,No
CUST_01274,62,40,82.09650962771923,7882.534617485308,Month-to-month,No,Yes,No,No,Yes,Yes,Yes,No
CUST_01275,23,41,101.94807217006219,6951.216658514124,One year,No,Yes,Yes,No,No,Yes,No,No
CUST_01276,54,64,96.13886651049474,6359.673565831233,One year,No,Yes,Yes,No,No,No,No,No
CUST_01277,74,30,118.79753209773703,2911.4774339610153,Month-to-month,No,No,No,No,No,No,Yes,No
CUST_01278,50,29,20.808467653001088,641.7190567183587,Two year,Fiber optic,Yes,No,No,No,No,Yes,Yes
CUST_01279,70,17,63.7489440863133,1790.9145279047543,One year,Fiber optic,Yes,Yes,No,Yes,No,No,No
CUST_01280,39,16,45.60444863761279,3853.2061356781687,Two year,No,Yes,No,No,Yes,Yes,Yes,Yes
CUST_01281,38,37,31.98933871448734,8132.078908120993,Two year,DSL,No,No,No,Yes,Yes,No,No
CUST_01282,23,13,111.15153281671846,6171.975109272975,Two year,No,Yes,Yes,Yes,Yes,No,Yes,No
CUST_01283,23,55,119.79620660956863,7057.577579413278,One year,No,Yes,No,Yes,No,No,No,No
CUST_01284,72,21,38.059620790472366,2429.2687340143984,One year,No,No,No,No,Yes,Yes,No,No
CUST_01285,65,66,23.84333928013636,5844.113430609427,Month-to-month,DSL,Yes,No,Yes,No,Yes,No,No
CUST_01286,21,55,47.50544476805004,7344.48040437517,Month-to-month,Fiber optic,No,Yes,Yes,No,No,No,No
CUST_01287,47,18,103.48619180663957,4127.05672513131,One year,DSL,No,Yes,Yes,Yes,No,Yes,No
CUST_01288,28,56,49.389008319931676,3711.0916259383725,Month-to-month,DSL,No,Yes,Yes,No,No,Yes,Yes
CUST_01289,79,43,25.690148049762158,6142.997912826941,Two year,DSL,No,No,No,No,No,No,No
CUST_01290,79,34,25.24921839530299,4803.258164455869,Two year,DSL,No,No,No,No,No,Yes,No
CUST_01291,47,0,62.74228023694364,8442.63709882997,One year,No,Yes,No,No,No,No,Yes,No
CUST_01292,48,51,113.18257230616197,3670.863526119918,Two year,Fiber optic,Yes,Yes,No,No,No,No,No
CUST_01293,41,69,48.592044163963195,1577.9235295298874,One year,DSL,Yes,No,Yes,Yes,Yes,No,No
CUST_01294,72,36,62.715768070104374,4064.2544434050283,One year,Fiber optic,Yes,Yes,Yes,No,Yes,No,No
CUST_01295,26,64,30.193380538260854,2075.721942020943,One year,No,Yes,No,Yes,Yes,Yes,No,No
CUST_01296,72,50,69.35727932689811,4814.532094673808,Two year,No,Yes,No,Yes,No,Yes,No,No
CUST_01297,20,0,89.6547064285704,1156.694736478745,One year,Fiber optic,Yes,Yes,No,No,Yes,No,No
CUST_01298,68,20,47.11503611772196,8079.8006978131625,One year,No,Yes,No,No,Yes,Yes,No,No
CUST_01299,48,52,49.67113085286847,7322.512204937352,Month-to-month,Fiber optic,No,No,No,Yes,No,Yes,Yes
CUST_01300,57,15,104.19750254062713,1406.7493357145115,Two year,DSL,Yes,Yes,Yes,No,No,Yes,No
CUST_01301,54,60,21.03637223471771,1548.1005510748814,One year,No,Yes,No,No,Yes,No,No,No
CUST_01302,53,53,83.6470708550097,4404.484865699339,Month-to-month,No,No,No,No,Yes,No,Yes,Yes
CUST_01303,41,39,59.3884634941617,6592.203651150491,One year,Fiber optic,Yes,No,No,Yes,No,No,Yes
CUST_01304,48,25,49.8380513561469,1940.2664196072474,Two year,No,No,No,Yes,No,Yes,No,Yes
CUST_01305,23,64,85.75938322438772,612.1624443000675,Month-to-month,DSL,Yes,Yes,No,Yes,Yes,Yes,Yes
CUST_01306,19,63,103.46685217897051,4682.487923293967,Month-to-month,No,Yes,No,No,Yes,Yes,No,No
CUST_01307,37,42,75.83921163286738,5909.415758456884,One year,No,No,Yes,No,Yes,Yes,Yes,No
CUST_01308,45,16,23.1094621943056,2152.6701268588226,One year,No,Yes,No,No,No,Yes,No,Yes
CUST_01309,28,58,66.1401190825576,6314.049417105361,Two year,Fiber optic,No,No,Yes,Yes,Yes,No,No
CUST_01310,21,22,66.2759940893973,8085.407793534713,Two year,DSL,No,No,No,Yes,Yes,Yes,Yes
CUST_01311,32,6,74.37984948046079,1251.425318557972,One year,DSL,No,Yes,Yes,No,Yes,No,No
CUST_01312,23,43,87.09589010435522,4392.644148593041,Month-to-month,No,Yes,No,No,Yes,No,No,No
CUST_01313,71,52,21.931840353434044,577.4723857252939,Two year,No,No,No,No,No,Yes,No,No
CUST_01314,66,70,70.20126243997504,1835.9524607380108,Two year,Fiber optic,No,Yes,No,No,No,No,No
CUST_01315,47,33,78.83077693805907,854.4825690730156,Month-to-month,DSL,Yes,Yes,No,No,No,Yes,No
CUST_01316,73,45,54.3353386416052,3493.6556338737014,One year,No,No,No,No,Yes,No,Yes,No
CUST_01317,55,67,86.83652265904331,6994.987039147964,Two year,DSL,No,Yes,Yes,Yes,Yes,Yes,Yes
CUST_01318,68,15,42.81777171291711,4947.895784382963,Month-to-month,No,Yes,Yes,No,No,Yes,Yes,Yes
CUST_01319,79,70,51.73723330674516,1969.7126321896185,Two year,No,Yes,No,No,Yes,Yes,Yes,Yes
CUST_01320,74,18,116.2755347424326,436.929435604074,Month-to-month,Fiber optic,Yes,Yes,No,Yes,Yes,Yes,No
CUST_01321,19,1,54.807037086114015,4748.544840408725,Two year,DSL,No,No,Yes,No,Yes,No,No
CUST_01322,32,9,54.6500887365745,1215.4924059207963,One year,DSL,No,Yes,Yes,Yes,Yes,Yes,No
CUST_01323,28,49,79.56806358231152,2978.965829855561,Month-to-month,No,Yes,Yes,No,Yes,No,Yes,Yes
CUST_01324,25,11,117.09753298600602,4385.61497487429,Two year,No,No,No,Yes,Yes,Yes,No,No
CUST_01325,43,69,118.30804459530003,7691.353299764017,Two year,Fiber optic,No,No,No,Yes,Yes,Yes,Yes
CUST_01326,68,21,77.96579636763161,787.3159475452226,Month-to-month,No,Yes,No,Yes,No,Yes,No,No
CUST_01327,62,31,20.108701980493255,5716.303775041377,Month-to-month,DSL,Yes,Yes,No,Yes,Yes,No,No
CUST_01328,61,0,110.06565507683997,218.28279824097962,One year,Fiber optic,Yes,No,Yes,No,Yes,Yes,Yes
CUST_01329,22,53,77.0237964577048,5391.231839826485,Month-to-month,DSL,No,No,Yes,No,Yes,No,No
CUST_01330,23,57,56.599640828993586,4732.8729103769865,Two year,Fiber optic,Yes,No,Yes,No,No,No,No
CUST_01331,43,69,102.91951410159383,6919.679608756569,One year,DSL,No,Yes,Yes,Yes,Yes,Yes,Yes
CUST_01332,71,17,59.983245935020506,4565.964772061627,Month-to-month,No,Yes,No,Yes,No,Yes,No,Yes
CUST_01333,21,5,23.404450620026466,3061.9794376995546,Two year,DSL,No,No,Yes,Yes,Yes,Yes,Yes
CUST_01334,36,44,102.10722230570188,2139.107319157103,Month-to-month,DSL,Yes,Yes,Yes,No,No,No,Yes
CUST_01335,37,22,74.58594010197623,816.0978309694133,Two year,Fiber optic,No,No,Yes,Yes,No,No,No
CUST_01336,50,22,53.81435382241962,4590.7464640900225,Two year,DSL,No,No,No,No,No,No,No
CUST_01337,37,25,45.08923763538512,7561.904183847975,One year,No,No,No,No,No,No,Yes,Yes
CUST_01338,66,6,79.37974594154255,4423.853749227791,One year,Fiber optic,No,No,No,No,Yes,No,Yes
CUST_01339,29,43,40.80495482251001,6308.464002713496,Month-to-month,Fiber optic,No,Yes,No,No,Yes,Yes,Yes
CUST_01340,64,26,52.38508865570032,2606.853481027635,One year,DSL,No,No,No,No,Yes,Yes,No
CUST_01341,18,25,83.65303094139836,3864.299222948049,Month-to-month,Fiber optic,No,No,No,No,No,Yes,Yes
CUST_01342,43,35,108.1544450405932,2826.6669089458237,One year,No,Yes,No,Yes,No,Yes,No,Yes
CUST_01343,31,54,73.28903283915989,1017.8353353811381,One year,DSL,No,No,Yes,No,Yes,No,Yes
CUST_01344,55,63,95.91063982990926,3602.7042675814414,Month-to-month,No,No,No,Yes,No,No,No,Yes
CUST_01345,54,56,96.30606037630419,6520.012747432617,One year,DSL,No,Yes,No,Yes,Yes,Yes,No
CUST_01346,79,68,86.43539526593868,3417.7899961739445,One year,DSL,No,No,Yes,Yes,No,Yes,Yes
CUST_01347,28,60,44.58383376805176,5561.505466633445,One year,Fiber optic,No,No,Yes,Yes,Yes,Yes,Yes
CUST_01348,53,1,106.6788598150242,6472.370066027226,One year,Fiber optic,Yes,No,Yes,No,No,Yes,No
CUST_01349,30,54,63.62756556395665,2810.9843086171104,Month-to-month,Fiber optic,Yes,Yes,Yes,Yes,Yes,No,No
CUST_01350,60,37,24.42107439357006,6799.1223006860055,Two year,DSL,Yes,No,No,No,No,Yes,No
CUST_01351,20,28,44.46126700695251,2946.976022545561,Month-to-month,Fiber optic,No,Yes,Yes,Yes,No,Yes,No
CUST_01352,50,25,96.55483540993157,2251.299307867831,Month-to-month,No,No,No,Yes,Yes,No,No,No
CUST_01353,23,34,26.913333581748937,1968.5478091828663,Month-to-month,Fiber optic,No,No,No,No,No,No,No
CUST_01354,67,66,34.73644021549112,1779.19482408865,One year,No,Yes,Yes,No,Yes,No,Yes,No
CUST_01355,73,28,89.42268160417045,6291.842211632533,One year,Fiber optic,Yes,No,No,No,Yes,No,No
CUST_01356,27,33,109.26007897275406,7555.077792878108,Two year,DSL,Yes,No,Yes,Yes,Yes,Yes,No
CUST_01357,22,40,83.37320050576369,2037.4471831564294,One year,Fiber optic,No,Yes,Yes,Yes,Yes,No,No
CUST_01358,40,40,42.22910538295546,816.0185014876931,Two year,No,No,No,Yes,Yes,No,No,No
CUST_01359,27,22,25.34137632495486,2735.6426008228827,Two year,No,No,No,No,No,No,No,Yes
CUST_01360,61,70,81.51265825503117,5625.916806939413,One year,Fiber optic,No,No,Yes,Yes,Yes,Yes,No
CUST_01361,19,2,24.7398577931164,3195.5687746987264,Two year,No,Yes,Yes,No,No,No,No,No
CUST_01362,30,57,81.2722051941757,4713.082929374238,Month-to-month,DSL,Yes,Yes,No,Yes,Yes,Yes,No
CUST_01363,57,31,42.55799441610951,6352.161711671641,Month-to-month,Fiber optic,Yes,No,No,Yes,Yes,Yes,No
CUST_01364,19,30,110.46560624088296,3531.2196617024074,Month-to-month,No,Yes,No,Yes,No,No,No,No
CUST_01365,37,42,67.50926684873619,8497.436583518036,Two year,Fiber optic,Yes,Yes,No,No,Yes,Yes,No
CUST_01366,18,6,42.39384333096957,2602.773785978221,Two year,Fiber optic,No,No,No,Yes,No,Yes,Yes
CUST_01367,54,0,105.31453165585916,8317.286155729984,Month-to-month,Fiber optic,Yes,No,Yes,Yes,No,No,Yes
CUST_01368,26,60,45.40353984475083,1805.4491879581572,One year,Fiber optic,No,Yes,No,No,No,No,No
CUST_01369,34,13,50.65990765248755,1031.826643420034,Month-to-month,Fiber optic,No,Yes,No,No,Yes,Yes,No
CUST_01370,26,51,103.42778990554557,6406.977250792691,One year,DSL,Yes,Yes,Yes,Yes,Yes,Yes,Yes
CUST_01371,28,5,50.879202980059596,5999.401115870063,One year,Fiber optic,Yes,No,Yes,No,No,Yes,Yes
CUST_01372,32,9,61.01637692306374,6913.822516836701,Two year,DSL,No,No,No,Yes,Yes,Yes,No
CUST_01373,41,70,54.766567075886655,2986.159542559761,Two year,Fiber optic,No,Yes,No,No,No,No,No
CUST_01374,55,29,31.640031783037585,7918.784292365063,One year,No,No,No,Yes,No,Yes,Yes,Yes
CUST_01375,72,20,23.889581224682615,1103.6439983338623,One year,Fiber optic,No,No,No,Yes,No,No,No
CUST_01376,52,59,92.45406740609813,354.3276511814597,One year,Fiber optic,Yes,No,No,Yes,No,Yes,No
CUST_01377,47,62,84.51371239357206,2624.7366349405606,Two year,No,No,No,No,Yes,Yes,Yes,No
CUST_01378,48,41,48.23660675520571,6797.525492562104,Month-to-month,DSL,Yes,Yes,No,Yes,Yes,No,No
CUST_01379,66,50,49.55991249848785,5753.051381098645,One year,DSL,Yes,No,Yes,No,No,No,Yes
CUST_01380,22,63,114.50057830086813,3764.1536194700343,Two year,DSL,Yes,Yes,No,No,Yes,No,No
CUST_01381,79,55,118.76711272334921,2252.530359232418,Month-to-month,DSL,Yes,No,No,No,No,Yes,No
CUST_01382,77,40,67.34349032336935,597.8914088510085,Two year,No,No,Yes,Yes,No,Yes,No,No
CUST_01383,61,31,100.24517454814936,2935.0468589587695,Month-to-month,DSL,No,Yes,No,No,Yes,Yes,Yes
CUST_01384,67,14,93.66858758693654,3964.1660491398966,Two year,DSL,Yes,No,No,Yes,No,Yes,No
CUST_01385,31,61,49.731770951204695,5871.000239798124,Month-to-month,DSL,No,Yes,No,Yes,Yes,No,Yes
CUST_01386,70,26,25.856271052047834,5526.16442155002,One year,DSL,Yes,No,No,No,Yes,Yes,No
CUST_01387,73,27,34.255625713494,8057.697184627775,Two year,DSL,Yes,No,Yes,No,Yes,Yes,No
CUST_01388,28,63,103.82941170007634,943.3257200440328,Month-to-month,Fiber optic,No,Yes,Yes,Yes,Yes,Yes,No
CUST_01389,26,58,93.12138199962811,2925.2570321847456,Month-to-month,Fiber optic,No,Yes,No,No,Yes,No,No
CUST_01390,51,57,86.43348444622778,4145.255888269946,Month-to-month,DSL,No,Yes,Yes,Yes,Yes,Yes,No
CUST_01391,29,1,33.06488316966483,5733.84466837351,One year,No,No,Yes,Yes,No,No,Yes,Yes
CUST_01392,52,35,83.99306874505248,4261.794208107814,Two year,No,Yes,No,Yes,No,Yes,Yes,No
CUST_01393,52,70,97.21523314931154,7767.169148352605,Month-to-month,Fiber optic,Yes,No,No,No,Yes,Yes,No
CUST_01394,18,12,106.06017498602905,5212.847703038434,One year,No,Yes,Yes,No,Yes,No,No,No
CUST_01395,57,14,21.323127919361824,433.189441406208,One year,Fiber optic,No,Yes,Yes,Yes,Yes,No,Yes
CUST_01396,39,59,88.44751018784777,1054.710140155528,One year,DSL,No,Yes,Yes,No,No,Yes,No
CUST_01397,77,21,21.90976556032044,6429.362716436692,One year,DSL,Yes,No,Yes,No,Yes,Yes,Yes
CUST_01398,46,62,90.68728455434385,6112.616649308871,One year,No,No,Yes,Yes,Yes,Yes,Yes,No
CUST_01399,25,24,83.56213647320048,1389.3748153359231,One year,No,Yes,No,Yes,Yes,Yes,Yes,No
CUST_01400,28,47,34.83478629189725,594.8327529515949,One year,No,Yes,No,Yes,No,No,No,Yes
CUST_01401,58,42,96.61217513451302,4961.229985694896,Two year,DSL,Yes,Yes,Yes,Yes,Yes,No,No
CUST_01402,54,37,26.834761818969113,5440.20618902456,Two year,DSL,No,No,No,No,No,No,No
CUST_01403,31,40,102.63987737446334,1236.5169551078134,One year,No,No,No,No,No,Yes,No,No
CUST_01404,77,44,46.192924484822896,4078.402296742848,Month-to-month,No,Yes,No,No,No,Yes,No,No
CUST_01405,47,39,88.8851862300665,2668.9848445946686,Month-to-month,No,No,Yes,No,Yes,No,No,No
CUST_01406,52,16,112.36893410218703,7922.967423349856,Month-to-month,No,No,Yes,Yes,Yes,Yes,Yes,No
CUST_01407,38,56,53.98270246734489,1941.2783484709985,One year,Fiber optic,No,No,No,No,No,Yes,No
CUST_01408,54,1,70.28940779404192,6259.390097587717,Month-to-month,No,Yes,Yes,Yes,No,Yes,Yes,No
CUST_01409,22,61,66.31180339504505,4452.324872092436,Two year,No,No,No,No,No,No,No,No
CUST_01410,36,8,35.76113490628681,196.77650101876446,Two year,Fiber optic,No,Yes,No,No,No,Yes,Yes
CUST_01411,76,67,79.03120104907617,4442.788098985989,Two year,Fiber optic,No,No,Yes,Yes,No,Yes,No
CUST_01412,31,16,94.3001918520948,935.5660593238125,Two year,Fiber optic,Yes,Yes,Yes,No,Yes,Yes,No
CUST_01413,43,49,111.68748289238192,5636.122444932618,One year,Fiber optic,Yes,Yes,No,Yes,No,No,No
CUST_01414,79,39,105.08026016495128,4850.397655205206,Two year,No,Yes,No,No,No,No,No,No
CUST_01415,21,57,71.00193797280318,187.58870960118634,Month-to-month,DSL,No,Yes,No,No,Yes,Yes,Yes
CUST_01416,42,20,91.90171545119348,1819.419768497043,Month-to-month,DSL,Yes,No,No,Yes,No,Yes,No
CUST_01417,62,17,100.07834133738928,6620.290444124991,Two year,DSL,No,Yes,No,Yes,Yes,No,No
CUST_01418,59,54,69.34887137383488,2416.4899601369775,Two year,DSL,Yes,Yes,Yes,Yes,No,No,No
CUST_01419,42,28,31.542756070426776,4293.9805697696465,Two year,DSL,No,Yes,Yes,Yes,No,Yes,No
CUST_01420,35,23,63.793076384737084,2720.7883610371437,Month-to-month,DSL,Yes,Yes,Yes,Yes,No,No,No
CUST_01421,57,16,104.24780382015649,7840.825593739336,Month-to-month,Fiber optic,Yes,No,Yes,Yes,No,No,No
CUST_01422,25,17,79.6641405393735,4607.246949380847,Two year,Fiber optic,No,No,Yes,No,No,Yes,No
CUST_01423,56,41,92.44583770093391,5947.857524790576,Month-to-month,DSL,Yes,No,Yes,Yes,No,Yes,Yes
CUST_01424,57,44,38.526802215258755,801.199279455707,Month-to-month,No,No,No,No,No,Yes,Yes,No
CUST_01425,31,16,116.43377682110057,438.82229527511794,One year,No,No,Yes,Yes,Yes,Yes,No,No
CUST_01426,49,13,60.408052949330944,2277.5168385638995,Two year,DSL,No,Yes,No,Yes,Yes,Yes,No
CUST_01427,68,48,85.36355227177289,2696.7280549306943,Two year,No,No,No,No,Yes,Yes,Yes,No
CUST_01428,78,28,21.887225459060527,5876.516545911176,One year,Fiber optic,No,No,No,No,Yes,No,No
CUST_01429,55,3,32.731926225529136,4880.696222784507,One year,Fiber optic,No,No,No,No,Yes,No,No
CUST_01430,50,19,98.2034269884919,3246.468698253876,Month-to-month,No,Yes,No,No,Yes,No,Yes,Yes
CUST_01431,40,46,116.79694455202547,5594.586867095291,One year,DSL,Yes,Yes,No,Yes,No,Yes,No
CUST_01432,32,8,52.00553550554782,1473.952277624812,Two year,Fiber optic,Yes,No,No,No,No,Yes,No
CUST_01433,50,26,23.718073494126482,633.3134364435296,Two year,No,Yes,Yes,No,Yes,Yes,No,No
CUST_01434,42,14,56.08666019801375,7277.842775472884,Two year,No,Yes,Yes,Yes,No,Yes,No,Yes
CUST_01435,34,18,21.746813027900263,4837.147477458571,Month-to-month,Fiber optic,Yes,Yes,Yes,Yes,No,Yes,No
CUST_01436,50,51,39.237309226246914,5552.400298554338,Month-to-month,Fiber optic,No,Yes,No,No,No,Yes,No
CUST_01437,64,25,95.24720150537384,2680.8349062964226,Two year,DSL,No,Yes,No,No,Yes,No,No
CUST_01438,72,25,113.70883981064961,3224.4216449966775,Two year,No,No,Yes,Yes,Yes,Yes,No,Yes
CUST_01439,19,25,28.744908436888664,791.8865560849961,Month-to-month,DSL,Yes,Yes,No,Yes,No,Yes,Yes
CUST_01440,31,45,75.79007788105093,7298.700777534897,Month-to-month,Fiber optic,No,No,Yes,No,Yes,No,Yes
CUST_01441,70,48,45.38808461240319,5076.491380663053,One year,No,No,No,No,Yes,Yes,No,No
CUST_01442,57,52,33.905912579392954,802.4723707115013,Month-to-month,Fiber optic,No,Yes,No,Yes,Yes,Yes,No
CUST_01443,57,2,41.89802298915575,6858.048637690005,Month-to-month,Fiber optic,No,No,No,Yes,No,No,No
CUST_01444,68,65,77.77630674977075,3830.569103942586,Two year,Fiber optic,Yes,Yes,No,Yes,Yes,No,No
CUST_01445,56,41,26.513450144396103,6526.8513414281115,Two year,DSL,No,No,No,No,No,No,No
CUST_01446,68,18,63.42185961684175,206.00684154884323,Two year,Fiber optic,No,No,Yes,No,No,No,Yes
CUST_01447,23,16,33.52278509551638,341.4134545658302,One year,DSL,No,No,No,No,Yes,Yes,Yes
CUST_01448,23,32,47.26770523944815,1534.5768537700153,Month-to-month,Fiber optic,Yes,No,No,No,No,No,No
CUST_01449,20,48,39.07543297432639,1871.6990715817105,One year,Fiber optic,Yes,No,Yes,No,No,No,No
CUST_01450,24,55,108.29754998308972,6517.226454605157,Month-to-month,No,No,No,No,Yes,No,Yes,No
CUST_01451,68,62,90.80113308712896,6036.230977739424,Month-to-month,Fiber optic,No,No,Yes,No,No,No,Yes
CUST_01452,25,2,106.84625789474705,5275.140200690556,Two year,No,Yes,No,Yes,No,No,Yes,No
CUST_01453,59,48,58.34628345476925,7532.814730460046,Month-to-month,No,Yes,Yes,Yes,Yes,No,No,No
CUST_01454,69,54,51.34133648536701,2176.049782713477,One year,DSL,No,Yes,No,No,Yes,No,No
CUST_01455,32,25,58.058719489776706,7697.001192797366,Two year,No,Yes,Yes,Yes,Yes,Yes,No,No
CUST_01456,64,71,21.854819572440746,7739.556981827533,One year,No,Yes,No,No,No,Yes,Yes,No
CUST_01457,46,51,92.47042751485581,3747.781985569657,One year,Fiber optic,Yes,Yes,No,Yes,No,No,No
CUST_01458,50,6,54.97724568950783,892.8440835294185,Two year,Fiber optic,No,Yes,No,No,Yes,Yes,No
CUST_01459,69,45,51.33238035767917,6203.10322879201,Month-to-month,DSL,Yes,No,Yes,No,Yes,Yes,No
CUST_01460,47,45,79.81410653705329,2930.2008502354647,One year,No,Yes,Yes,Yes,No,No,No,No
CUST_01461,56,15,63.624991170981644,6777.407946468537,Month-to-month,No,No,Yes,No,Yes,No,No,Yes
CUST_01462,44,23,118.08433682238984,1474.9983847919464,Two year,DSL,No,No,No,Yes,Yes,Yes,No
CUST_01463,53,60,55.625304289880134,4631.926954024669,Month-to-month,Fiber optic,No,No,Yes,No,Yes,Yes,Yes
CUST_01464,46,53,81.38958422079133,4367.819334672971,Month-to-month,No,Yes,Yes,No,No,Yes,Yes,No
CUST_01465,55,61,51.165110060965176,942.6417207847534,Two year,DSL,Yes,No,Yes,Yes,No,Yes,No
CUST_01466,74,0,119.05949802106568,3151.995735650331,Month-to-month,Fiber optic,No,No,No,Yes,Yes,Yes,No
CUST_01467,50,48,64.51110347201282,811.9446329525156,One year,DSL,No,Yes,Yes,No,Yes,Yes,No
CUST_01468,78,24,83.4128810866803,4003.8185999028783,One year,DSL,No,No,Yes,Yes,No,Yes,Yes
CUST_01469,54,9,32.67216709526771,7180.398292355861,One year,No,No,Yes,Yes,Yes,No,Yes,Yes
CUST_01470,44,15,93.30242148636582,2369.7200117547063,Month-to-month,Fiber optic,No,No,Yes,Yes,No,Yes,No
CUST_01471,72,57,46.9210057875622,6524.840692374475,One year,No,Yes,No,No,Yes,Yes,No,No
CUST_01472,50,71,64.86132528296719,1640.7902911446333,Month-to-month,No,Yes,Yes,Yes,Yes,No,Yes,No
CUST_01473,79,28,108.31330623274579,5759.3733909214725,Month-to-month,Fiber optic,No,No,No,Yes,No,Yes,No
CUST_01474,21,5,117.05525148851014,7790.514159415777,Month-to-month,Fiber optic,Yes,No,Yes,Yes,No,Yes,No
CUST_01475,39,15,62.4572101840357,2820.995885152466,Month-to-month,Fiber optic,No,Yes,Yes,Yes,No,Yes,No
CUST_01476,19,19,103.48026679544999,7663.457759944393,Two year,No,Yes,No,No,No,No,No,No
CUST_01477,27,70,25.334899454986076,4345.535782821714,One year,Fiber optic,Yes,No,Yes,Yes,Yes,Yes,No
CUST_01478,22,42,104.75740297902625,2761.163118591523,One year,Fiber optic,No,No,No,Yes,Yes,No,No
CUST_01479,76,25,82.95103221526497,7630.669174936864,Month-to-month,Fiber optic,No,No,No,Yes,Yes,No,No
CUST_01480,27,70,68.87061683916019,369.1130408657167,Two year,DSL,No,Yes,Yes,Yes,Yes,No,No
CUST_01481,50,32,108.99637051372477,335.3583506916078,Month-to-month,Fiber optic,No,No,No,No,Yes,No,Yes
CUST_01482,71,25,104.53372225064139,5138.568675333197,One year,No,Yes,No,No,No,No,Yes,No
CUST_01483,55,44,49.694509595357204,6792.706025573968,One year,DSL,Yes,No,Yes,No,Yes,No,No
CUST_01484,30,62,99.14883823447575,6412.988982480092,Two year,No,No,No,No,Yes,No,Yes,No
CUST_01485,48,66,29.94909336623726,767.5438281534864,Month-to-month,DSL,Yes,No,No,No,Yes,Yes,No
CUST_01486,64,51,102.27639354673701,8082.110025681885,Two year,Fiber optic,No,Yes,Yes,No,Yes,Yes,No
CUST_01487,53,67,87.54556180232505,6005.733716155131,Month-to-month,DSL,No,No,No,No,Yes,No,No
CUST_01488,62,25,28.786633093194276,8072.541251313008,Two year,No,No,Yes,Yes,Yes,No,No,Yes
CUST_01489,41,1,88.30801734741354,2864.4211753824575,One year,DSL,No,Yes,No,Yes,Yes,Yes,No
CUST_01490,69,13,78.05192766763702,5929.0886750556665,Two year,Fiber optic,No,Yes,Yes,No,No,No,No
CUST_01491,73,29,79.45501011450449,7323.485472561276,One year,Fiber optic,Yes,Yes,No,No,Yes,No,No
CUST_01492,32,48,49.086393512969856,3295.8994744960637,One year,No,Yes,No,No,Yes,No,No,No
CUST_01493,46,11,46.64972000128453,8204.823317655988,Month-to-month,DSL,Yes,Yes,Yes,Yes,Yes,Yes,No
CUST_01494,25,43,96.253511205402,2325.9394462525443,Two year,No,No,No,No,No,No,No,No
CUST_01495,22,32,45.68134810172391,2751.1544585782535,Two year,No,No,No,Yes,Yes,No,Yes,Yes
CUST_01496,46,12,64.62622518098986,7830.7600436671255,Two year,No,Yes,Yes,No,No,Yes,No,No
CUST_01497,64,25,89.47889985987847,8245.141870622709,Two year,Fiber optic,Yes,Yes,Yes,Yes,Yes,No,No
CUST_01498,21,20,27.961625132743777,2495.6442857632574,Month-to-month,DSL,No,No,Yes,No,Yes,No,No
CUST_01499,29,27,79.45483826116572,1245.676333000011,Month-to-month,Fiber optic,Yes,Yes,No,No,Yes,Yes,No
CUST_01500,62,47,78.93763726481173,6476.06544156902,Month-to-month,Fiber optic,No,No,Yes,No,Yes,No,No
CUST_01501,19,39,88.42287108880255,7909.188236923765,One year,Fiber optic,No,Yes,Yes,No,No,Yes,No
CUST_01502,44,65,56.992809530565864,5145.994607095747,One year,DSL,No,No,No,No,Yes,Yes,No
CUST_01503,48,22,64.89797740638397,5429.959217012472,One year,Fiber optic,Yes,No,No,No,Yes,No,No
CUST_01504,68,47,52.996931394469364,6508.724007047322,Month-to-month,Fiber optic,No,Yes,Yes,Yes,Yes,No,Yes
CUST_01505,68,1,100.81682471887758,1385.912478267829,One year,Fiber optic,No,Yes,Yes,Yes,Yes,Yes,Yes
CUST_01506,53,19,33.06107600361325,8277.13873055581,Two year,DSL,Yes,Yes,Yes,No,No,Yes,No
CUST_01507,53,58,116.29539535753298,3160.366831720196,One year,DSL,No,Yes,No,Yes,No,No,No
CUST_01508,43,45,83.48361559792174,5377.219577915006,Month-to-month,No,No,No,Yes,Yes,No,No,No
CUST_01509,60,2,108.6906724392176,4036.37457219994,Month-to-month,Fiber optic,Yes,Yes,Yes,Yes,No,No,Yes
CUST_01510,44,54,62.623145826476424,4032.7202300246977,Month-to-month,Fiber optic,Yes,No,Yes,No,No,Yes,No
CUST_01511,22,11,53.227907039199664,6003.05272580566,Month-to-month,DSL,No,No,No,No,No,No,No
CUST_01512,37,39,110.07258101239835,8455.163310526937,Two year,DSL,Yes,No,Yes,Yes,No,No,Yes
CUST_01513,28,65,29.887302887630277,5636.102744165993,One year,Fiber optic,Yes,No,Yes,Yes,No,Yes,Yes
CUST_01514,79,15,31.71072315052778,6770.096705210975,One year,No,No,Yes,No,No,Yes,Yes,Yes
CUST_01515,27,33,49.93467764846773,331.974881003069,Month-to-month,No,No,Yes,Yes,No,Yes,No,Yes
CUST_01516,57,43,115.97749817663185,6907.589900144473,One year,Fiber optic,No,No,No,Yes,Yes,Yes,Yes
CUST_01517,55,5,83.30686098651071,2619.797406853696,Two year,No,No,No,Yes,Yes,No,Yes,Yes
CUST_01518,23,63,75.41936966153982,1164.295498291185,Month-to-month,No,No,Yes,No,Yes,No,No,No
CUST_01519,25,21,90.53563363554206,1052.006317760729,One year,Fiber optic,No,Yes,No,Yes,Yes,No,Yes
CUST_01520,40,17,61.74745560781662,5810.9484390248645,One year,No,Yes,No,Yes,Yes,Yes,Yes,No
CUST_01521,64,11,95.80735014207993,8479.98142274062,One year,DSL,No,No,Yes,Yes,Yes,Yes,No
CUST_01522,43,51,59.32306979728776,5696.0388263323575,One year,Fiber optic,Yes,No,No,Yes,No,No,No
CUST_01523,63,50,102.63631848564646,2303.7244605609158,Month-to-month,DSL,Yes,Yes,No,Yes,No,No,No
CUST_01524,60,70,46.729508207650454,1807.7701564246934,Month-to-month,Fiber optic,No,Yes,Yes,Yes,No,Yes,No
CUST_01525,29,47,47.75466592980243,4518.039633851542,Two year,DSL,Yes,Yes,Yes,No,No,Yes,No
CUST_01526,43,18,72.23833054267351,646.3301145459077,Month-to-month,No,No,No,No,No,No,No,No
CUST_01527,30,5,63.076115836173514,3454.3789965883725,One year,DSL,Yes,Yes,Yes,No,Yes,No,Yes
CUST_01528,57,26,84.81158442846954,5696.373193648615,One year,DSL,Yes,No,Yes,Yes,No,Yes,No
CUST_01529,79,52,56.4290754673579,8228.363116791268,One year,DSL,Yes,Yes,Yes,Yes,No,Yes,Yes
CUST_01530,35,47,43.05506490703668,3675.4889616510836,Two year,DSL,Yes,No,Yes,No,No,No,Yes
CUST_01531,42,6,66.98085628829011,1781.8810994213757,Month-to-month,DSL,Yes,Yes,No,Yes,No,No,No
CUST_01532,50,58,76.09564994971461,6965.844188331388,Month-to-month,Fiber optic,Yes,No,Yes,Yes,Yes,No,Yes
CUST_01533,64,68,34.26000538296904,6351.276008829178,Month-to-month,DSL,No,No,Yes,No,No,No,No
CUST_01534,57,10,75.67186257331653,7321.512660919849,One year,DSL,Yes,No,No,No,Yes,Yes,Yes
CUST_01535,77,14,51.92567052478968,1903.6373113602938,One year,Fiber optic,No,Yes,No,No,Yes,Yes,Yes
CUST_01536,60,63,59.24518848685079,3500.590445138615,One year,Fiber optic,No,Yes,Yes,Yes,Yes,No,No
CUST_01537,29,2,47.93181290632812,8345.057276873515,Two year,No,Yes,No,Yes,No,No,No,No
CUST_01538,61,68,113.14103277930599,1427.5554861215376,Two year,DSL,Yes,No,No,No,Yes,Yes,Yes
CUST_01539,53,22,88.33362812802139,5740.186880905678,One year,DSL,Yes,No,Yes,Yes,Yes,No,Yes
CUST_01540,65,52,46.24603114006834,2092.3494769970175,Two year,No,No,No,No,No,No,Yes,Yes
CUST_01541,21,36,84.50313345519501,4301.335652773372,Two year,DSL,Yes,No,Yes,Yes,Yes,No,No
CUST_01542,22,8,104.85724095820461,6824.281024683779,Two year,No,No,No,Yes,Yes,No,No,No
CUST_01543,73,14,60.16302083327686,4204.122841468879,Month-to-month,Fiber optic,Yes,No,Yes,Yes,Yes,Yes,No
CUST_01544,54,2,102.99575091561823,6866.046223820045,Two year,DSL,Yes,No,Yes,Yes,Yes,Yes,Yes
CUST_01545,25,69,35.44149443399924,3681.2132056989058,One year,DSL,No,No,Yes,Yes,No,Yes,No
CUST_01546,59,16,102.2781364866168,8494.564610908275,Month-to-month,Fiber optic,Yes,Yes,Yes,No,No,No,Yes
CUST_01547,66,25,74.02942426723664,3760.9571674497647,Two year,DSL,No,No,No,No,No,No,No
CUST_01548,45,20,42.29744880099821,1354.7876205577418,One year,Fiber optic,Yes,No,Yes,Yes,No,Yes,No
CUST_01549,48,71,60.71413845559114,3475.7039314536905,Two year,Fiber optic,Yes,No,Yes,Yes,Yes,Yes,No
CUST_01550,75,20,118.79929924466168,6337.782750994733,One year,No,Yes,No,Yes,No,Yes,No,No
CUST_01551,26,10,98.35560166424261,7222.67716517248,One year,Fiber optic,Yes,Yes,Yes,No,Yes,Yes,Yes
CUST_01552,71,37,77.50863613851152,3964.8677130806036,Two year,No,Yes,No,No,Yes,No,No,No
CUST_01553,68,71,31.51639119045256,5093.605464890893,Two year,Fiber optic,No,No,No,No,No,Yes,Yes
CUST_01554,46,34,61.781158290150024,7197.076569740839,Month-to-month,No,No,No,Yes,Yes,No,Yes,No
CUST_01555,31,13,46.305151401193726,6933.787911985886,Two year,No,No,No,Yes,Yes,Yes,No,Yes
CUST_01556,57,13,27.100107950539027,5624.880805033516,One year,No,No,No,No,No,Yes,No,No
CUST_01557,58,9,74.22043887193149,6946.227675707181,Month-to-month,No,No,Yes,Yes,Yes,No,Yes,No
CUST_01558,39,11,108.91856998408761,4937.650370296551,One year,DSL,Yes,No,Yes,Yes,Yes,No,Yes
CUST_01559,28,37,87.55998681741251,139.04461897235734,One year,Fiber optic,Yes,No,No,No,No,No,Yes
CUST_01560,40,33,44.96803879805112,446.6409889786749,Two year,Fiber optic,Yes,No,No,No,No,No,Yes
CUST_01561,18,40,77.35846069537891,8330.390553600739,One year,Fiber optic,Yes,Yes,Yes,No,No,Yes,No
CUST_01562,63,9,114.32342833469689,1317.9331528227237,Two year,Fiber optic,Yes,Yes,Yes,Yes,Yes,Yes,No
CUST_01563,54,16,92.29150529229354,3497.937834117087,One year,No,No,Yes,No,No,Yes,No,Yes
CUST_01564,38,16,88.9473899406764,7944.014710083731,Month-to-month,DSL,No,Yes,No,Yes,Yes,No,No
CUST_01565,43,66,116.81581662275163,1738.3316717576154,Two year,Fiber optic,No,No,Yes,Yes,No,Yes,Yes
CUST_01566,63,61,99.88733111840249,7187.847293518606,Month-to-month,Fiber optic,No,No,Yes,Yes,Yes,No,No
CUST_01567,53,0,33.66235430987521,6973.44757254056,Two year,Fiber optic,No,Yes,No,Yes,Yes,Yes,No
CUST_01568,71,11,54.76350869762014,8385.169098231254,Month-to-month,No,Yes,Yes,Yes,No,No,Yes,Yes
CUST_01569,40,3,116.51407007376861,2466.127402644614,Two year,Fiber optic,Yes,No,No,Yes,Yes,Yes,Yes
CUST_01570,74,41,68.97053941979979,2748.732985193226,Month-to-month,Fiber optic,Yes,Yes,No,No,Yes,Yes,No
CUST_01571,18,12,31.163744532118535,7684.175208885406,Month-to-month,DSL,Yes,No,No,No,No,Yes,No
CUST_01572,71,3,65.86048796723418,2066.2640972991485,Two year,No,No,Yes,Yes,No,Yes,No,No
CUST_01573,72,68,89.69932340708007,4702.368038691716,Two year,DSL,No,Yes,No,No,Yes,No,No
CUST_01574,68,18,119.75482216812411,6041.6976572048725,One year,Fiber optic,Yes,Yes,No,No,No,No,No
CUST_01575,57,1,52.390531656320185,2383.8276602082396,One year,No,Yes,Yes,Yes,No,Yes,Yes,No
CUST_01576,32,11,71.40868748792738,7982.668741735974,Two year,Fiber optic,Yes,Yes,No,No,Yes,Yes,Yes
CUST_01577,38,5,107.96807046497939,5691.859403820931,Two year,Fiber optic,Yes,Yes,No,No,No,No,No
CUST_01578,64,7,55.52672180573335,495.97018946653037,Month-to-month,No,Yes,No,Yes,No,Yes,No,No
CUST_01579,26,50,30.926155659085723,1240.195262591677,Month-to-month,DSL,Yes,No,No,Yes,Yes,Yes,No
CUST_01580,70,10,114.8935875001504,1702.5651887691342,One year,No,No,No,Yes,No,Yes,Yes,No
CUST_01581,26,62,68.84408067135001,2157.6418575449775,One year,No,No,No,Yes,Yes,Yes,No,No
CUST_01582,27,56,70.27837107719716,6237.689908247266,One year,DSL,No,Yes,No,Yes,Yes,No,Yes
CUST_01583,69,11,82.12001446041822,847.056055945932,Month-to-month,No,No,No,No,Yes,Yes,Yes,No
CUST_01584,74,1,20.35366237032246,3044.9952471195297,Month-to-month,DSL,Yes,Yes,No,No,No,Yes,No
CUST_01585,70,7,113.11311755688492,7755.619915955213,Month-to-month,DSL,Yes,Yes,No,No,No,Yes,No
CUST_01586,43,10,56.145108477454166,4776.0085652308335,One year,No,Yes,Yes,No,Yes,Yes,Yes,No
CUST_01587,58,52,59.69318623843486,2330.1711362437,Two year,No,Yes,No,Yes,No,Yes,Yes,Yes
CUST_01588,52,9,37.4109247533235,8139.272890434603,One year,DSL,No,Yes,Yes,Yes,Yes,No,No
CUST_01589,69,7,57.8151613292461,2152.2534925369323,Month-to-month,DSL,Yes,Yes,No,No,No,Yes,No
CUST_01590,42,35,100.3943530776052,7702.836818648199,One year,DSL,Yes,Yes,No,No,Yes,No,No
CUST_01591,43,13,99.99916725555349,6196.4652583622665,One year,DSL,No,Yes,Yes,Yes,No,Yes,No
CUST_01592,28,53,113.57968408954528,6320.376710453804,One year,DSL,Yes,No,No,No,Yes,Yes,Yes
CUST_01593,55,20,60.32294726807958,6525.490274573575,One year,No,No,Yes,No,No,No,Yes,No
CUST_01594,19,49,90.87215037485844,4355.182221280557,Month-to-month,Fiber optic,Yes,No,No,Yes,Yes,Yes,No
CUST_01595,24,38,70.7237555207557,6942.461298422418,One year,No,No,Yes,Yes,Yes,No,Yes,Yes
CUST_01596,35,19,100.4022789519131,7124.022021120918,Month-to-month,Fiber optic,No,No,Yes,No,Yes,Yes,Yes
CUST_01597,44,6,91.2542009132997,3128.088462079383,One year,DSL,Yes,No,Yes,No,No,No,No
CUST_01598,51,8,56.79029252862757,3462.8939530175526,Month-to-month,No,Yes,No,Yes,Yes,Yes,Yes,No
CUST_01599,44,0,53.667383425369245,7565.556435727817,Two year,Fiber optic,No,No,No,Yes,Yes,Yes,No
CUST_01600,34,25,45.24424630279675,4507.725787608004,Month-to-month,DSL,Yes,No,No,Yes,Yes,Yes,No
CUST_01601,60,37,77.65157904886378,7382.3253659117,Month-to-month,No,No,No,No,Yes,Yes,Yes,No
CUST_01602,76,37,116.38428515938595,5364.863478765582,Two year,Fiber optic,Yes,No,Yes,No,No,Yes,Yes
CUST_01603,61,60,40.0066737617566,5085.969156691956,Two year,No,No,Yes,No,Yes,Yes,Yes,Yes
CUST_01604,76,43,29.52524549043252,360.24000753403976,Two year,Fiber optic,Yes,Yes,Yes,Yes,No,Yes,No
CUST_01605,68,43,31.940064207631362,2434.312941862298,Two year,No,No,No,No,Yes,No,No,No
CUST_01606,71,61,98.30986762501499,4317.284233979472,Two year,No,No,No,Yes,No,No,No,Yes
CUST_01607,41,5,55.01048042845637,5033.464245931487,Two year,Fiber optic,Yes,No,No,Yes,Yes,No,Yes
CUST_01608,42,16,42.43668276923797,5395.650043606167,One year,No,Yes,Yes,No,No,Yes,No,No
CUST_01609,24,50,55.28441183735001,6116.271730097583,One year,No,No,Yes,No,Yes,No,No,No
CUST_01610,69,37,84.53308128295218,5612.360831266507,Two year,DSL,No,Yes,No,No,Yes,No,No
CUST_01611,23,23,74.67871248282837,7228.044342124723,Month-to-month,Fiber optic,No,No,No,Yes,No,No,No
CUST_01612,70,50,94.3589406521226,2581.9508802551127,Month-to-month,No,Yes,No,No,No,No,No,No
CUST_01613,41,9,53.90741484817763,5489.187879593496,Two year,Fiber optic,No,No,No,No,No,Yes,No
CUST_01614,50,71,65.20285734646853,529.7399192486789,One year,No,No,Yes,No,Yes,No,No,No
CUST_01615,66,20,30.19683689629235,4133.596649505034,One year,Fiber optic,Yes,No,No,Yes,No,No,No
CUST_01616,46,69,27.305864603278145,2351.476913995897,Month-to-month,Fiber optic,No,No,Yes,No,Yes,No,Yes
CUST_01617,60,56,66.22552428441006,3299.4520456754467,Two year,DSL,Yes,No,Yes,Yes,No,No,No
CUST_01618,39,38,50.15966074459236,3079.1671148256564,One year,DSL,No,Yes,Yes,Yes,Yes,Yes,No
CUST_01619,43,32,81.28005721361308,607.6176880821569,Two year,Fiber optic,Yes,No,Yes,No,No,No,No
CUST_01620,45,58,24.300216544457193,4019.8247263115545,Two year,No,Yes,No,Yes,Yes,Yes,Yes,No
CUST_01621,67,17,32.17663775995654,8454.886019129048,Month-to-month,Fiber optic,Yes,Yes,Yes,Yes,No,No,No
CUST_01622,38,55,106.51908111063952,2611.0628774264624,Two year,No,Yes,Yes,No,Yes,Yes,No,No
CUST_01623,66,56,76.63116215191044,6283.6261620133055,Two year,Fiber optic,Yes,Yes,No,Yes,Yes,Yes,No
CUST_01624,24,47,91.20545336912272,4701.422013331659,Month-to-month,DSL,Yes,Yes,Yes,No,Yes,Yes,No
CUST_01625,34,41,104.19721187072957,2831.892524464379,One year,DSL,No,No,Yes,No,No,Yes,Yes
CUST_01626,37,26,66.38343429500523,852.6993072963378,Two year,No,Yes,No,No,No,No,No,Yes
CUST_01627,58,51,96.1060383967476,1913.2063664277841,Month-to-month,Fiber optic,No,No,No,No,No,Yes,Yes
CUST_01628,66,41,72.45855790735243,6667.569731718049,One year,No,Yes,Yes,No,Yes,Yes,Yes,No
CUST_01629,37,31,42.27487702737039,2443.769490316621,Two year,DSL,Yes,Yes,No,No,Yes,Yes,No
CUST_01630,71,25,53.76561688009395,1312.1408522595666,One year,Fiber optic,No,Yes,Yes,Yes,Yes,Yes,Yes
CUST_01631,39,24,69.03504410556609,2882.9060598696537,Month-to-month,DSL,Yes,Yes,Yes,Yes,No,Yes,No
CUST_01632,45,22,51.688555217227076,5005.960798712597,Two year,DSL,No,No,No,No,No,Yes,No
CUST_01633,78,56,53.55276913498984,6009.090580035992,Month-to-month,Fiber optic,No,No,Yes,Yes,No,Yes,No
CUST_01634,57,51,53.73928312487664,3353.864630544472,Month-to-month,No,No,Yes,Yes,No,No,No,No
CUST_01635,66,30,32.28399788571042,4284.4361194581315,Two year,Fiber optic,Yes,No,No,Yes,No,Yes,No
CUST_01636,24,63,28.464260721225138,3921.300213081077,Month-to-month,DSL,No,No,No,Yes,No,No,No
CUST_01637,18,70,24.649603969130432,175.62813935678582,One year,DSL,No,Yes,No,No,No,Yes,Yes
CUST_01638,49,32,31.095626103433673,3423.0439887891253,Month-to-month,DSL,No,No,No,Yes,No,No,No
CUST_01639,30,1,54.3707092135618,5033.486405445489,Two year,DSL,Yes,No,Yes,Yes,No,Yes,Yes
CUST_01640,47,17,79.3871805783057,4887.535617892393,Two year,No,Yes,No,No,No,Yes,Yes,No
CUST_01641,40,46,38.8146927209409,6398.047490007673,One year,Fiber optic,Yes,Yes,No,No,Yes,No,No
CUST_01642,68,32,108.8008846002638,5731.157647656845,Two year,Fiber optic,Yes,Yes,Yes,Yes,No,No,Yes
CUST_01643,76,34,100.83824312394495,2425.1770957756917,Month-to-month,No,Yes,Yes,No,No,No,No,No
CUST_01644,73,50,72.05271128091636,2247.406841095286,Month-to-month,No,No,Yes,No,Yes,Yes,Yes,No
CUST_01645,36,17,92.42098308133599,3998.7911037328468,Two year,DSL,No,No,Yes,No,No,No,No
CUST_01646,79,71,56.63285246987584,6256.945208861901,One year,Fiber optic,No,Yes,No,No,Yes,Yes,No
CUST_01647,49,29,23.67777927330899,888.1493752381009,One year,Fiber optic,No,No,No,Yes,Yes,Yes,Yes
CUST_01648,47,43,110.43328475325399,8065.9432975037635,Two year,Fiber optic,Yes,No,Yes,No,Yes,Yes,No
CUST_01649,46,52,32.7793488257822,4662.486239134026,Month-to-month,No,Yes,Yes,No,Yes,Yes,Yes,No
CUST_01650,66,9,114.79373463796514,2673.830517441406,Two year,DSL,Yes,Yes,No,No,No,Yes,No
CUST_01651,62,51,77.188258826611,5924.4863394039785,Two year,DSL,Yes,Yes,Yes,Yes,No,Yes,No
CUST_01652,46,48,50.556306102143,475.69685644205504,One year,Fiber optic,No,Yes,Yes,Yes,No,Yes,Yes
CUST_01653,47,10,69.55246233118447,4168.934092577729,Month-to-month,DSL,No,No,No,No,No,No,No
CUST_01654,33,65,70.16298089230942,4182.145038695995,One year,No,No,No,No,No,No,Yes,No
CUST_01655,57,57,22.32870794425819,1460.5923932385426,One year,No,Yes,No,No,Yes,No,Yes,No
CUST_01656,36,35,55.545985188413866,7134.057653911818,Month-to-month,Fiber optic,No,Yes,No,No,No,Yes,No
CUST_01657,35,32,93.98657995429174,6793.221796914135,Month-to-month,DSL,No,Yes,Yes,Yes,Yes,No,No
CUST_01658,18,46,71.0069188950708,1382.9521134111558,Month-to-month,No,Yes,Yes,Yes,Yes,Yes,No,No
CUST_01659,31,12,44.42301170095842,3156.1492659323712,Two year,No,Yes,Yes,Yes,Yes,Yes,No,No
CUST_01660,68,39,53.5109860036944,943.6082756994585,Month-to-month,No,No,No,No,No,No,Yes,No
CUST_01661,64,67,106.30543931159491,7228.313557449253,Two year,No,Yes,Yes,Yes,No,Yes,Yes,Yes
CUST_01662,67,41,72.55496701502295,2815.888871488583,One year,DSL,No,No,No,Yes,No,No,No
CUST_01663,19,18,72.8352122551236,3790.256986004283,Month-to-month,No,No,No,No,No,No,Yes,No
CUST_01664,71,18,116.146745905101,2820.5243801727584,Two year,No,No,No,Yes,No,No,No,Yes
CUST_01665,45,57,52.088139903664334,2704.218538305588,Two year,DSL,No,Yes,Yes,No,Yes,No,No
CUST_01666,66,22,67.95411251062283,6377.338931488148,Two year,Fiber optic,No,Yes,Yes,Yes,Yes,Yes,No
CUST_01667,67,53,101.17135977208339,6379.556367110515,Two year,Fiber optic,Yes,No,No,Yes,No,No,Yes
CUST_01668,47,64,95.89122488870296,4449.420632036784,One year,No,Yes,Yes,Yes,No,Yes,Yes,No
CUST_01669,55,11,46.57994219286726,5623.982374341041,Month-to-month,Fiber optic,Yes,Yes,No,Yes,Yes,No,No
CUST_01670,68,23,35.109104760538585,4397.970857806836,Month-to-month,DSL,No,Yes,Yes,Yes,Yes,Yes,No
CUST_01671,21,33,90.07045761873682,340.1493634936063,Month-to-month,No,No,No,No,Yes,Yes,No,No
CUST_01672,18,52,45.76561768071947,654.4540382914329,Month-to-month,DSL,Yes,No,Yes,No,No,No,Yes
CUST_01673,25,7,112.26758285242411,3323.420783907783,Month-to-month,Fiber optic,Yes,No,No,Yes,No,Yes,Yes
CUST_01674,46,17,32.92476939892261,6397.869412478512,Month-to-month,Fiber optic,Yes,No,No,Yes,Yes,No,No
CUST_01675,72,56,51.83152001347766,7771.100316328498,Two year,No,No,No,Yes,No,No,No,No
CUST_01676,56,4,25.478724692491376,349.54976491272197,Month-to-month,Fiber optic,Yes,Yes,No,No,No,No,Yes
CUST_01677,20,25,90.33053068633781,3191.452442569179,Two year,No,Yes,Yes,Yes,Yes,No,Yes,Yes
CUST_01678,49,29,109.12626489153983,1979.7724633778516,One year,No,No,No,No,No,No,No,Yes
CUST_01679,27,53,83.5874527331007,6947.724361789879,Two year,DSL,Yes,No,Yes,Yes,No,Yes,Yes
CUST_01680,27,12,113.77530155114836,7206.132415098985,One year,Fiber optic,Yes,No,Yes,No,No,No,No
CUST_01681,36,28,32.85039785012096,1833.8344886119203,Month-to-month,Fiber optic,No,No,No,Yes,Yes,No,No
CUST_01682,63,2,28.77339272626989,6070.948928852927,One year,No,No,Yes,Yes,No,No,No,No
CUST_01683,51,57,103.84127311673709,6246.750713332,One year,No,Yes,No,No,Yes,No,Yes,Yes
CUST_01684,77,1,105.55111753865077,1587.2846529735907,Two year,No,No,Yes,No,Yes,Yes,No,Yes
CUST_01685,50,27,103.10395271071282,3743.0457028691803,Two year,No,Yes,No,Yes,Yes,Yes,Yes,No
CUST_01686,40,1,99.89649025337457,5310.837565727917,One year,DSL,Yes,Yes,Yes,Yes,Yes,No,No
CUST_01687,72,6,56.22283639386602,318.9594982338306,One year,Fiber optic,Yes,Yes,No,No,No,Yes,Yes
CUST_01688,45,25,41.74620835913878,3498.571397585415,Month-to-month,DSL,Yes,Yes,No,Yes,Yes,No,No
CUST_01689,49,15,112.88040199977901,1401.6491567600137,Two year,Fiber optic,No,No,No,Yes,No,No,No
CUST_01690,67,22,50.7000182848334,4651.930609415454,One year,DSL,No,No,No,No,No,No,Yes
CUST_01691,24,39,59.84076821640322,7180.50770107202,Two year,No,No,No,No,No,No,No,No
CUST_01692,46,59,89.95589594516332,4507.933084458713,Month-to-month,DSL,Yes,No,Yes,Yes,Yes,Yes,Yes
CUST_01693,25,31,49.33560799939876,402.26220815294533,Month-to-month,DSL,Yes,Yes,Yes,No,No,No,No
CUST_01694,18,14,101.91302215610013,349.12086301304583,One year,No,Yes,No,No,Yes,Yes,Yes,No
CUST_01695,74,12,27.003462363178127,5186.226425594854,Month-to-month,No,No,No,No,No,No,Yes,No
CUST_01696,72,4,99.11826673889345,2855.045091615145,One year,Fiber optic,Yes,No,No,No,No,Yes,No
CUST_01697,20,51,80.18513226178041,4910.3986291638985,Two year,Fiber optic,Yes,No,Yes,Yes,Yes,No,No
CUST_01698,41,40,77.29936441135928,1474.5517148942959,Two year,DSL,Yes,No,Yes,Yes,No,Yes,No
CUST_01699,40,52,65.83770391386606,6625.643763823339,One year,DSL,No,Yes,Yes,Yes,No,Yes,No
CUST_01700,76,49,47.70455962834224,7330.04552816197,One year,DSL,Yes,Yes,No,Yes,No,Yes,No
CUST_01701,78,14,66.40702854312366,7569.495057513107,One year,No,Yes,Yes,Yes,Yes,No,Yes,Yes
CUST_01702,25,6,65.00285120186874,2654.226546183351,Two year,Fiber optic,No,No,Yes,No,Yes,Yes,No
CUST_01703,71,39,78.37541887830699,5650.177088047746,Two year,DSL,No,No,Yes,No,No,No,No
CUST_01704,74,27,48.15742858555302,2443.9560518941857,Month-to-month,Fiber optic,Yes,Yes,Yes,No,Yes,No,Yes
CUST_01705,64,31,27.7595581976149,6507.157294817259,Month-to-month,Fiber optic,Yes,No,No,No,No,No,No
CUST_01706,54,14,34.50894466391382,1112.410018701118,Two year,No,No,Yes,No,Yes,No,No,No
CUST_01707,20,69,89.91774314615728,6507.2244134177545,Two year,No,No,Yes,Yes,No,Yes,No,No
CUST_01708,68,64,22.24923296355405,3793.720556373692,One year,DSL,No,Yes,Yes,No,Yes,Yes,No
CUST_01709,50,3,105.644304464543,7286.615719658436,Two year,DSL,Yes,Yes,No,No,No,No,No
CUST_01710,45,10,89.43973274799133,6307.019223883631,Two year,DSL,No,Yes,No,No,Yes,No,No
CUST_01711,64,25,96.80865413077163,3262.7649818504733,Month-to-month,DSL,Yes,No,Yes,Yes,Yes,Yes,No
CUST_01712,25,60,103.59844490934748,7689.729157027801,Month-to-month,DSL,No,No,Yes,Yes,No,No,No
CUST_01713,51,36,32.271044393018116,2480.031969912607,One year,Fiber optic,Yes,No,Yes,No,No,No,No
CUST_01714,52,22,102.24510909700663,8222.704504061756,Month-to-month,Fiber optic,Yes,No,No,No,Yes,Yes,Yes
CUST_01715,49,39,70.46424376590564,6544.508425227748,One year,No,No,Yes,Yes,No,Yes,No,No
CUST_01716,41,22,108.5523838753197,8421.668750677989,Two year,No,No,Yes,No,No,Yes,No,No
CUST_01717,31,15,108.65866010603435,552.7987777472114,Two year,Fiber optic,Yes,Yes,Yes,Yes,Yes,No,No
CUST_01718,49,60,22.41780437541702,2401.902785367899,One year,No,No,Yes,Yes,No,No,No,No
CUST_01719,73,67,58.28652154835389,6326.619754721575,Month-to-month,No,Yes,No,No,Yes,No,Yes,Yes
CUST_01720,63,30,72.63987958652734,7846.897490503153,Month-to-month,DSL,Yes,Yes,Yes,No,No,No,No
CUST_01721,60,52,87.8360089782902,341.67486380340483,Two year,No,No,Yes,Yes,Yes,No,No,No
CUST_01722,33,24,48.618624668413396,100.07808619491185,Month-to-month,No,Yes,Yes,Yes,No,No,No,No
CUST_01723,21,43,45.21422606646523,2252.438085752481,One year,No,No,No,Yes,Yes,No,Yes,Yes
CUST_01724,69,11,58.12657190890473,7263.340883705116,Two year,Fiber optic,Yes,Yes,Yes,Yes,Yes,No,No
CUST_01725,54,8,70.09386917498945,6544.086058003089,Month-to-month,Fiber optic,Yes,Yes,No,Yes,Yes,No,No
CUST_01726,71,11,115.11462314054133,2958.330682218399,Two year,DSL,No,Yes,Yes,No,No,No,Yes
CUST_01727,38,68,96.21084666974374,116.89462050166028,Two year,No,Yes,No,No,No,No,No,No
CUST_01728,31,53,62.932116693770524,4759.528224011308,Month-to-month,Fiber optic,Yes,No,No,Yes,No,Yes,No
CUST_01729,48,53,25.43661784401838,2098.825960187987,One year,DSL,Yes,Yes,No,Yes,Yes,Yes,No
CUST_01730,72,27,36.852059214375934,6363.114999398686,Month-to-month,No,No,No,No,No,Yes,Yes,No
CUST_01731,65,55,65.5924424319417,3849.3371808140587,Month-to-month,DSL,No,No,Yes,No,Yes,Yes,No
CUST_01732,35,68,101.38259000987043,5800.256153600403,Month-to-month,DSL,Yes,Yes,No,Yes,Yes,Yes,Yes
CUST_01733,24,57,58.069553567734395,7259.394171061638,Month-to-month,No,Yes,No,No,No,Yes,Yes,Yes
CUST_01734,27,41,73.84966507450596,4600.382315955428,Month-to-month,Fiber optic,Yes,No,No,Yes,No,No,Yes
CUST_01735,24,37,109.18048860851022,2922.026542117656,Month-to-month,No,No,Yes,No,No,No,No,No
CUST_01736,50,67,111.37962594266288,6564.165786528091,One year,No,Yes,Yes,No,No,No,No,No
CUST_01737,40,52,41.57749964426894,2327.5728140778942,Two year,No,Yes,No,No,Yes,Yes,No,Yes
CUST_01738,38,32,24.35949217925944,7588.758055294047,One year,Fiber optic,No,Yes,No,No,Yes,Yes,No
CUST_01739,36,70,50.54105309715149,699.9922325566605,Month-to-month,No,No,No,Yes,No,Yes,No,No
CUST_01740,65,55,89.58023148257801,7117.936585311775,One year,Fiber optic,Yes,Yes,Yes,No,Yes,Yes,Yes
CUST_01741,78,71,115.11122009762664,869.068109075989,Two year,DSL,No,No,Yes,Yes,Yes,Yes,Yes
CUST_01742,36,50,27.703199998411392,571.5506354424522,One year,Fiber optic,Yes,Yes,No,Yes,No,No,Yes
CUST_01743,53,42,22.848381054927152,3151.3582737245515,Month-to-month,DSL,No,No,Yes,No,No,Yes,No
CUST_01744,46,14,108.41472129857219,8135.014577588556,Two year,DSL,No,No,No,Yes,Yes,No,Yes
CUST_01745,77,37,94.81452691031411,8361.282855209458,Month-to-month,No,No,No,Yes,No,No,Yes,No
CUST_01746,35,14,119.22485791555754,1797.3922081157382,Month-to-month,Fiber optic,No,No,Yes,Yes,Yes,Yes,No
CUST_01747,19,4,59.67928814656532,1348.5554675613557,Two year,DSL,Yes,No,Yes,Yes,Yes,Yes,No
CUST_01748,18,53,61.605090513676934,3064.8079850601316,Two year,DSL,Yes,No,Yes,No,Yes,No,No
CUST_01749,64,50,37.231183729744956,2931.5294634010197,Month-to-month,Fiber optic,No,No,No,No,Yes,No,Yes
CUST_01750,22,9,31.584715259733848,6480.580214998986,One year,Fiber optic,Yes,No,Yes,No,Yes,No,No
CUST_01751,37,11,77.8718010590238,3829.5917742724996,Two year,DSL,Yes,Yes,No,Yes,No,Yes,Yes
CUST_01752,28,3,56.428500129483254,6651.022120169912,One year,DSL,Yes,No,Yes,No,No,Yes,No
CUST_01753,59,17,28.031644794524507,6389.190015010385,One year,Fiber optic,No,Yes,Yes,No,No,Yes,No
CUST_01754,19,35,108.69870695233199,4957.807613057756,Two year,Fiber optic,No,Yes,No,No,No,Yes,No
CUST_01755,20,24,39.835646824933306,7101.501637829902,One year,DSL,Yes,No,No,Yes,Yes,No,No
CUST_01756,40,35,94.85843470035329,1743.4410710427398,Two year,No,Yes,Yes,No,Yes,No,No,No
CUST_01757,72,66,48.22285961181112,1459.2081635483119,Two year,Fiber optic,Yes,Yes,No,Yes,Yes,No,No
CUST_01758,29,8,101.29048307527991,6405.462171422413,Two year,DSL,Yes,Yes,No,No,Yes,Yes,Yes
CUST_01759,37,60,31.839684142765407,2156.2953221044822,Two year,DSL,No,Yes,Yes,No,Yes,No,No
CUST_01760,22,52,95.60716102217614,123.47282409123115,One year,No,Yes,Yes,No,Yes,No,Yes,No
CUST_01761,54,17,29.811887390051243,7760.46541661412,One year,Fiber optic,Yes,Yes,No,No,Yes,Yes,No
CUST_01762,55,42,64.69157878569433,5332.671287477729,Two year,DSL,Yes,No,No,Yes,No,Yes,No
CUST_01763,47,34,93.40043505996046,3837.476663266702,Two year,No,Yes,No,No,Yes,Yes,No,No
CUST_01764,26,62,37.32183811869006,6196.186684075918,Two year,Fiber optic,Yes,Yes,No,Yes,Yes,Yes,Yes
CUST_01765,51,3,48.5664988846723,2899.986558168401,Two year,No,No,No,No,Yes,Yes,Yes,Yes
CUST_01766,70,40,106.47669920921976,8110.794879601509,Month-to-month,DSL,No,Yes,Yes,Yes,No,No,No
CUST_01767,61,44,108.5119320907646,676.4104271582515,One year,No,No,Yes,No,No,Yes,Yes,No
CUST_01768,52,49,24.49354524527262,5483.964801563832,One year,DSL,No,Yes,No,No,No,Yes,Yes
CUST_01769,69,27,36.809058535297524,6629.231656034698,Two year,DSL,No,No,Yes,Yes,No,No,No
CUST_01770,75,41,31.7471940272859,4040.657626305479,Month-to-month,No,Yes,No,Yes,No,Yes,Yes,Yes
CUST_01771,39,68,37.9693094651303,6441.734182554701,Month-to-month,No,No,No,Yes,Yes,Yes,Yes,No
CUST_01772,61,0,117.01877243062725,7886.0473421799825,Month-to-month,DSL,No,Yes,Yes,No,No,No,Yes
CUST_01773,41,38,75.16552487904565,6349.54876570599,Two year,No,No,No,Yes,Yes,No,Yes,Yes
CUST_01774,34,16,66.81123904549268,2698.6816839450134,Month-to-month,Fiber optic,Yes,No,Yes,No,Yes,Yes,No
CUST_01775,27,34,118.44673730926161,4819.509547641301,Two year,Fiber optic,Yes,Yes,No,Yes,No,No,Yes
CUST_01776,47,45,75.69561298607354,7757.469550020835,Month-to-month,No,Yes,No,Yes,Yes,Yes,Yes,No
CUST_01777,73,41,86.11179273455245,3872.420894052939,Two year,No,Yes,No,No,Yes,Yes,Yes,No
CUST_01778,76,38,53.27705460491802,5826.267357292005,Two year,Fiber optic,No,No,Yes,Yes,Yes,Yes,No
CUST_01779,63,48,58.21148645095186,4010.323691082529,One year,DSL,No,No,Yes,Yes,Yes,Yes,No
CUST_01780,40,61,79.44093838090731,1119.290918299042,Two year,DSL,No,Yes,Yes,No,Yes,No,Yes
CUST_01781,49,37,26.978578400046477,592.2201413607118,Month-to-month,Fiber optic,Yes,Yes,No,Yes,No,No,No
CUST_01782,34,22,45.58828860447751,8099.101260880972,One year,DSL,No,Yes,Yes,No,Yes,No,No
CUST_01783,67,21,39.68117494603071,5245.350896737204,Month-to-month,No,No,Yes,Yes,Yes,No,No,Yes
CUST_01784,68,3,21.58933931400036,972.0452702289293,Two year,No,Yes,Yes,Yes,Yes,Yes,No,No
CUST_01785,34,48,73.69012705204219,7302.4838911466395,One year,Fiber optic,Yes,Yes,Yes,No,Yes,Yes,Yes
CUST_01786,31,58,76.10528395238791,4490.622346690831,Two year,Fiber optic,No,No,Yes,Yes,No,Yes,Yes
CUST_01787,26,67,58.393922303725894,6584.229742814935,Two year,Fiber optic,No,Yes,Yes,Yes,No,Yes,Yes
CUST_01788,57,70,46.87274694647908,1164.7520432534866,Month-to-month,Fiber optic,No,Yes,No,Yes,No,Yes,No
CUST_01789,19,1,85.20598759946247,7718.0476273685235,Month-to-month,DSL,No,No,Yes,Yes,Yes,No,No
CUST_01790,62,48,33.46591613844569,5060.497693329015,Month-to-month,DSL,No,No,Yes,Yes,No,Yes,No
CUST_01791,42,30,71.8615031635334,6301.3897182919445,One year,DSL,No,Yes,Yes,Yes,No,No,No
CUST_01792,56,39,96.80739858106199,363.589379341565,Month-to-month,No,Yes,No,Yes,No,No,Yes,No
CUST_01793,26,47,36.42979839524723,2748.5611616716265,Two year,No,Yes,No,Yes,Yes,No,No,No
CUST_01794,71,50,95.32595385958187,2346.541480921458,One year,Fiber optic,No,Yes,No,No,No,Yes,Yes
CUST_01795,39,42,96.07945091533979,8076.597960418115,Month-to-month,Fiber optic,Yes,No,Yes,Yes,Yes,No,No
CUST_01796,60,54,25.99266482304549,1656.8439785948228,Month-to-month,DSL,No,No,No,Yes,No,No,No
CUST_01797,63,48,21.878432608718185,6039.234504398378,Month-to-month,DSL,No,Yes,No,No,Yes,No,No
CUST_01798,21,56,117.39354059881948,459.1297170940614,Two year,DSL,Yes,Yes,Yes,No,Yes,Yes,No
CUST_01799,43,14,39.3382659498825,1760.546319831604,Month-to-month,Fiber optic,Yes,No,Yes,Yes,No,Yes,Yes
CUST_01800,75,26,102.2139209100103,2944.2177757365635,Two year,DSL,No,No,Yes,No,No,No,Yes
CUST_01801,46,67,76.18506530452986,6773.84912214783,One year,Fiber optic,Yes,Yes,No,Yes,Yes,No,No
CUST_01802,62,63,46.44721575369968,6735.803272519123,Month-to-month,Fiber optic,No,Yes,No,Yes,Yes,Yes,No
CUST_01803,51,29,32.99704366188126,8101.85563864256,Two year,No,Yes,No,Yes,Yes,No,No,No
CUST_01804,40,35,69.66772735777275,7800.847022401832,Month-to-month,No,No,No,Yes,No,Yes,Yes,No
CUST_01805,54,66,60.735481162944986,784.7225983781373,Month-to-month,Fiber optic,Yes,Yes,No,No,Yes,No,Yes
CUST_01806,28,48,89.88860851170678,7070.888866015445,One year,DSL,No,Yes,No,No,Yes,Yes,No
CUST_01807,23,54,110.41685495477267,3889.858068136141,One year,Fiber optic,Yes,Yes,No,No,Yes,No,Yes
CUST_01808,35,55,100.52480869634384,7373.443162129761,Two year,Fiber optic,Yes,No,Yes,Yes,Yes,No,No
CUST_01809,38,67,47.44520502048119,850.0045128614968,Two year,Fiber optic,Yes,Yes,Yes,No,No,No,No
CUST_01810,59,43,107.89332184523057,7011.26045266162,Two year,Fiber optic,No,Yes,Yes,No,Yes,No,No
CUST_01811,53,30,103.33913141046041,1440.9971596065043,One year,No,Yes,Yes,No,No,Yes,Yes,Yes
CUST_01812,58,57,112.91362337217683,2904.2696925824744,Two year,No,Yes,No,Yes,Yes,No,Yes,Yes
CUST_01813,55,52,65.86608210379876,342.32656243618203,One year,Fiber optic,No,No,Yes,Yes,No,Yes,No
CUST_01814,51,22,96.85751724093984,1139.3159407719638,One year,No,No,No,No,Yes,Yes,Yes,No
CUST_01815,34,27,79.16580655236703,3844.0974374640145,Month-to-month,No,Yes,Yes,Yes,No,Yes,No,Yes
CUST_01816,54,15,51.05027525494833,6974.04201932955,Month-to-month,DSL,Yes,Yes,No,Yes,Yes,Yes,Yes
CUST_01817,42,36,119.44310025427635,6598.826079466418,Two year,No,Yes,Yes,Yes,Yes,No,Yes,Yes
CUST_01818,55,20,23.830746683966137,2076.501198921031,One year,No,Yes,Yes,Yes,Yes,Yes,Yes,No
CUST_01819,75,16,36.22725725590747,1374.1997721819603,One year,Fiber optic,No,No,Yes,No,Yes,No,No
CUST_01820,29,36,109.25423625318949,3369.8130890468683,One year,No,Yes,No,Yes,No,Yes,Yes,Yes
CUST_01821,40,18,26.05628434126335,7519.454116588232,Month-to-month,No,No,Yes,Yes,Yes,No,Yes,No
CUST_01822,70,29,108.68206673435218,867.9706229692266,One year,No,No,Yes,Yes,Yes,No,Yes,No
CUST_01823,59,44,91.52214760582008,4660.477686892542,Two year,Fiber optic,Yes,Yes,Yes,Yes,No,Yes,No
CUST_01824,39,17,23.668400539454233,845.9828269855519,Two year,Fiber optic,No,Yes,No,Yes,No,No,No
CUST_01825,38,61,62.932004285417655,4049.781817779607,Month-to-month,No,Yes,Yes,No,Yes,No,Yes,No
CUST_01826,44,35,95.4471475002237,1165.048702152251,Two year,Fiber optic,No,No,Yes,No,Yes,No,No
CUST_01827,74,51,78.31002846307996,774.8302539946642,One year,Fiber optic,No,Yes,No,Yes,No,Yes,No
CUST_01828,48,18,113.5871291964458,1703.1343977341119,One year,DSL,No,No,No,Yes,No,No,No
CUST_01829,23,43,106.76440329119998,2244.150562697636,Two year,No,Yes,No,Yes,Yes,Yes,No,No
CUST_01830,44,6,53.2647635334146,2420.6291847039683,Month-to-month,DSL,No,Yes,No,No,Yes,Yes,No
CUST_01831,57,43,28.462719552009034,5520.250756877595,One year,No,No,No,Yes,No,Yes,Yes,No
CUST_01832,51,67,114.42570396456513,561.8477552322026,One year,No,No,No,Yes,Yes,Yes,Yes,No
CUST_01833,29,33,71.72867677679267,778.7961032050587,Month-to-month,DSL,No,Yes,No,No,Yes,No,No
CUST_01834,62,65,27.43976243719485,1685.1317564258438,One year,DSL,No,Yes,Yes,No,Yes,No,No
CUST_01835,74,68,101.65756133592795,7425.3297811239445,Two year,No,No,Yes,No,No,No,Yes,No
CUST_01836,70,54,106.8506470685391,5380.281378931156,Two year,DSL,Yes,Yes,No,Yes,No,No,No
CUST_01837,24,9,83.9424640176571,6235.105137178827,Month-to-month,DSL,No,No,No,Yes,No,Yes,No
CUST_01838,27,41,64.75089656863399,3211.042106684337,Month-to-month,Fiber optic,No,Yes,No,Yes,Yes,Yes,No
CUST_01839,62,40,86.21730123235727,1891.0509321880072,Two year,No,Yes,No,No,Yes,Yes,Yes,No
CUST_01840,34,68,90.66836957051235,418.87543208846756,Month-to-month,Fiber optic,No,No,No,Yes,No,Yes,No
CUST_01841,43,9,109.30299580859679,4203.699207763894,Two year,No,No,No,No,No,No,Yes,No
CUST_01842,38,9,115.58616803747381,4923.960099509428,Month-to-month,Fiber optic,Yes,Yes,No,No,Yes,No,No
CUST_01843,45,59,71.43209323909113,7634.8234727727795,Two year,No,Yes,No,Yes,No,No,No,No
CUST_01844,79,50,99.84945335265625,7509.581021491549,One year,Fiber optic,No,No,Yes,Yes,Yes,Yes,Yes
CUST_01845,75,20,116.45095559916548,3667.3553311669416,One year,No,No,Yes,No,No,Yes,No,No
CUST_01846,63,7,35.1243338146966,3658.054603629082,Two year,Fiber optic,No,No,No,Yes,Yes,No,No
CUST_01847,19,64,21.82679816096767,1453.432332413003,One year,DSL,No,No,No,Yes,Yes,No,No
CUST_01848,77,29,106.8963772848294,2262.5714978777632,Two year,No,Yes,Yes,Yes,No,No,Yes,No
CUST_01849,71,48,39.52733332471608,7875.574041095489,Month-to-month,DSL,No,No,No,No,No,Yes,No
CUST_01850,60,8,24.247876663180094,1284.7024918556979,One year,Fiber optic,Yes,No,No,Yes,No,Yes,Yes
CUST_01851,18,16,36.00961376574446,8237.076192646673,One year,No,No,No,No,No,No,No,No
CUST_01852,68,68,58.41149112437693,4339.80382180765,One year,Fiber optic,Yes,Yes,No,No,Yes,No,Yes
CUST_01853,70,57,41.926570159258006,3935.496908041381,Two year,Fiber optic,No,No,No,No,No,Yes,Yes
CUST_01854,53,56,50.52536291004431,1566.962397765378,One year,DSL,Yes,Yes,No,Yes,No,No,Yes
CUST_01855,68,61,117.52940514300464,5656.9465040528385,Month-to-month,No,Yes,Yes,No,Yes,Yes,No,No
CUST_01856,43,51,90.44055441625751,3962.702354242882,One year,Fiber optic,Yes,Yes,Yes,No,Yes,Yes,No
CUST_01857,46,60,91.2191728253204,3213.5697704710583,Month-to-month,DSL,Yes,No,No,No,No,No,Yes
CUST_01858,38,39,29.46853747279228,2321.936236116452,One year,DSL,Yes,No,Yes,Yes,Yes,No,Yes
CUST_01859,28,37,93.20983698226917,658.4891453249246,One year,DSL,No,No,No,Yes,Yes,No,No
CUST_01860,57,42,93.93443329553048,4462.356179029204,Month-to-month,DSL,No,No,Yes,Yes,Yes,Yes,No
CUST_01861,28,62,85.97450184066322,2728.4299976925486,One year,Fiber optic,No,Yes,No,Yes,Yes,Yes,No
CUST_01862,53,18,42.843629599787505,6046.067705223286,Month-to-month,Fiber optic,Yes,No,Yes,No,Yes,No,Yes
CUST_01863,66,49,62.30361790821849,6177.58779669288,Month-to-month,Fiber optic,Yes,No,Yes,Yes,Yes,No,No
CUST_01864,76,32,104.62764546696253,2889.69889691749,Month-to-month,No,No,Yes,No,Yes,Yes,No,Yes
CUST_01865,56,12,87.02016293406263,5720.613741960791,One year,No,Yes,No,Yes,No,Yes,No,No
CUST_01866,57,61,93.27688349999023,2272.872018347752,One year,DSL,Yes,Yes,No,No,No,No,No
CUST_01867,52,42,78.73744001258089,6208.259300434084,Month-to-month,Fiber optic,Yes,Yes,No,No,No,No,No
CUST_01868,71,48,64.95865991117785,235.04802257986475,One year,DSL,Yes,Yes,No,Yes,Yes,No,No
CUST_01869,51,35,95.90520100671083,1373.5136426766273,Two year,Fiber optic,No,Yes,Yes,Yes,No,No,No
CUST_01870,72,9,26.792581436630496,2158.072760022464,Month-to-month,No,No,No,Yes,No,Yes,Yes,Yes
CUST_01871,64,5,87.31607327802641,6592.658090686654,Month-to-month,DSL,No,Yes,Yes,Yes,Yes,Yes,Yes
CUST_01872,41,56,119.72045078506791,657.5605259090316,Two year,Fiber optic,Yes,Yes,No,Yes,No,No,No
CUST_01873,71,0,98.01919294680316,1679.68000721046,Two year,Fiber optic,No,No,No,Yes,No,No,No
CUST_01874,39,70,49.05635115774553,3112.4424862436304,Month-to-month,Fiber optic,Yes,Yes,Yes,No,Yes,No,Yes
CUST_01875,22,57,47.78194947053806,177.06995088445154,Two year,DSL,No,Yes,No,No,Yes,Yes,Yes
CUST_01876,73,20,86.72186105934588,6501.816193145032,Month-to-month,No,No,No,No,Yes,Yes,No,No
CUST_01877,50,55,109.58542570085304,4804.8832572459305,One year,Fiber optic,Yes,Yes,Yes,Yes,Yes,No,No
CUST_01878,75,19,77.79497408478429,7665.706850968145,Two year,DSL,No,No,No,Yes,No,No,Yes
CUST_01879,53,53,72.74022871700583,360.6606733775417,Month-to-month,Fiber optic,Yes,No,No,Yes,No,Yes,No
CUST_01880,64,24,36.03841338436713,2379.68174363709,Month-to-month,DSL,No,Yes,Yes,Yes,No,Yes,No
CUST_01881,37,27,91.54569553598165,6242.513922468298,Month-to-month,No,No,No,Yes,No,No,No,No
CUST_01882,36,4,90.22986196378908,5771.255123371386,Two year,Fiber optic,No,Yes,Yes,No,Yes,No,No
CUST_01883,52,20,116.69513923338477,2141.6825010795465,One year,DSL,No,No,No,Yes,No,No,Yes
CUST_01884,69,17,50.01921843056644,5103.776973731722,One year,Fiber optic,No,No,No,No,No,Yes,No
CUST_01885,60,46,95.64454763675317,6767.564286105131,Two year,DSL,No,Yes,No,Yes,No,Yes,Yes
CUST_01886,34,69,63.4065261197629,380.3979080107638,Month-to-month,No,Yes,Yes,Yes,Yes,Yes,No,No
CUST_01887,79,56,75.8472791616135,6128.078533703085,Month-to-month,No,No,No,No,Yes,Yes,No,No
CUST_01888,76,18,101.64538556005581,2217.6153469573946,Month-to-month,DSL,No,Yes,Yes,No,Yes,Yes,No
CUST_01889,62,64,42.199504501897565,8061.950823686712,Two year,No,Yes,Yes,No,No,Yes,Yes,Yes
CUST_01890,60,2,54.286873952741495,4621.04985943331,Two year,Fiber optic,Yes,Yes,No,No,Yes,Yes,No
CUST_01891,51,41,97.3308670197597,380.44393410276143,Month-to-month,No,No,No,No,No,No,No,Yes
CUST_01892,26,20,77.0457915287861,3488.817197773464,Month-to-month,Fiber optic,No,Yes,No,No,No,Yes,No
CUST_01893,43,39,29.24229169050702,8217.01960904368,Month-to-month,No,Yes,No,No,No,No,Yes,No
CUST_01894,19,66,63.0185866778513,6235.133143251394,Two year,No,No,No,No,Yes,No,Yes,No
CUST_01895,70,24,78.66333129730164,2624.0236309662823,Two year,Fiber optic,No,No,No,Yes,Yes,No,No
CUST_01896,26,54,110.95173164450526,4932.245272236477,One year,No,No,Yes,Yes,Yes,Yes,No,No
CUST_01897,26,51,38.848804993863865,5132.451387204608,Month-to-month,Fiber optic,Yes,Yes,No,Yes,Yes,No,Yes
CUST_01898,57,43,100.5952968377483,296.1245505789659,Month-to-month,Fiber optic,No,Yes,Yes,No,Yes,Yes,No
CUST_01899,34,55,33.06244830765914,1602.200234493465,One year,No,Yes,Yes,No,No,No,Yes,No
CUST_01900,18,54,44.22356600758072,4734.926281822714,Month-to-month,No,No,Yes,Yes,Yes,Yes,No,No
CUST_01901,42,69,44.3343883490123,3483.1214913217877,One year,Fiber optic,Yes,Yes,Yes,No,No,Yes,Yes
CUST_01902,78,65,107.74791959088326,1696.3176419693505,Two year,DSL,Yes,No,Yes,No,Yes,No,No
CUST_01903,60,18,39.90176920149871,6590.417372859027,One year,No,No,No,No,No,No,Yes,No
CUST_01904,57,6,98.6960726985409,4207.556997701606,One year,No,Yes,Yes,Yes,No,Yes,No,No
CUST_01905,59,62,66.18065340196199,2703.7743958815327,Two year,DSL,Yes,No,Yes,No,No,No,No
CUST_01906,42,41,119.90907677973108,1458.0897098922658,Month-to-month,DSL,No,No,Yes,No,No,No,Yes
CUST_01907,56,41,103.90914986521054,5233.7722474496995,One year,No,Yes,No,No,Yes,No,Yes,Yes
CUST_01908,52,58,93.9703134447818,5696.594942355515,One year,No,Yes,Yes,Yes,No,Yes,No,No
CUST_01909,20,19,107.07263066521955,5724.6166192476,Month-to-month,No,Yes,No,Yes,No,Yes,No,Yes
CUST_01910,67,16,83.40303926050336,1950.4138264251033,One year,DSL,Yes,No,Yes,Yes,Yes,Yes,Yes
CUST_01911,54,26,104.36522565284976,5100.842620667758,Two year,No,No,No,Yes,Yes,No,Yes,No
CUST_01912,61,46,46.11268473614558,7705.414304810791,One year,DSL,No,Yes,No,Yes,No,Yes,No
CUST_01913,61,1,29.770321110107496,3066.775846409095,Month-to-month,DSL,No,No,Yes,Yes,No,Yes,Yes
CUST_01914,68,62,81.59320070866687,1870.4422341914903,Month-to-month,Fiber optic,Yes,Yes,Yes,Yes,No,No,Yes
CUST_01915,47,61,63.4690392663586,6586.0559345744,One year,DSL,No,Yes,Yes,Yes,Yes,No,Yes
CUST_01916,55,18,62.64407952924319,1585.8166973393916,Month-to-month,Fiber optic,Yes,Yes,Yes,Yes,No,No,Yes
CUST_01917,51,16,72.67478524300462,2231.489251317092,Month-to-month,DSL,No,Yes,Yes,Yes,Yes,Yes,No
CUST_01918,29,68,56.13826115655425,945.4129122204848,One year,DSL,Yes,No,No,Yes,No,No,Yes
CUST_01919,36,38,82.60595314428292,2350.144255027222,One year,Fiber optic,No,No,Yes,No,Yes,Yes,Yes
CUST_01920,54,70,23.056836734762992,3546.8145562058185,Month-to-month,Fiber optic,Yes,No,No,No,No,No,No
CUST_01921,61,38,116.98913418817632,638.9260403211254,One year,Fiber optic,Yes,No,Yes,Yes,No,Yes,No
CUST_01922,76,35,112.47089920455704,7422.354851537324,Two year,Fiber optic,Yes,No,Yes,Yes,Yes,Yes,No
CUST_01923,76,39,113.52701625819336,4414.86825462016,One year,Fiber optic,Yes,No,No,Yes,Yes,Yes,No
CUST_01924,66,44,56.50034955837184,5040.070507863656,Month-to-month,Fiber optic,No,No,No,No,No,Yes,No
CUST_01925,78,3,73.18909576590997,3218.800354041017,Two year,Fiber optic,Yes,No,No,Yes,No,Yes,No
CUST_01926,34,24,115.41306030575753,5726.61592825286,Month-to-month,DSL,Yes,Yes,Yes,No,No,No,No
CUST_01927,27,68,110.23460564275865,3726.9665811486584,Month-to-month,DSL,Yes,Yes,No,No,Yes,Yes,Yes
CUST_01928,74,29,99.02444759011473,6495.035706129658,Two year,Fiber optic,No,No,No,No,Yes,Yes,No
CUST_01929,72,67,60.73315898475924,6999.778005529421,One year,No,No,Yes,Yes,No,Yes,No,No
CUST_01930,66,28,76.43392231821734,5743.532539846791,Month-to-month,Fiber optic,No,Yes,Yes,Yes,Yes,Yes,No
CUST_01931,64,67,99.29124742166476,4227.219201063536,One year,No,Yes,Yes,Yes,Yes,Yes,No,No
CUST_01932,29,50,47.301199554003176,6671.062545058712,One year,DSL,Yes,No,Yes,Yes,No,No,No
CUST_01933,79,23,82.64493682281113,4251.996615800733,Two year,DSL,No,Yes,No,Yes,No,Yes,No
CUST_01934,33,13,102.79343248518568,1036.6831967043777,Month-to-month,No,Yes,Yes,No,Yes,Yes,No,Yes
CUST_01935,41,68,90.74547917329014,1077.2578752504921,Two year,DSL,No,No,No,No,No,Yes,No
CUST_01936,36,17,67.94806311910007,8068.09837291721,Two year,Fiber optic,Yes,No,Yes,No,Yes,Yes,Yes
CUST_01937,25,41,78.46083595551583,1893.9292710461596,Month-to-month,No,Yes,No,Yes,Yes,Yes,Yes,No
CUST_01938,48,56,118.86755431457941,6953.7699245846015,Month-to-month,No,No,Yes,Yes,No,Yes,No,No
CUST_01939,38,11,80.19877946472101,2172.32542111024,Two year,DSL,Yes,Yes,Yes,No,Yes,Yes,No
CUST_01940,34,16,98.56177540186438,3718.5527883972577,Two year,No,Yes,No,No,Yes,Yes,No,No
CUST_01941,40,29,92.66047643776626,5601.56414162441,Two year,No,Yes,No,No,No,No,Yes,Yes
CUST_01942,54,22,90.14906155293632,1434.4842523255948,Month-to-month,No,No,No,Yes,No,No,Yes,Yes
CUST_01943,71,0,91.63690551140436,6292.870502256571,Month-to-month,DSL,Yes,No,Yes,Yes,No,Yes,No
CUST_01944,33,31,65.44097512814639,5895.2689694749215,Two year,No,Yes,No,Yes,No,No,Yes,No
CUST_01945,23,8,67.41601745181254,4661.896268488576,Month-to-month,No,Yes,Yes,Yes,Yes,Yes,No,No
CUST_01946,25,14,66.78627373607823,4853.473950756433,Month-to-month,Fiber optic,Yes,No,No,No,No,Yes,No
CUST_01947,42,27,23.32546072126081,988.4830655813593,Month-to-month,Fiber optic,No,Yes,Yes,No,No,Yes,No
CUST_01948,35,23,44.106533033232346,3761.972863655027,One year,No,No,No,No,Yes,Yes,Yes,Yes
CUST_01949,42,59,35.45640066498828,827.1997210040465,One year,DSL,No,Yes,Yes,No,No,Yes,Yes
CUST_01950,29,34,108.64450113972573,2686.051644681489,Two year,No,Yes,Yes,Yes,No,No,Yes,No
CUST_01951,32,26,47.4969366452949,7662.621985161321,One year,DSL,No,No,Yes,Yes,No,Yes,No
CUST_01952,76,19,33.84426344655404,4926.080564660253,Two year,Fiber optic,No,Yes,Yes,No,No,No,Yes
CUST_01953,43,64,31.976693191088494,6338.708880482525,Two year,Fiber optic,Yes,Yes,Yes,No,Yes,No,No
CUST_01954,58,48,89.99898345521586,4920.641285957496,Month-to-month,No,Yes,No,Yes,Yes,Yes,No,No
CUST_01955,62,0,20.608331091495927,1731.5887672558522,Two year,DSL,Yes,Yes,Yes,Yes,No,Yes,Yes
CUST_01956,43,9,67.13044017565082,5096.389852551089,Two year,DSL,No,Yes,Yes,No,Yes,Yes,No
CUST_01957,64,46,31.887110559819625,6445.259849366409,Two year,DSL,Yes,Yes,No,No,No,Yes,No
CUST_01958,49,58,104.96633776359052,1262.602024083031,Two year,No,No,No,Yes,Yes,No,No,No
CUST_01959,27,61,115.84503564524583,6962.016364794513,Month-to-month,DSL,Yes,No,Yes,No,No,No,No
CUST_01960,33,17,115.87546162149036,4765.294303417685,Month-to-month,Fiber optic,No,Yes,Yes,Yes,Yes,Yes,No
CUST_01961,24,45,64.19641089467693,135.91169821776293,Two year,DSL,Yes,Yes,No,No,Yes,No,Yes
CUST_01962,34,31,84.45148244347965,4466.139285239006,One year,DSL,Yes,No,No,Yes,No,No,Yes
CUST_01963,40,26,79.97041365107447,3423.640533949369,One year,No,No,No,Yes,Yes,Yes,Yes,No
CUST_01964,43,17,55.003890138595295,2590.1506948358956,Two year,No,Yes,Yes,Yes,Yes,Yes,Yes,No
CUST_01965,38,38,64.40644914205312,6578.560647310152,Month-to-month,No,No,Yes,No,Yes,Yes,No,No
CUST_01966,39,48,26.43236972332857,7655.799022734348,Two year,No,Yes,Yes,No,No,Yes,No,Yes
CUST_01967,75,43,99.56990326714872,6506.285950498926,Two year,No,No,No,No,No,No,Yes,No
CUST_01968,24,71,44.0803512154619,7212.889685363335,Month-to-month,DSL,No,Yes,Yes,Yes,No,No,Yes
CUST_01969,31,53,66.05273311363763,7733.759922973855,One year,DSL,Yes,Yes,Yes,Yes,No,No,Yes
CUST_01970,32,33,68.06207336166439,7766.086215562413,Two year,No,Yes,Yes,No,Yes,No,Yes,No
CUST_01971,70,70,76.07117391513182,1062.9604011727627,Month-to-month,No,Yes,No,No,No,No,Yes,No
CUST_01972,24,35,101.787663788809,3933.6381066521562,Month-to-month,DSL,No,Yes,Yes,Yes,Yes,No,No
CUST_01973,26,17,89.18810461837496,102.40638490044648,Two year,No,No,Yes,Yes,No,Yes,No,No
CUST_01974,68,37,86.3063049129192,4354.285711510849,Month-to-month,Fiber optic,No,Yes,Yes,No,No,Yes,No
CUST_01975,65,58,72.67454958049399,7863.649048487843,Two year,DSL,No,No,Yes,Yes,No,Yes,No
CUST_01976,25,8,29.59557549465899,1772.4592393446565,One year,Fiber optic,No,Yes,No,No,No,Yes,No
CUST_01977,67,71,60.20084716508614,5474.207681639269,Two year,DSL,No,Yes,Yes,No,No,No,No
CUST_01978,76,50,115.73168512905521,5512.783989910306,One year,DSL,No,No,Yes,Yes,Yes,No,Yes
CUST_01979,40,34,119.55480752882525,1446.9734713772928,Month-to-month,DSL,Yes,Yes,No,No,Yes,Yes,Yes
CUST_01980,46,4,93.04981461009183,2103.630490266667,Two year,DSL,No,No,Yes,Yes,No,No,Yes
CUST_01981,35,13,42.75149630746451,3980.982985266025,Month-to-month,DSL,Yes,No,No,No,No,No,No
CUST_01982,48,29,30.18906460033959,1680.9587622165016,Two year,DSL,No,No,No,Yes,Yes,Yes,Yes
CUST_01983,47,3,61.476435904619926,5013.949419605876,Month-to-month,DSL,No,No,Yes,No,No,No,No
CUST_01984,69,38,105.65719023593357,4170.150540587059,One year,No,No,No,Yes,No,No,No,Yes
CUST_01985,56,63,92.18642398950004,4461.264699503935,Two year,No,Yes,No,No,No,No,No,No
CUST_01986,52,24,108.38922375411049,1229.5274436926638,Month-to-month,No,No,Yes,No,Yes,No,No,Yes
CUST_01987,35,27,81.57763146976522,4444.915333684605,Two year,Fiber optic,No,No,Yes,No,Yes,Yes,No
CUST_01988,76,65,33.03283645896923,515.6168048547702,Two year,DSL,No,Yes,Yes,No,No,No,Yes
CUST_01989,59,21,31.47959669981641,7504.896503298126,One year,No,Yes,No,Yes,No,Yes,Yes,Yes
CUST_01990,56,30,24.800230263012928,2983.297402766976,Month-to-month,No,Yes,Yes,No,Yes,Yes,No,No
CUST_01991,34,22,76.7079970573531,7293.233528619942,Two year,No,No,Yes,Yes,Yes,No,No,No
CUST_01992,31,47,44.288623662478905,5993.913497456688,Two year,DSL,No,No,No,Yes,No,Yes,No
CUST_01993,48,19,93.43836413549505,6535.84975009632,Two year,DSL,No,Yes,Yes,No,No,No,No
CUST_01994,41,37,88.62499358575073,2742.1737541269513,Two year,Fiber optic,Yes,Yes,No,No,No,No,No
CUST_01995,52,54,51.811074240831694,2013.0490946060634,Two year,Fiber optic,No,No,No,Yes,Yes,No,No
CUST_01996,61,67,37.680166646406434,3516.6206522653647,Month-to-month,DSL,No,Yes,No,Yes,No,No,No
CUST_01997,77,0,30.24003497960012,303.4972442675144,Two year,Fiber optic,No,Yes,Yes,No,No,No,No
CUST_01998,62,6,93.7315273813097,7817.547685694136,Two year,No,Yes,No,Yes,No,Yes,No,No
CUST_01999,51,56,65.04409954259332,3350.919834115446,Two year,Fiber optic,No,Yes,No,No,No,No,No
CUST_02000,20,11,52.35299141781389,8403.875480685945,Month-to-month,No,No,Yes,Yes,Yes,No,Yes,No
CUST_02001,54,4,105.66530158063121,6496.175134782268,Two year,Fiber optic,Yes,No,No,No,Yes,Yes,No
CUST_02002,60,49,79.3613216569384,776.3260823142081,Two year,No,No,Yes,No,Yes,No,Yes,No
CUST_02003,57,41,71.80023363965844,5645.581533877638,One year,Fiber optic,No,Yes,No,Yes,Yes,No,No
CUST_02004,43,11,94.33791649756158,2375.048984638823,One year,Fiber optic,No,No,No,Yes,No,Yes,No
CUST_02005,72,17,101.55831402352884,2147.236622883593,Two year,DSL,Yes,Yes,Yes,Yes,Yes,No,No
CUST_02006,40,65,88.60731554227195,2255.126427186988,Two year,DSL,Yes,No,Yes,No,Yes,No,No
CUST_02007,61,16,64.00063185993527,7795.030409019662,One year,No,No,No,Yes,Yes,No,Yes,No
CUST_02008,56,67,57.929879267218745,4299.833478999549,Month-to-month,DSL,Yes,Yes,Yes,No,Yes,No,Yes
CUST_02009,32,70,97.16649382727022,5723.555550017489,Month-to-month,No,No,Yes,No,Yes,No,Yes,No
CUST_02010,73,61,71.7907160640286,2459.9617367174856,One year,DSL,No,No,No,Yes,No,Yes,No
CUST_02011,66,40,90.43860785173763,4492.817423554993,Two year,DSL,Yes,No,No,Yes,No,Yes,No
CUST_02012,21,33,109.03987890805519,3040.841160973994,One year,No,Yes,No,Yes,Yes,No,Yes,No
CUST_02013,46,69,111.58906347367032,2797.567939329766,Month-to-month,Fiber optic,Yes,No,Yes,No,No,No,No
CUST_02014,39,44,47.77156392405726,2174.538322949783,One year,No,No,Yes,Yes,No,No,Yes,No
CUST_02015,42,57,38.78899502725141,3535.6579473445645,Month-to-month,No,No,No,No,No,No,Yes,Yes
CUST_02016,30,50,46.128736033683786,5644.252929292193,Two year,No,No,Yes,Yes,No,No,No,No
CUST_02017,35,33,95.13717705355027,1965.1677189637157,Two year,DSL,No,Yes,Yes,Yes,Yes,Yes,No
CUST_02018,50,43,57.00580360461602,8209.729489769741,Two year,DSL,Yes,Yes,Yes,No,No,No,No
CUST_02019,33,14,37.338928084132974,1146.7380822948,Month-to-month,DSL,No,Yes,Yes,No,Yes,Yes,No
CUST_02020,62,69,29.83854925069693,4133.740544860066,One year,No,Yes,Yes,No,Yes,Yes,Yes,No
CUST_02021,59,49,52.731318882968786,814.237017384935,Two year,Fiber optic,No,Yes,Yes,Yes,Yes,No,Yes
CUST_02022,61,31,33.61364403505113,290.3886969796838,Month-to-month,Fiber optic,No,Yes,No,Yes,Yes,Yes,Yes
CUST_02023,79,66,35.637361253330695,7850.4894854662525,Two year,No,Yes,Yes,No,No,No,Yes,No
CUST_02024,19,2,88.38839734462702,6907.232269185327,One year,No,Yes,No,No,No,No,No,No
CUST_02025,72,50,21.973209566840527,5930.90513425469,Two year,Fiber optic,No,Yes,Yes,Yes,Yes,Yes,No
CUST_02026,52,66,31.7553261625438,7367.602830459536,Month-to-month,DSL,Yes,Yes,No,No,Yes,Yes,No
CUST_02027,59,47,104.43654912130964,6843.92675294572,Month-to-month,No,No,Yes,No,Yes,Yes,No,Yes
CUST_02028,51,16,104.49140850182532,5536.796856285695,Two year,Fiber optic,No,No,Yes,Yes,No,Yes,No
CUST_02029,47,6,52.92434787635769,7217.675536454301,Two year,Fiber optic,No,Yes,No,No,No,No,No
CUST_02030,76,12,28.795300836872897,3382.724649064884,Month-to-month,Fiber optic,No,Yes,No,Yes,No,No,No
CUST_02031,72,65,90.49703338072058,4743.115399175059,Two year,DSL,Yes,Yes,Yes,No,No,Yes,No
CUST_02032,30,3,56.01316877738744,6621.009485020623,Two year,Fiber optic,Yes,Yes,Yes,Yes,No,No,Yes
CUST_02033,30,9,24.546462720492585,812.3033364693118,Two year,Fiber optic,Yes,No,Yes,Yes,Yes,Yes,Yes
CUST_02034,35,16,35.782698129979856,7312.621924164865,One year,Fiber optic,Yes,No,Yes,Yes,No,No,No
CUST_02035,49,51,33.72148119640243,1417.3758278514822,One year,No,No,Yes,Yes,Yes,Yes,Yes,Yes
CUST_02036,49,5,78.91163438276622,7362.146524339329,One year,No,No,Yes,Yes,No,Yes,Yes,No
CUST_02037,52,68,109.81175836035614,2715.1961217165867,Two year,No,Yes,No,Yes,Yes,Yes,No,No
CUST_02038,76,8,99.30720333234575,2844.975906141435,Month-to-month,Fiber optic,Yes,No,No,Yes,Yes,No,No
CUST_02039,56,20,74.651604501723,721.1689949054906,Two year,Fiber optic,Yes,No,Yes,No,No,Yes,No
CUST_02040,63,23,62.21551649274801,7541.556840724295,Two year,DSL,No,No,Yes,Yes,No,Yes,No
CUST_02041,69,3,81.8676709068865,1565.8873800833044,One year,Fiber optic,Yes,No,No,No,No,Yes,Yes
CUST_02042,46,23,64.38127409800808,5392.419177110928,Month-to-month,DSL,No,No,No,No,No,Yes,No
CUST_02043,79,58,44.60991225763159,5509.327833729588,One year,Fiber optic,Yes,Yes,Yes,No,No,No,Yes
CUST_02044,66,2,87.91974553522796,2461.6726286830253,Month-to-month,DSL,Yes,Yes,No,Yes,Yes,No,No
CUST_02045,46,67,107.3243945741321,8379.552042637157,Two year,No,No,No,Yes,No,No,Yes,No
CUST_02046,79,39,57.28703306808605,638.9962321331133,Two year,Fiber optic,No,No,No,Yes,No,Yes,Yes
CUST_02047,70,47,104.1538467691337,5206.124892328754,Two year,DSL,Yes,No,Yes,No,No,Yes,No
CUST_02048,61,53,63.108204648349044,4128.168990640388,Month-to-month,No,Yes,Yes,No,No,Yes,No,No
CUST_02049,74,34,60.1335943099426,2162.066500037107,One year,No,No,No,Yes,No,Yes,Yes,No
CUST_02050,33,55,22.832435754702768,1473.83437511275,One year,Fiber optic,No,Yes,No,Yes,No,Yes,No
CUST_02051,73,39,89.52789013674104,6291.508608535486,One year,DSL,No,Yes,No,No,Yes,No,No
CUST_02052,61,67,100.75025251138229,7797.044945641966,Month-to-month,DSL,No,No,No,No,Yes,Yes,No
CUST_02053,64,45,86.3556919558561,1003.388600419668,Month-to-month,DSL,No,No,No,Yes,Yes,Yes,No
CUST_02054,74,12,35.13609513919435,1729.4337816904458,Two year,No,Yes,Yes,Yes,No,Yes,No,No
CUST_02055,27,26,30.32934675526431,8384.665877282749,One year,DSL,No,Yes,Yes,No,No,Yes,No
CUST_02056,47,5,77.28587516185395,226.19046359814683,Month-to-month,No,Yes,Yes,No,No,No,Yes,No
CUST_02057,42,16,60.15162541846019,4369.316545084555,One year,DSL,No,No,No,Yes,Yes,No,No
CUST_02058,56,35,62.90977834855896,4435.34794068724,One year,No,No,No,No,No,Yes,Yes,Yes
CUST_02059,37,1,116.78002467430076,2310.5568112245005,Month-to-month,Fiber optic,Yes,No,No,Yes,Yes,No,No
CUST_02060,22,51,92.39226711930654,5669.442595726751,Month-to-month,No,Yes,Yes,Yes,Yes,Yes,No,Yes
CUST_02061,18,65,61.17877392077567,8037.503613986914,Two year,DSL,No,No,Yes,Yes,Yes,No,Yes
CUST_02062,47,51,21.90992798417149,3881.797020035248,Two year,No,No,No,Yes,No,Yes,Yes,No
CUST_02063,66,42,23.409569785327026,6395.123845370001,Two year,DSL,No,No,Yes,No,No,No,No
CUST_02064,20,21,88.48036956458562,5526.990177880249,One year,Fiber optic,Yes,Yes,Yes,Yes,Yes,No,No
CUST_02065,62,54,103.77387595177639,4072.711653750405,One year,No,Yes,No,Yes,Yes,No,Yes,Yes
CUST_02066,31,66,90.77026295496837,518.4233183469192,Two year,Fiber optic,No,No,No,Yes,No,Yes,No
CUST_02067,73,59,60.588775260472545,6330.698361641113,One year,No,Yes,No,No,No,No,Yes,No
CUST_02068,47,57,23.113573793056958,3151.312155820289,One year,No,No,No,No,No,Yes,No,No
CUST_02069,67,11,116.74016302352297,1985.755382580336,One year,Fiber optic,Yes,No,Yes,No,Yes,Yes,No
CUST_02070,21,68,118.63360621580867,8065.456658220633,One year,Fiber optic,No,Yes,Yes,Yes,No,Yes,No
CUST_02071,35,38,74.93645514442687,6597.423264196161,Month-to-month,No,No,Yes,Yes,Yes,No,No,No
CUST_02072,79,12,27.06709646951056,8183.056926086267,Month-to-month,No,No,Yes,Yes,Yes,Yes,No,Yes
CUST_02073,54,40,74.09725059144668,2252.2222301909565,Two year,No,Yes,Yes,No,No,Yes,No,No
CUST_02074,42,56,109.23384702208084,7120.663951654253,Two year,Fiber optic,No,Yes,No,No,Yes,Yes,No
CUST_02075,65,52,87.99855101282135,5204.859795800541,One year,DSL,No,No,Yes,No,Yes,No,Yes
CUST_02076,18,11,91.99892310327243,8344.630990147045,One year,Fiber optic,Yes,Yes,Yes,Yes,Yes,Yes,Yes
CUST_02077,70,12,28.49698374322493,8049.062343154721,Month-to-month,No,Yes,Yes,Yes,No,No,No,No
CUST_02078,63,56,30.651163703180146,8272.931577518699,One year,No,No,No,Yes,No,Yes,Yes,No
CUST_02079,32,39,32.734877637588525,8094.847994055513,One year,Fiber optic,No,Yes,No,Yes,No,No,No
CUST_02080,26,44,110.43768336609926,164.35128187968752,Two year,No,No,Yes,No,No,No,No,No
CUST_02081,32,34,72.58496362638132,6325.117445265791,One year,No,No,Yes,Yes,No,No,Yes,No
CUST_02082,66,2,99.15750963929912,2384.250314160991,Month-to-month,No,Yes,Yes,No,No,No,No,No
CUST_02083,74,4,31.529125988360022,6022.2276026412355,One year,No,No,No,Yes,No,Yes,No,No
CUST_02084,41,10,112.7642705508595,8337.134090532832,One year,No,Yes,No,Yes,Yes,No,No,Yes
CUST_02085,21,70,102.11420914972102,430.6188818695741,One year,DSL,No,Yes,No,Yes,No,No,No
CUST_02086,29,55,42.47641447753561,4862.697792490544,One year,Fiber optic,No,Yes,No,Yes,Yes,No,Yes
CUST_02087,76,9,107.41822332939535,6273.606528180862,One year,Fiber optic,No,No,No,Yes,Yes,Yes,No
CUST_02088,75,33,46.34427593968093,2228.213770604378,Month-to-month,Fiber optic,Yes,Yes,No,No,No,No,No
CUST_02089,54,66,40.53398793390565,1991.0242713639966,Two year,DSL,Yes,No,No,Yes,Yes,No,No
CUST_02090,78,71,46.42439368122123,606.9022453758004,One year,DSL,Yes,No,Yes,Yes,Yes,No,No
CUST_02091,54,30,110.99550632726093,888.926800211835,Two year,Fiber optic,No,Yes,Yes,Yes,Yes,No,Yes
CUST_02092,60,70,111.55919855148696,5616.699251126237,Two year,Fiber optic,Yes,Yes,Yes,Yes,Yes,Yes,No
CUST_02093,77,65,52.89957746879688,4343.769199868388,Month-to-month,Fiber optic,No,Yes,Yes,No,Yes,Yes,No
CUST_02094,23,69,90.54341850945512,352.60671084834587,Two year,No,No,Yes,Yes,Yes,No,Yes,No
CUST_02095,56,40,87.57452551641833,8245.158773523233,One year,DSL,No,Yes,No,No,Yes,Yes,No
CUST_02096,73,62,100.65626321304032,5610.785303705962,One year,DSL,No,Yes,Yes,No,Yes,Yes,Yes
CUST_02097,63,31,49.65095001421311,4429.9359797344705,One year,No,No,Yes,No,No,Yes,Yes,Yes
CUST_02098,41,19,71.0138541910402,2390.883587661956,One year,DSL,No,Yes,No,Yes,Yes,No,No
CUST_02099,28,56,86.76739510082868,5628.030632383027,Month-to-month,Fiber optic,No,Yes,Yes,No,No,No,No
CUST_02100,79,49,22.625681880990605,3159.0100482147873,Two year,DSL,No,Yes,Yes,Yes,Yes,No,No
CUST_02101,30,24,57.673874533095464,6000.950966364912,Month-to-month,No,Yes,No,Yes,Yes,No,No,No
CUST_02102,51,11,89.58883576785689,5833.604130576819,Two year,Fiber optic,No,Yes,No,No,Yes,Yes,No
CUST_02103,42,70,45.25950931191334,879.0478790426864,Month-to-month,DSL,Yes,Yes,Yes,No,No,Yes,Yes
CUST_02104,24,38,115.77041070064872,7737.789949812331,Month-to-month,Fiber optic,No,No,No,No,Yes,Yes,No
CUST_02105,69,16,23.016137150683896,4190.583713454123,Month-to-month,DSL,No,No,Yes,No,Yes,Yes,No
CUST_02106,21,44,115.80871875874229,3400.737487319053,One year,Fiber optic,No,Yes,Yes,No,No,Yes,Yes
CUST_02107,76,10,41.67638680104,8125.88200648174,One year,No,No,No,Yes,No,Yes,Yes,Yes
CUST_02108,25,69,24.882204192537,3780.9579613341775,Month-to-month,No,Yes,Yes,No,Yes,No,Yes,No
CUST_02109,37,22,49.24740332235575,6158.255701985741,Two year,DSL,Yes,No,No,Yes,Yes,No,No
CUST_02110,46,69,98.62823072902253,5603.146408898624,Two year,DSL,Yes,No,No,No,No,Yes,No
CUST_02111,71,37,95.24420064480532,1487.1768238976756,One year,Fiber optic,Yes,No,Yes,Yes,No,Yes,No
CUST_02112,70,1,40.8840416422792,8425.59929944235,Month-to-month,No,Yes,Yes,Yes,Yes,Yes,No,No
CUST_02113,68,71,39.67901335917994,3994.276307243448,One year,Fiber optic,Yes,No,No,Yes,No,Yes,No
CUST_02114,62,36,84.25799158045407,3416.1736083053916,One year,No,No,No,Yes,Yes,Yes,No,No
CUST_02115,63,48,65.80826896757304,7824.753339127133,One year,Fiber optic,No,No,No,Yes,No,Yes,No
CUST_02116,27,51,99.22899533309023,4545.602027247724,Month-to-month,Fiber optic,Yes,No,Yes,No,Yes,No,No
CUST_02117,60,32,22.41327786925536,6022.646480206224,Month-to-month,Fiber optic,Yes,No,No,No,No,No,No
CUST_02118,51,21,81.0411860760571,7208.466797000891,One year,DSL,Yes,No,Yes,Yes,No,Yes,No
CUST_02119,74,4,93.06720122398758,2078.1529240859545,Month-to-month,No,No,Yes,No,Yes,Yes,No,No
CUST_02120,43,17,119.3386112028669,1523.5193156340479,Two year,DSL,No,Yes,Yes,No,No,No,No
CUST_02121,58,37,87.87816942368468,675.4571669644502,Two year,DSL,No,Yes,No,No,Yes,No,Yes
CUST_02122,66,36,43.18451565499663,7635.919713666949,One year,Fiber optic,No,No,No,Yes,Yes,No,No
CUST_02123,75,63,30.818619488003876,1783.0835958424493,Two year,No,No,No,No,No,Yes,Yes,No
CUST_02124,20,9,84.09167746440754,2685.133970140909,One year,DSL,Yes,No,Yes,No,Yes,No,No
CUST_02125,73,41,72.3183067518216,2500.7781790631893,One year,Fiber optic,No,Yes,No,Yes,Yes,No,Yes
CUST_02126,23,47,109.91452884450165,2658.5390951881172,One year,No,Yes,No,Yes,Yes,Yes,Yes,No
CUST_02127,22,43,92.66080211812749,5711.713465361235,Month-to-month,No,No,No,No,No,Yes,Yes,Yes
CUST_02128,22,15,70.97424500426206,8114.5538934205215,Month-to-month,DSL,Yes,No,No,Yes,Yes,No,Yes
CUST_02129,71,53,60.35894707651476,2867.4088620433395,Month-to-month,Fiber optic,No,No,No,Yes,Yes,No,Yes
CUST_02130,64,34,60.43746995708203,3524.2360991330534,Month-to-month,DSL,No,No,No,Yes,Yes,Yes,No
CUST_02131,40,27,42.630428615123456,6577.634666512334,One year,No,No,No,Yes,Yes,Yes,Yes,No
CUST_02132,66,1,21.732597175569705,3731.6387311765616,Month-to-month,DSL,No,Yes,Yes,No,No,No,No
CUST_02133,26,12,77.49105882071062,7878.759250578799,Two year,Fiber optic,No,Yes,No,Yes,Yes,Yes,No
CUST_02134,52,40,41.24147325232152,4327.031626259819,Two year,No,Yes,Yes,Yes,No,Yes,No,No
CUST_02135,37,58,40.83269177280415,3020.9727884143695,Month-to-month,Fiber optic,No,No,Yes,Yes,Yes,No,No
CUST_02136,75,68,32.53812286764805,8261.208863367865,Two year,Fiber optic,No,Yes,No,Yes,No,Yes,No
CUST_02137,66,52,38.959549017669275,3676.5677589391116,Two year,No,No,No,Yes,Yes,Yes,No,Yes
CUST_02138,78,44,23.17891495551377,2041.8689179795576,Month-to-month,Fiber optic,No,No,Yes,Yes,Yes,Yes,No
CUST_02139,76,19,87.4231449748532,1592.6868442320765,One year,Fiber optic,No,Yes,Yes,Yes,Yes,Yes,No
CUST_02140,59,23,60.13971163126943,8459.523136957936,One year,Fiber optic,No,No,Yes,Yes,No,Yes,No
CUST_02141,52,60,76.1524598773145,6425.096622282333,One year,No,No,Yes,Yes,Yes,Yes,Yes,No
CUST_02142,67,57,83.69576180207994,3532.7422986235183,Month-to-month,Fiber optic,No,Yes,No,Yes,No,No,No
CUST_02143,35,26,117.24845622761592,7041.452079958396,One year,DSL,No,Yes,Yes,No,Yes,No,No
CUST_02144,79,25,26.826586585550096,4693.171487921674,One year,DSL,Yes,No,Yes,No,Yes,No,No
CUST_02145,34,6,61.7917684831438,2766.0724185194886,Two year,Fiber optic,Yes,No,No,No,No,No,No
CUST_02146,41,41,44.5897933526481,6344.4407933820585,One year,DSL,No,No,No,No,No,No,No
CUST_02147,20,46,67.67119318568142,6365.515806618476,Month-to-month,DSL,No,Yes,No,No,No,Yes,No
CUST_02148,49,52,112.04723006138882,4301.421525146734,One year,No,No,Yes,Yes,Yes,Yes,No,No
CUST_02149,52,58,92.39842652481514,479.33005898616955,Two year,Fiber optic,No,Yes,No,Yes,No,No,No
CUST_02150,55,37,86.19495864798934,746.9888872188079,Two year,No,No,No,Yes,Yes,No,Yes,Yes
CUST_02151,30,68,64.12458764311774,6725.495623610678,Two year,Fiber optic,Yes,No,No,Yes,Yes,Yes,Yes
CUST_02152,73,52,87.11124983744358,7017.201558300991,Two year,DSL,No,No,No,No,Yes,Yes,No
CUST_02153,78,14,23.23753772744081,5797.633888048331,One year,No,Yes,No,Yes,No,Yes,Yes,No
CUST_02154,64,25,78.62386720298944,7148.176033508537,Two year,No,No,Yes,No,No,No,No,Yes
CUST_02155,42,47,75.37765625992483,6143.694751003942,Two year,DSL,No,No,No,No,Yes,Yes,No
CUST_02156,26,18,54.664043196319284,7634.250812274895,Two year,DSL,No,No,No,Yes,Yes,No,No
CUST_02157,21,8,40.15141254241084,1363.3454899515546,One year,Fiber optic,No,Yes,Yes,Yes,No,Yes,No
CUST_02158,31,63,100.75555509993009,3357.028837945737,Month-to-month,Fiber optic,Yes,No,No,Yes,Yes,Yes,Yes
CUST_02159,54,53,25.386211445509648,3998.5306686828812,Two year,DSL,Yes,No,Yes,No,Yes,Yes,No
CUST_02160,51,50,26.967286442358777,2600.375875968994,Two year,DSL,Yes,Yes,Yes,No,No,No,No
CUST_02161,28,38,64.05217439841465,6193.07816445533,Two year,No,Yes,No,No,Yes,No,No,No
CUST_02162,58,3,45.25545474086051,7764.486026588777,One year,No,Yes,Yes,No,Yes,No,No,No
CUST_02163,73,2,94.54524135070204,3564.8504738619213,One year,Fiber optic,No,No,No,Yes,No,Yes,No
CUST_02164,20,63,83.4190076921191,8008.952502622919,Two year,No,No,Yes,No,No,No,No,No
CUST_02165,76,28,97.25347961266314,4440.858820010076,Month-to-month,DSL,Yes,No,No,No,Yes,Yes,Yes
CUST_02166,45,10,52.46789563378011,4489.1312652548295,Two year,DSL,No,Yes,No,Yes,No,No,Yes
CUST_02167,46,57,94.05189396178675,5141.844141693155,Month-to-month,DSL,No,No,Yes,No,No,Yes,No
CUST_02168,26,26,106.23032360263988,2353.980947002333,Month-to-month,DSL,No,No,No,Yes,Yes,No,No
CUST_02169,20,20,54.52744944185717,3320.2283607343106,One year,Fiber optic,Yes,Yes,No,Yes,No,No,No
CUST_02170,42,38,53.989582116183335,4747.194604238155,One year,DSL,Yes,Yes,Yes,Yes,No,Yes,No
CUST_02171,51,45,109.99514039064263,8012.656238815398,One year,DSL,Yes,Yes,No,No,Yes,Yes,No
CUST_02172,29,65,24.979025318770915,5498.617659023835,Month-to-month,DSL,Yes,No,Yes,No,Yes,No,No
CUST_02173,59,35,55.018940573084436,2898.17908626516,Month-to-month,DSL,No,Yes,Yes,No,Yes,No,Yes
CUST_02174,26,64,31.867249207180407,187.93601585862217,Month-to-month,Fiber optic,No,No,Yes,No,Yes,No,No
CUST_02175,32,62,22.89805902499762,8345.991459411207,One year,Fiber optic,No,Yes,No,No,Yes,Yes,No
CUST_02176,57,34,31.28694176468221,4241.070285674522,One year,No,No,No,Yes,Yes,Yes,Yes,No
CUST_02177,42,30,63.1245791180277,7983.359329978476,One year,Fiber optic,No,No,No,Yes,No,No,No
CUST_02178,22,27,88.69560692277908,4714.499964214444,Two year,Fiber optic,No,Yes,Yes,No,Yes,No,Yes
CUST_02179,28,0,48.92824244419629,5185.904825867226,Month-to-month,Fiber optic,Yes,No,Yes,No,Yes,No,No
CUST_02180,76,24,104.96753074011248,6080.062949593365,Month-to-month,No,No,Yes,Yes,Yes,Yes,Yes,No
CUST_02181,51,42,63.761562873835004,2796.196162781007,Two year,DSL,No,Yes,No,No,Yes,Yes,No
CUST_02182,41,66,116.82280509617436,5971.465269670291,Month-to-month,No,No,Yes,No,No,No,Yes,No
CUST_02183,77,62,115.41556694437,4525.052042751623,Month-to-month,DSL,No,No,Yes,No,Yes,Yes,Yes
CUST_02184,32,50,97.3276222666815,5748.831576493056,Two year,Fiber optic,No,No,No,No,No,Yes,No
CUST_02185,55,1,113.24054961466182,7120.999391642656,Month-to-month,DSL,Yes,No,Yes,Yes,No,Yes,No
CUST_02186,25,63,90.70960761611116,1647.5246942846652,One year,No,No,No,Yes,No,Yes,Yes,No
CUST_02187,76,68,109.55831899911814,5253.827646820381,Two year,DSL,No,Yes,No,Yes,No,Yes,No
CUST_02188,22,8,43.64737173663065,537.7351603226273,Month-to-month,DSL,Yes,No,Yes,No,Yes,No,Yes
CUST_02189,65,1,54.54202001767987,957.7667471719097,One year,Fiber optic,Yes,Yes,Yes,No,No,No,Yes
CUST_02190,43,33,95.29300660048615,5766.591580178931,Month-to-month,DSL,No,No,No,Yes,No,Yes,No
CUST_02191,35,59,62.45612382065571,695.8762751898835,Two year,DSL,No,No,Yes,Yes,No,Yes,No
CUST_02192,23,60,103.73274338245179,5101.005350437381,One year,Fiber optic,Yes,No,Yes,No,No,Yes,Yes
CUST_02193,54,30,107.76388715877751,1948.1058286716377,Month-to-month,No,No,No,No,Yes,Yes,Yes,No
CUST_02194,77,9,49.97294847209248,2654.312559498683,Two year,Fiber optic,Yes,Yes,Yes,Yes,No,No,No
CUST_02195,65,35,102.34508081895736,1188.9466180383818,Month-to-month,DSL,Yes,No,Yes,Yes,Yes,No,No
CUST_02196,30,48,35.42642710651501,2188.80688385185,Month-to-month,Fiber optic,Yes,Yes,No,No,No,No,No
CUST_02197,45,69,53.4196711536849,6998.850992482355,One year,Fiber optic,No,Yes,Yes,No,Yes,No,Yes
CUST_02198,22,48,71.7964951121389,5466.578607094832,Month-to-month,DSL,Yes,No,No,No,No,No,No
CUST_02199,30,2,42.64437621038922,8077.98227558798,Two year,No,Yes,No,No,No,Yes,Yes,Yes
CUST_02200,34,4,77.92678295751992,509.4567849715443,Two year,Fiber optic,No,Yes,No,Yes,No,Yes,No
CUST_02201,67,60,77.86950787176465,6756.2607763461765,One year,No,Yes,No,No,No,Yes,Yes,No
CUST_02202,57,25,40.690289485090574,5972.248339547166,One year,Fiber optic,Yes,No,Yes,No,Yes,Yes,No
CUST_02203,62,71,99.56413448854566,2291.4953636593027,Month-to-month,DSL,No,Yes,No,No,No,No,No
CUST_02204,49,4,83.16444894114969,6225.00030360891,Two year,DSL,No,No,Yes,Yes,No,No,No
CUST_02205,79,14,51.77605068249542,6119.0078192828105,One year,Fiber optic,No,No,Yes,Yes,No,No,Yes
CUST_02206,46,15,43.21847834702919,3958.499705693448,Month-to-month,Fiber optic,No,No,No,No,No,Yes,No
CUST_02207,68,0,107.87501388344936,5884.572798371155,Month-to-month,Fiber optic,No,Yes,No,Yes,No,No,No
CUST_02208,75,15,103.57422452246527,3834.479585326548,Two year,DSL,No,Yes,No,Yes,Yes,Yes,No
CUST_02209,20,36,42.97606748555263,2918.583006886126,Two year,Fiber optic,No,Yes,Yes,No,Yes,No,No
CUST_02210,73,2,23.560522651650878,4018.5240668300958,Month-to-month,DSL,No,No,Yes,Yes,No,No,No
CUST_02211,57,51,100.45325957431238,7619.087644539447,Two year,Fiber optic,No,No,Yes,Yes,No,No,No
CUST_02212,51,46,81.55085552650431,3330.5038600258326,Month-to-month,DSL,No,Yes,No,No,No,Yes,No
CUST_02213,57,12,30.08820280534597,3490.9806906359763,Month-to-month,Fiber optic,No,No,Yes,No,No,No,No
CUST_02214,44,54,78.7358206218895,5210.587112025222,Two year,No,No,Yes,No,Yes,No,Yes,No
CUST_02215,30,20,65.21826853616943,6425.195593642419,One year,No,No,Yes,No,No,Yes,Yes,Yes
CUST_02216,62,65,97.45503274736916,6270.815226613714,Month-to-month,DSL,No,No,Yes,Yes,Yes,Yes,No
CUST_02217,50,53,40.908484215873,266.3093329925209,Two year,Fiber optic,Yes,Yes,No,Yes,Yes,No,Yes
CUST_02218,23,26,65.31567443050265,5874.2887973583665,Month-to-month,No,No,No,Yes,No,No,No,Yes
CUST_02219,41,37,35.624411425191674,3884.6540040309856,Month-to-month,Fiber optic,No,No,Yes,Yes,No,No,Yes
CUST_02220,36,57,115.75272278108467,4502.355727457442,Month-to-month,Fiber optic,Yes,No,Yes,Yes,No,No,No
CUST_02221,33,61,97.87381569251642,4817.972030321025,Two year,Fiber optic,Yes,Yes,Yes,Yes,Yes,Yes,No
CUST_02222,57,45,93.67224265013965,6246.444783709429,Two year,No,Yes,No,No,No,No,No,Yes
CUST_02223,45,10,89.0206665020802,7083.197062309829,Two year,DSL,No,No,Yes,Yes,No,Yes,No
CUST_02224,50,71,62.33364424663817,5528.591934910783,One year,No,Yes,No,No,Yes,No,Yes,No
CUST_02225,76,7,112.32824157031447,4836.82065477041,Month-to-month,DSL,No,No,Yes,Yes,Yes,No,Yes
CUST_02226,76,70,27.29170119270054,3239.6617404266954,One year,No,No,Yes,Yes,No,Yes,Yes,No
CUST_02227,65,63,100.32590716789518,1258.1770415483593,Month-to-month,Fiber optic,Yes,Yes,No,No,Yes,Yes,Yes
CUST_02228,58,20,41.523273210573265,8152.052525816857,Two year,Fiber optic,Yes,No,Yes,No,Yes,No,Yes
CUST_02229,30,71,52.4027955633848,3979.475255532584,Month-to-month,Fiber optic,Yes,No,Yes,Yes,Yes,Yes,Yes
CUST_02230,60,62,71.94297289673082,4856.182853778104,Month-to-month,No,No,Yes,Yes,No,Yes,No,No
CUST_02231,62,63,98.26550110555796,6409.014371265905,Month-to-month,No,Yes,No,No,No,No,No,No
CUST_02232,42,19,103.85349076537366,674.648073830565,One year,DSL,Yes,No,Yes,Yes,No,Yes,No
CUST_02233,70,7,78.37322501601248,7282.092475631344,Two year,No,Yes,Yes,Yes,No,No,No,No
CUST_02234,59,57,60.30354889346852,6795.016244076222,Two year,DSL,Yes,Yes,Yes,Yes,Yes,Yes,Yes
CUST_02235,53,45,114.65024214032101,6605.200088042665,Month-to-month,No,Yes,No,No,Yes,Yes,No,No
CUST_02236,44,30,44.65212958393683,284.65473656903043,Two year,Fiber optic,Yes,Yes,No,Yes,Yes,No,No
CUST_02237,55,8,100.30945758806354,4522.758351847479,One year,No,Yes,Yes,No,Yes,Yes,No,No
CUST_02238,77,14,81.20496214481533,555.8543141524694,One year,Fiber optic,Yes,No,No,Yes,No,No,No
CUST_02239,24,25,57.689501688521375,4727.329662317246,Two year,No,No,No,Yes,No,No,No,No
CUST_02240,22,9,20.13679843635368,6134.965940546389,One year,DSL,Yes,Yes,No,Yes,Yes,Yes,No
CUST_02241,60,28,64.65993013486268,1123.5421021707523,One year,No,No,No,No,Yes,Yes,No,No
CUST_02242,62,35,47.67199975422993,5937.018086009224,Two year,Fiber optic,Yes,No,No,Yes,Yes,Yes,No
CUST_02243,75,36,30.43466133255606,3876.0759062765806,Two year,No,No,Yes,No,Yes,No,No,No
CUST_02244,74,70,27.515856533808485,6917.0446176936875,Month-to-month,DSL,No,No,Yes,Yes,Yes,Yes,No
CUST_02245,68,22,54.7558327311602,4582.147090794529,Month-to-month,DSL,No,Yes,Yes,Yes,No,Yes,No
CUST_02246,48,40,81.47573887406486,2923.4209010110494,One year,DSL,Yes,Yes,No,Yes,No,Yes,No
CUST_02247,40,27,103.75193153647736,2888.7291327591524,Two year,DSL,No,No,No,No,Yes,Yes,No
CUST_02248,59,47,38.35632449473269,7638.886768063706,One year,No,No,Yes,No,No,Yes,Yes,No
CUST_02249,27,37,62.46439713090496,3904.1213105151114,Two year,DSL,Yes,No,No,No,Yes,No,No
CUST_02250,49,30,59.19561401421522,3508.332736281936,One year,No,Yes,No,Yes,Yes,No,Yes,No
CUST_02251,60,13,71.33940092085156,434.9384273024909,One year,No,No,No,Yes,No,No,Yes,No
CUST_02252,70,28,100.95872708095528,3160.326682969374,One year,No,Yes,No,No,No,No,Yes,No
CUST_02253,47,50,75.36452179992348,7236.867261533168,Month-to-month,DSL,Yes,Yes,No,Yes,No,No,No
CUST_02254,56,48,104.66549135022942,6492.296314873916,Two year,DSL,Yes,No,No,No,No,No,Yes
CUST_02255,48,42,71.85517560689777,1955.670903491438,One year,No,No,Yes,No,Yes,No,No,No
CUST_02256,35,71,80.38473651812714,3569.675634993427,Month-to-month,No,No,No,No,Yes,Yes,No,Yes
CUST_02257,53,4,63.73832424929898,1751.2692790866904,One year,No,Yes,No,No,Yes,Yes,Yes,No
CUST_02258,19,41,102.30955802956336,8115.421261411538,One year,Fiber optic,No,Yes,No,Yes,Yes,No,Yes
CUST_02259,31,6,112.38272063646527,5124.190179698499,Two year,Fiber optic,Yes,Yes,Yes,No,No,No,No
CUST_02260,30,41,83.91447381231457,6436.580257407809,One year,DSL,Yes,No,Yes,Yes,Yes,No,Yes
CUST_02261,46,35,102.07824491729039,6095.992657284944,Two year,Fiber optic,Yes,Yes,Yes,No,Yes,Yes,No
CUST_02262,29,26,25.90033339991003,7438.990652476701,Month-to-month,No,Yes,Yes,No,No,Yes,No,No
CUST_02263,56,57,110.61117514466575,8074.353339781858,Month-to-month,No,Yes,Yes,Yes,Yes,No,Yes,No
CUST_02264,19,45,38.89250668391246,372.5478597160854,One year,DSL,No,No,No,No,Yes,No,No
CUST_02265,49,65,45.652042732580796,8292.5299111596,Month-to-month,DSL,Yes,No,No,Yes,Yes,Yes,Yes
CUST_02266,30,24,25.333006820674626,7412.556690089388,Two year,Fiber optic,No,No,No,Yes,No,No,Yes
CUST_02267,63,26,116.5400116974059,3316.758233064009,Two year,No,Yes,Yes,Yes,Yes,Yes,Yes,Yes
CUST_02268,44,0,105.20108494883763,7131.381637479392,Month-to-month,DSL,Yes,No,Yes,No,Yes,Yes,No
CUST_02269,66,41,111.31846040910838,6287.087051579976,Two year,DSL,No,No,No,Yes,No,Yes,Yes
CUST_02270,58,51,104.7216167760015,6762.160764193411,Two year,Fiber optic,No,Yes,Yes,No,Yes,No,No
CUST_02271,34,24,67.95305527212889,1953.8046758480648,One year,DSL,No,No,Yes,No,No,Yes,No
CUST_02272,57,53,112.40819340907635,5547.935096259589,One year,Fiber optic,No,No,Yes,Yes,No,No,No
CUST_02273,48,66,116.94728204271883,317.7775121140429,Two year,No,Yes,No,Yes,Yes,Yes,No,No
CUST_02274,51,5,70.25669767893976,7225.12471344393,Month-to-month,Fiber optic,Yes,Yes,No,No,No,Yes,No
CUST_02275,77,57,37.56247813288382,8088.760968796628,Two year,DSL,No,Yes,No,No,Yes,Yes,No
CUST_02276,41,69,85.86225089630943,5661.836901336419,One year,Fiber optic,No,No,Yes,Yes,Yes,No,No
CUST_02277,62,52,117.54382898535707,4406.425086678418,Month-to-month,Fiber optic,No,No,Yes,Yes,Yes,No,No
CUST_02278,52,65,107.2146859858875,6196.141150649798,Two year,No,No,Yes,Yes,Yes,Yes,Yes,No
CUST_02279,65,57,106.18151761459075,2841.4348210867824,Month-to-month,Fiber optic,No,Yes,No,Yes,Yes,No,No
CUST_02280,23,1,113.3818016807282,5361.657484825319,Month-to-month,DSL,No,Yes,Yes,Yes,No,Yes,Yes
CUST_02281,36,21,109.39522605525471,6139.372690174132,Month-to-month,DSL,No,No,No,No,No,Yes,No
CUST_02282,47,36,97.62816640182929,1298.5185644419755,Two year,No,No,No,Yes,No,Yes,No,Yes
CUST_02283,24,19,91.82728321618272,1276.5712461713758,One year,No,Yes,Yes,Yes,No,No,No,Yes
CUST_02284,27,23,46.476717374475434,6115.560692800178,Month-to-month,No,Yes,Yes,No,Yes,Yes,No,Yes
CUST_02285,58,64,82.13400214284492,3726.9729509901663,Month-to-month,DSL,No,No,No,Yes,Yes,Yes,Yes
CUST_02286,49,64,72.14886217058896,7569.29258707156,Two year,Fiber optic,Yes,Yes,No,Yes,Yes,No,No
CUST_02287,51,0,106.19440915809912,2720.286610117436,One year,DSL,No,No,No,Yes,Yes,Yes,Yes
CUST_02288,45,2,69.1712573490072,456.41819288861416,One year,DSL,Yes,Yes,Yes,No,No,Yes,Yes
CUST_02289,77,45,32.774276354268906,5558.958645544765,Two year,No,No,No,No,No,Yes,Yes,No
CUST_02290,32,54,20.497248532234916,5847.609503461677,Month-to-month,No,Yes,Yes,No,No,Yes,No,Yes
CUST_02291,47,63,87.78731204686652,4750.169515421167,Two year,Fiber optic,No,No,No,No,Yes,No,No
CUST_02292,54,44,74.99083871271614,5839.994223834623,One year,Fiber optic,Yes,Yes,Yes,Yes,Yes,No,No
CUST_02293,46,25,53.096290435844836,4499.5364935849175,Month-to-month,Fiber optic,Yes,No,No,No,No,Yes,No
CUST_02294,39,64,36.897215003789036,5918.115655231983,Month-to-month,Fiber optic,No,No,Yes,Yes,Yes,No,No
CUST_02295,21,23,66.6715322403902,469.0742150636339,One year,DSL,Yes,No,Yes,No,No,Yes,No
CUST_02296,37,34,30.028647247890564,3194.5379098565804,Month-to-month,Fiber optic,Yes,Yes,No,No,No,No,Yes
CUST_02297,49,23,53.610848922114315,1870.8621108109508,Two year,DSL,Yes,No,Yes,Yes,No,No,No
CUST_02298,53,27,57.92119062356344,934.3395643376695,One year,DSL,Yes,No,No,Yes,No,Yes,No
CUST_02299,67,15,66.56186948379622,2066.378143795004,One year,Fiber optic,No,No,Yes,Yes,Yes,Yes,No
CUST_02300,21,58,66.66207513388468,1707.0091914670206,Month-to-month,Fiber optic,No,Yes,Yes,Yes,No,Yes,Yes
CUST_02301,44,53,45.70056434742772,8274.303662237417,One year,DSL,No,Yes,No,No,No,No,Yes
CUST_02302,34,15,105.02109816019876,2506.985708835087,Two year,No,Yes,Yes,No,Yes,No,Yes,No
CUST_02303,29,14,55.55435062567456,2040.0553492361398,One year,Fiber optic,No,No,Yes,No,No,No,No
CUST_02304,39,10,42.95873088925163,7112.94585265954,Month-to-month,No,Yes,Yes,No,No,No,No,No
CUST_02305,34,64,37.580988341059026,3620.5762250582475,One year,DSL,Yes,No,No,No,Yes,No,No
CUST_02306,27,67,52.257839450333556,3640.3097669741965,Month-to-month,No,Yes,Yes,Yes,No,Yes,No,No
CUST_02307,71,42,26.755288297753438,3826.1599175932747,Month-to-month,DSL,No,Yes,Yes,Yes,No,Yes,Yes
CUST_02308,18,68,23.290752298097168,3598.8898514131624,Two year,No,No,Yes,Yes,Yes,No,No,No
CUST_02309,39,12,80.51421968028677,2843.1498216543264,One year,No,Yes,No,No,No,Yes,Yes,Yes
CUST_02310,43,9,81.914713604919,2505.2513174602345,Two year,No,Yes,No,Yes,No,No,No,No
CUST_02311,73,40,72.95882026382897,7508.461282477706,Two year,DSL,No,Yes,No,Yes,Yes,Yes,Yes
CUST_02312,76,49,96.22851952317244,1458.341707536992,One year,DSL,Yes,Yes,Yes,Yes,No,No,Yes
CUST_02313,35,70,23.915054427707798,1620.9237645526898,Two year,DSL,Yes,No,No,No,No,No,No
CUST_02314,67,58,113.59731082094676,4902.440443570356,Two year,Fiber optic,No,No,No,No,Yes,No,No
CUST_02315,31,38,29.50651232570605,2986.7320691669743,Month-to-month,DSL,No,No,Yes,No,No,Yes,No
CUST_02316,64,2,87.40229943935935,3640.8466647150285,Two year,Fiber optic,Yes,No,Yes,Yes,No,No,No
CUST_02317,46,6,33.33965889408093,6874.991506281737,One year,DSL,No,Yes,No,Yes,Yes,Yes,No
CUST_02318,29,48,107.99054333077923,7690.500907167685,Month-to-month,Fiber optic,Yes,Yes,Yes,No,No,Yes,Yes
CUST_02319,53,25,71.07132869450312,6740.650908274995,Two year,No,Yes,Yes,Yes,No,Yes,Yes,No
CUST_02320,76,32,28.229354101797604,2073.3974116423133,Two year,No,No,No,No,No,No,Yes,No
CUST_02321,52,47,81.67241127000736,8331.758832716021,One year,DSL,Yes,No,No,No,Yes,Yes,Yes
CUST_02322,69,1,20.910994388220164,3150.6826068552054,Two year,Fiber optic,No,Yes,Yes,No,No,No,No
CUST_02323,78,70,97.60221784402445,1520.1633137827494,One year,No,No,Yes,Yes,No,Yes,No,No
CUST_02324,29,31,85.05849866461234,4295.772325931536,Two year,No,No,Yes,Yes,Yes,Yes,Yes,No
CUST_02325,24,3,41.26247493635073,6192.400464933557,Two year,Fiber optic,Yes,Yes,Yes,Yes,Yes,No,No
CUST_02326,46,19,57.475091617609365,799.4754029878219,One year,DSL,No,Yes,Yes,Yes,No,No,No
CUST_02327,28,35,20.780669448889025,5428.0100828168015,Month-to-month,No,Yes,No,No,Yes,No,Yes,No
CUST_02328,50,31,89.3683814971205,7307.854556783409,One year,DSL,Yes,Yes,Yes,Yes,Yes,Yes,No
CUST_02329,23,27,52.26681375097192,2298.9644546135364,Month-to-month,DSL,No,No,No,No,No,Yes,No
CUST_02330,64,0,77.15889152967192,5922.234982284343,Month-to-month,Fiber optic,Yes,No,Yes,Yes,Yes,Yes,No
CUST_02331,32,59,115.67276279144629,3459.232491667701,One year,Fiber optic,No,No,Yes,No,No,No,No
CUST_02332,49,55,49.9466712947585,3578.735202372486,One year,No,No,Yes,Yes,Yes,Yes,No,No
CUST_02333,68,34,119.02378840873183,2458.8378621548677,Two year,Fiber optic,No,No,No,No,No,Yes,Yes
CUST_02334,28,29,83.27283860075664,5344.907890095121,Two year,No,Yes,Yes,Yes,No,No,No,No
CUST_02335,75,53,44.208866628550496,3132.3937254532984,Month-to-month,No,No,Yes,No,No,No,Yes,No
CUST_02336,40,35,63.67778830212578,7079.585229077258,Two year,No,No,No,No,No,No,Yes,Yes
CUST_02337,43,54,94.04531223835897,8188.4055536160595,One year,DSL,No,Yes,Yes,Yes,No,No,No
CUST_02338,51,57,64.64779076830813,7954.736512343766,Month-to-month,DSL,Yes,No,Yes,Yes,No,Yes,Yes
CUST_02339,63,64,26.85075673415524,1470.2783331411038,Two year,Fiber optic,Yes,Yes,Yes,Yes,No,No,Yes
CUST_02340,51,68,36.860366138254236,219.19851995590437,Two year,Fiber optic,No,Yes,Yes,No,No,No,Yes
CUST_02341,46,50,99.12977457839455,3783.134065426125,One year,No,No,No,No,No,Yes,No,No
CUST_02342,21,21,84.83730757180614,6222.623144446368,One year,No,No,No,No,Yes,Yes,No,No
CUST_02343,34,52,76.98254773321338,8310.624254013672,Two year,DSL,Yes,Yes,Yes,No,Yes,No,No
CUST_02344,52,35,36.76219707554013,6680.747333205687,Month-to-month,DSL,Yes,No,No,Yes,No,No,No
CUST_02345,30,67,103.77574453503394,4976.614303683135,Month-to-month,No,Yes,No,Yes,No,No,Yes,No
CUST_02346,58,35,116.07401095862501,321.3644627281981,One year,No,No,Yes,No,No,Yes,No,No
CUST_02347,56,51,24.088709749066954,7034.541808661778,One year,Fiber optic,Yes,No,Yes,No,Yes,No,No
CUST_02348,32,52,27.80318706538553,1588.0182850053732,One year,No,No,No,Yes,No,Yes,No,Yes
CUST_02349,72,49,108.47245033145647,567.0947191690395,Two year,No,Yes,Yes,No,Yes,Yes,Yes,No
CUST_02350,46,40,101.55522540321283,7243.014317775821,Two year,No,No,No,No,No,Yes,No,No
CUST_02351,46,17,81.79344555112937,4856.507290124859,One year,DSL,Yes,Yes,No,Yes,Yes,Yes,No
CUST_02352,28,21,114.4965208986138,1179.8334220277745,Month-to-month,DSL,Yes,No,Yes,No,Yes,No,No
CUST_02353,69,65,84.64305779920032,3346.9583706622816,One year,Fiber optic,Yes,Yes,No,Yes,Yes,No,No
CUST_02354,49,20,41.59852757295033,818.550004694732,One year,Fiber optic,Yes,No,Yes,Yes,Yes,Yes,Yes
CUST_02355,19,43,92.86423237169002,5459.290778193536,Month-to-month,Fiber optic,No,Yes,Yes,Yes,Yes,Yes,Yes
CUST_02356,64,46,84.57103447456373,2472.389037278468,Month-to-month,No,No,Yes,Yes,No,No,No,No
CUST_02357,31,38,118.57447020100294,7375.190703469148,Month-to-month,No,No,Yes,Yes,Yes,No,No,No
CUST_02358,37,28,41.389573637479174,3105.4866420854123,Month-to-month,DSL,Yes,No,No,Yes,No,No,No
CUST_02359,39,53,79.7884936362599,4254.924449367309,Two year,No,No,Yes,Yes,No,Yes,Yes,No
CUST_02360,28,16,98.01675222251225,633.5965390501912,Two year,No,Yes,Yes,Yes,Yes,Yes,No,Yes
CUST_02361,44,59,53.89830893381708,2414.977979809347,One year,DSL,Yes,No,Yes,No,No,No,Yes
CUST_02362,20,30,57.96795830982377,5784.845082201018,Two year,Fiber optic,Yes,Yes,No,Yes,No,No,No
CUST_02363,34,48,108.79018383283207,6284.607249332177,One year,No,No,Yes,No,Yes,Yes,No,No
CUST_02364,79,1,60.419487960888134,2139.703582094363,One year,DSL,Yes,Yes,No,Yes,No,No,No
CUST_02365,61,47,82.47328518956144,4332.088829253946,Month-to-month,DSL,Yes,Yes,Yes,No,No,Yes,Yes
CUST_02366,73,13,108.92381375268256,6967.261283717843,Month-to-month,Fiber optic,Yes,No,No,Yes,No,Yes,No
CUST_02367,45,58,40.982658309056134,3291.2453514722647,Two year,DSL,Yes,No,No,Yes,No,No,Yes
CUST_02368,46,57,118.18772963526058,1223.6786457970295,Two year,Fiber optic,No,No,Yes,No,No,No,No
CUST_02369,38,57,90.19535339703258,3727.711272744742,Two year,Fiber optic,No,Yes,Yes,No,No,Yes,No
CUST_02370,64,50,69.61216941414449,5145.280789629062,Two year,Fiber optic,No,No,No,No,No,Yes,Yes
CUST_02371,33,1,63.09205643509977,162.14763681598794,Month-to-month,Fiber optic,No,Yes,No,No,No,No,No
CUST_02372,54,40,115.43646155515046,3027.967056118123,Month-to-month,Fiber optic,No,Yes,Yes,No,No,Yes,No
CUST_02373,76,15,40.572482752966636,5202.4608955193835,Two year,DSL,Yes,No,No,No,Yes,No,Yes
CUST_02374,37,3,51.168325684596134,8096.060380375231,One year,No,No,Yes,Yes,No,No,No,Yes
CUST_02375,23,11,50.77927555479248,3531.8093527955834,Month-to-month,Fiber optic,No,Yes,Yes,Yes,Yes,No,Yes
CUST_02376,36,28,48.90063347344635,1468.967030026341,Month-to-month,Fiber optic,No,No,Yes,Yes,Yes,Yes,No
CUST_02377,74,6,66.85380452156892,4587.440422921568,Month-to-month,No,No,No,Yes,Yes,Yes,No,Yes
CUST_02378,22,13,118.91792332678332,2500.3198332373154,Month-to-month,No,No,Yes,No,No,No,Yes,Yes
CUST_02379,20,11,108.87867667162173,1904.1469542441853,Two year,Fiber optic,Yes,Yes,Yes,Yes,No,Yes,No
CUST_02380,76,4,52.794956832148614,5059.387375835721,Two year,No,No,Yes,Yes,No,No,Yes,Yes
CUST_02381,18,31,62.287011573013764,7793.421688425809,One year,Fiber optic,Yes,Yes,No,Yes,No,Yes,No
CUST_02382,75,42,86.94807463859314,7115.883316450002,Month-to-month,DSL,No,No,No,Yes,No,Yes,No
CUST_02383,77,68,21.71516806966141,1631.2573265003768,Two year,No,Yes,No,No,No,No,Yes,Yes
CUST_02384,55,44,102.01536586856479,6533.387450138794,Two year,No,Yes,Yes,Yes,Yes,No,Yes,No
CUST_02385,32,8,107.97980573119195,2030.8965287363017,Month-to-month,DSL,No,No,Yes,No,No,Yes,No
CUST_02386,51,48,105.7200334324534,2541.8905898230414,Two year,No,No,Yes,Yes,Yes,No,Yes,No
CUST_02387,78,32,57.50543868855362,7828.432657821306,Two year,DSL,No,No,No,No,Yes,Yes,No
CUST_02388,52,17,66.19995073642082,7752.821265995678,Two year,Fiber optic,Yes,No,No,No,No,Yes,No
CUST_02389,66,8,21.238832190375582,1516.4984221793636,One year,No,Yes,Yes,Yes,No,No,Yes,No
CUST_02390,42,61,59.939534804355084,639.2115897572439,Two year,No,No,No,Yes,No,No,No,Yes
CUST_02391,41,56,66.04268223666014,2562.1920671903695,Month-to-month,DSL,Yes,Yes,Yes,Yes,Yes,Yes,No
CUST_02392,29,28,110.69742930684787,4986.910502133256,Month-to-month,Fiber optic,No,No,No,No,No,No,No
CUST_02393,35,24,109.39876737572474,7465.89009365714,Month-to-month,Fiber optic,Yes,No,No,Yes,No,Yes,Yes
CUST_02394,32,14,116.60970640879096,1098.2340667641254,Two year,DSL,No,Yes,Yes,Yes,Yes,No,Yes
CUST_02395,61,5,108.51049850905204,3585.6514185011647,One year,No,Yes,No,No,Yes,No,Yes,No
CUST_02396,33,41,20.820070942764563,2382.698208452415,Two year,No,No,No,No,No,Yes,Yes,Yes
CUST_02397,44,28,84.14608523322197,225.4033247825484,Month-to-month,DSL,Yes,Yes,No,No,Yes,No,No
CUST_02398,25,3,26.82376831030408,6722.948590661186,One year,DSL,Yes,No,No,No,No,Yes,No
CUST_02399,77,56,47.25942863799854,6931.587390608488,One year,DSL,No,No,Yes,No,No,No,No
CUST_02400,63,48,77.83076294705803,1958.324118912658,Two year,No,Yes,Yes,Yes,Yes,Yes,Yes,No
CUST_02401,42,43,90.0613818407539,1370.4181003390913,Month-to-month,DSL,Yes,Yes,No,No,No,Yes,No
CUST_02402,34,13,85.46320259170952,1314.3111704264563,Two year,Fiber optic,No,No,No,No,Yes,Yes,No
CUST_02403,46,2,24.905836740864324,3997.156394020014,Month-to-month,DSL,No,No,Yes,Yes,No,No,Yes
CUST_02404,70,61,30.360386956955203,2170.5629344604667,One year,Fiber optic,No,Yes,No,Yes,Yes,No,No
CUST_02405,25,63,32.85868129312734,4395.387396903408,Two year,Fiber optic,Yes,Yes,No,No,No,No,No
CUST_02406,32,44,29.14143767696911,3332.7545920754537,One year,DSL,Yes,No,Yes,Yes,Yes,Yes,No
CUST_02407,44,57,37.82344232693222,1871.4785611683265,Month-to-month,Fiber optic,No,No,No,No,Yes,No,Yes
CUST_02408,63,19,88.84877913115594,6410.01103228144,One year,No,Yes,Yes,Yes,No,Yes,Yes,No
CUST_02409,67,57,103.08372511591529,1363.0566788209112,One year,DSL,Yes,No,No,Yes,No,Yes,No
CUST_02410,69,56,60.88138900734103,6810.779444491673,One year,No,Yes,No,No,No,Yes,No,Yes
CUST_02411,24,67,89.27815064283436,4816.149622998454,Two year,No,No,Yes,No,Yes,No,No,No
CUST_02412,20,51,40.00162612658265,7089.111998482131,Month-to-month,Fiber optic,No,No,No,Yes,No,Yes,No
CUST_02413,46,36,117.32801516334081,139.97593658720217,One year,No,No,No,No,Yes,Yes,Yes,No
CUST_02414,61,7,54.99975228576183,6393.183559898056,One year,No,No,Yes,No,No,Yes,Yes,No
CUST_02415,70,43,104.58669062048351,532.7309833093686,One year,DSL,Yes,No,No,No,No,No,No
CUST_02416,41,4,114.53663726293871,8080.829239917694,One year,DSL,No,No,No,No,Yes,No,No
CUST_02417,77,68,106.47139628753023,6003.011702480494,Month-to-month,No,No,Yes,Yes,Yes,Yes,No,No
CUST_02418,75,30,26.706765154028894,2789.4472412194073,Month-to-month,Fiber optic,Yes,Yes,Yes,No,No,No,Yes
CUST_02419,20,44,85.0307157307256,2786.744139904297,Two year,Fiber optic,No,Yes,Yes,No,Yes,No,Yes
CUST_02420,37,8,32.00907065715512,7336.535989636451,Month-to-month,DSL,Yes,No,Yes,Yes,No,No,No
CUST_02421,63,31,20.56630005257967,7683.857079002333,Month-to-month,DSL,Yes,No,No,Yes,Yes,Yes,No
CUST_02422,32,32,25.178344394306745,7589.215560725448,One year,DSL,Yes,No,Yes,Yes,Yes,No,No
CUST_02423,42,66,111.61491964470572,6893.418457557151,Two year,Fiber optic,Yes,No,Yes,No,No,No,Yes
CUST_02424,47,29,110.84635142603938,6979.868975025533,Two year,DSL,Yes,Yes,No,Yes,Yes,Yes,No
CUST_02425,31,28,42.58243877640338,4911.2503841715,One year,No,No,Yes,No,Yes,No,Yes,No
CUST_02426,24,2,74.70612147986262,337.14084477217233,Two year,Fiber optic,Yes,Yes,No,Yes,Yes,Yes,No
CUST_02427,34,56,115.50282622659262,828.8955692955574,Month-to-month,No,No,No,No,No,Yes,No,No
CUST_02428,79,29,69.67061296967626,5556.247295012081,Two year,DSL,No,Yes,No,No,No,Yes,No
CUST_02429,61,8,59.35778201457579,3469.7873467470267,One year,Fiber optic,Yes,No,Yes,Yes,No,No,No
CUST_02430,37,25,68.32486940446245,4865.400899069324,Two year,DSL,Yes,No,No,Yes,No,No,Yes
CUST_02431,53,1,99.02157615519442,2041.0520300258813,Two year,Fiber optic,No,No,No,No,No,Yes,No
CUST_02432,26,61,67.72776325332353,5555.1042586028125,Two year,DSL,Yes,Yes,No,No,No,No,No
CUST_02433,55,2,98.32776812823695,2139.768171224062,One year,Fiber optic,No,No,Yes,No,Yes,Yes,No
CUST_02434,65,45,63.16974456409329,3970.8275029929737,Month-to-month,Fiber optic,Yes,No,No,Yes,No,No,No
CUST_02435,74,67,45.200567121138285,4121.247156565929,Two year,Fiber optic,Yes,Yes,No,No,No,Yes,No
CUST_02436,77,24,52.647272981862066,1592.4131306489373,Month-to-month,No,Yes,Yes,Yes,Yes,No,No,No
CUST_02437,39,50,27.782346463716593,7460.144901656173,Month-to-month,DSL,No,No,Yes,No,No,No,Yes
CUST_02438,71,12,69.73811444092763,4516.8968726942085,Month-to-month,DSL,Yes,No,No,No,No,Yes,Yes
CUST_02439,70,43,34.811092488902304,7380.983734682106,Two year,Fiber optic,Yes,No,Yes,Yes,No,Yes,Yes
CUST_02440,70,34,101.15470063347328,2305.299842165762,Month-to-month,No,No,Yes,Yes,No,No,No,No
CUST_02441,19,54,62.059057415689416,1547.6219419323809,Two year,Fiber optic,No,Yes,No,Yes,Yes,No,No
CUST_02442,41,8,96.5002323991723,251.3398400090892,Two year,DSL,No,Yes,Yes,No,No,No,Yes
CUST_02443,25,1,115.44604275386335,888.463141702661,Two year,DSL,Yes,Yes,Yes,Yes,Yes,Yes,No
CUST_02444,28,60,104.9477949713236,1338.75308104754,Month-to-month,Fiber optic,No,Yes,No,No,Yes,Yes,No
CUST_02445,30,40,115.14636797458196,762.3867239749441,Two year,Fiber optic,No,No,Yes,Yes,Yes,Yes,Yes
CUST_02446,34,43,76.79365268707303,7633.786079194375,One year,Fiber optic,No,No,Yes,Yes,Yes,Yes,Yes
CUST_02447,25,63,36.532443398054184,7756.081786710816,One year,DSL,Yes,No,No,Yes,No,No,No
CUST_02448,38,30,113.53959541837006,7973.846447110369,One year,Fiber optic,Yes,No,No,Yes,No,No,Yes
CUST_02449,35,46,106.85043905967709,8162.8310272356175,Two year,Fiber optic,Yes,Yes,Yes,Yes,Yes,No,No
CUST_02450,47,1,106.44129910669285,4231.414042167481,One year,DSL,No,Yes,Yes,Yes,No,No,Yes
CUST_02451,35,68,89.32744274087185,4552.206949329582,Two year,Fiber optic,Yes,No,Yes,No,Yes,Yes,No
CUST_02452,63,57,82.49162621860793,1198.9756000178404,Two year,No,Yes,No,Yes,No,Yes,Yes,No
CUST_02453,64,43,21.47238918613315,1251.237117117288,Two year,DSL,No,Yes,Yes,Yes,Yes,Yes,No
CUST_02454,48,55,94.80540690881162,6591.154084710967,Month-to-month,Fiber optic,Yes,No,No,Yes,Yes,Yes,No
CUST_02455,55,42,29.15351174828057,7288.1243067906225,One year,Fiber optic,Yes,No,Yes,No,Yes,No,No
CUST_02456,49,33,45.97509361025758,6691.601217301174,Two year,DSL,No,Yes,Yes,Yes,No,No,No
CUST_02457,28,29,75.14902953513368,7110.437265957606,One year,DSL,No,No,No,No,No,Yes,Yes
CUST_02458,62,70,65.17325848760416,2423.190649597718,One year,No,No,Yes,No,No,No,No,No
CUST_02459,42,69,21.577438977144595,4014.9525882773787,Month-to-month,Fiber optic,No,No,Yes,Yes,No,No,No
CUST_02460,50,54,102.39850584517123,3957.274820521251,One year,Fiber optic,No,No,Yes,Yes,No,No,No
CUST_02461,77,66,107.88009580859264,8460.380586390533,Two year,Fiber optic,No,No,No,Yes,Yes,Yes,No
CUST_02462,55,12,88.18729434967669,8073.095368972433,Two year,DSL,No,Yes,Yes,Yes,No,No,No
CUST_02463,58,2,74.10678586568224,5127.283293978451,One year,DSL,No,Yes,No,No,Yes,Yes,No
CUST_02464,25,25,116.07378388994714,1258.9743183818243,One year,DSL,Yes,Yes,No,No,No,Yes,No
CUST_02465,28,56,31.995620774819194,2272.206724497688,Month-to-month,Fiber optic,Yes,Yes,No,Yes,Yes,No,No
CUST_02466,39,23,93.79100536649891,3155.597061846581,Two year,Fiber optic,Yes,Yes,No,Yes,Yes,Yes,No
CUST_02467,68,52,32.83606128951978,7434.977941424809,One year,DSL,Yes,Yes,Yes,No,Yes,Yes,No
CUST_02468,41,69,58.18447989234157,1533.3126393323719,One year,No,Yes,No,No,Yes,Yes,Yes,No
CUST_02469,58,42,78.54845091709788,1945.8740996760828,Two year,Fiber optic,No,No,Yes,No,Yes,Yes,No
CUST_02470,34,59,93.70876905043524,3034.8314100265466,One year,No,No,No,No,Yes,Yes,Yes,No
CUST_02471,29,57,20.3716100271984,7886.0455846884215,Month-to-month,DSL,No,No,Yes,No,No,Yes,Yes
CUST_02472,74,48,46.05978863717762,4332.0215625216515,One year,Fiber optic,Yes,Yes,Yes,No,No,Yes,No
CUST_02473,63,41,73.82003914098203,5533.42270741929,One year,No,Yes,No,No,No,Yes,Yes,Yes
CUST_02474,49,65,73.2873679161507,3352.675762589499,Month-to-month,Fiber optic,No,Yes,Yes,No,Yes,Yes,No
CUST_02475,32,10,83.7626434946264,1683.5857333111205,Month-to-month,No,No,No,Yes,Yes,No,Yes,No
CUST_02476,33,17,50.385358086822244,1971.5245142312333,Month-to-month,Fiber optic,Yes,No,Yes,Yes,Yes,No,No
CUST_02477,71,51,74.05292510889356,6842.438250653386,Two year,No,Yes,Yes,No,No,No,No,No
CUST_02478,39,45,38.97867774345764,7605.249121886642,One year,No,No,Yes,Yes,No,Yes,Yes,Yes
CUST_02479,45,43,38.687221440345546,4241.835509502417,One year,DSL,Yes,No,Yes,No,No,Yes,No
CUST_02480,37,21,77.65639634226068,3098.754030657755,Month-to-month,DSL,Yes,Yes,No,Yes,Yes,No,No
CUST_02481,50,52,88.5472585045341,6885.815146829003,Two year,No,No,Yes,No,Yes,No,Yes,No
CUST_02482,27,58,32.03999666812879,5753.996110679794,Month-to-month,Fiber optic,No,No,Yes,Yes,No,Yes,No
CUST_02483,57,29,32.278990190422334,443.34141087931846,One year,No,Yes,Yes,No,Yes,No,No,No
CUST_02484,49,7,76.53026914604504,3046.22355061561,Two year,Fiber optic,No,Yes,No,Yes,Yes,No,No
CUST_02485,67,56,47.009575228364554,5830.253017182751,Two year,Fiber optic,No,Yes,No,No,No,No,No
CUST_02486,77,19,59.23991022411144,4918.910490444208,One year,Fiber optic,Yes,No,Yes,Yes,No,Yes,No
CUST_02487,50,24,60.07484476475779,8315.76539430827,Two year,Fiber optic,Yes,Yes,No,Yes,Yes,No,Yes
CUST_02488,19,18,37.85528592849164,7375.369177092441,Two year,DSL,No,Yes,No,Yes,Yes,No,No
CUST_02489,50,4,20.13146334306264,601.8026081425924,Month-to-month,No,Yes,Yes,No,Yes,Yes,No,No
CUST_02490,50,71,105.31518099690074,6196.459731647829,Two year,Fiber optic,No,No,Yes,No,No,Yes,Yes
CUST_02491,58,26,91.50019688976883,2925.1435435760145,Month-to-month,DSL,No,No,No,No,Yes,No,No
CUST_02492,30,39,89.05385581155656,5829.49470592195,Two year,Fiber optic,Yes,No,Yes,No,No,No,No
CUST_02493,47,25,74.65051381133196,5284.686523167729,Month-to-month,Fiber optic,No,Yes,No,Yes,No,Yes,No
CUST_02494,50,26,90.09696545781205,4325.622176833465,Month-to-month,DSL,Yes,No,Yes,No,No,Yes,No
CUST_02495,30,61,113.56883775476258,7264.776256452262,Two year,DSL,Yes,Yes,No,No,No,Yes,No
CUST_02496,69,49,86.56737362292911,6052.99482520261,Month-to-month,Fiber optic,Yes,No,No,Yes,No,Yes,Yes
CUST_02497,43,41,46.509140192744994,7572.262961816855,One year,No,Yes,No,Yes,No,Yes,Yes,Yes
CUST_02498,39,28,77.05600517408979,2465.471492465614,One year,DSL,No,Yes,Yes,Yes,Yes,Yes,Yes
CUST_02499,56,38,64.23244033662101,3024.271206594657,Two year,No,No,Yes,No,No,Yes,Yes,No
CUST_02500,19,59,75.64191311121495,5324.391338407939,Two year,Fiber optic,No,Yes,No,Yes,Yes,No,No
CUST_02501,55,40,71.76104774128251,8218.30127383858,Two year,Fiber optic,Yes,Yes,No,No,Yes,No,No
CUST_02502,56,32,105.87752852284649,3221.289634432322,One year,Fiber optic,No,Yes,Yes,No,Yes,Yes,No
CUST_02503,43,15,85.18001033810671,371.26666056692596,Two year,Fiber optic,No,Yes,No,Yes,Yes,No,No
CUST_02504,63,22,38.875847793410394,3845.4588255444364,Two year,Fiber optic,Yes,Yes,No,No,No,No,No
CUST_02505,75,6,26.301677887537082,4669.008325243794,Month-to-month,Fiber optic,Yes,No,No,Yes,No,Yes,No
CUST_02506,67,25,62.436378868134696,6828.294233076163,Two year,No,No,No,Yes,No,No,No,No
CUST_02507,32,11,21.561062225772925,6220.244031971767,One year,DSL,No,No,No,Yes,No,No,No
CUST_02508,51,71,51.829738583333565,8203.166518034024,One year,Fiber optic,Yes,Yes,Yes,No,No,No,No
CUST_02509,59,4,56.802146943922565,6674.5351886743165,Two year,DSL,Yes,No,Yes,No,Yes,No,No
CUST_02510,72,68,57.55888740099239,2608.4788713702146,One year,No,Yes,Yes,No,No,Yes,No,Yes
CUST_02511,61,48,117.93500243238927,5487.594612233425,Month-to-month,Fiber optic,No,No,Yes,Yes,Yes,No,No
CUST_02512,66,25,50.39008769724683,5746.826024531039,Month-to-month,Fiber optic,No,No,Yes,Yes,No,No,No
CUST_02513,57,4,46.522749537862126,8483.372324492393,Two year,DSL,Yes,Yes,No,Yes,Yes,Yes,No
CUST_02514,28,21,32.938093106754124,1265.3984543049316,Two year,DSL,Yes,No,No,No,No,Yes,No
CUST_02515,78,12,71.10088356826128,1707.134222599837,Month-to-month,DSL,No,No,No,Yes,No,No,No
CUST_02516,20,27,35.36743062136207,1406.3146096729872,Month-to-month,Fiber optic,Yes,No,Yes,Yes,Yes,No,No
CUST_02517,76,32,81.62947127307845,5048.104958994096,Two year,DSL,Yes,No,Yes,No,No,Yes,No
CUST_02518,23,22,35.51597789383496,1236.5290067657688,One year,DSL,Yes,No,Yes,Yes,No,No,No
CUST_02519,26,17,77.66733177592012,5610.4647547980985,Two year,No,No,Yes,No,Yes,Yes,Yes,Yes
CUST_02520,23,29,102.62692391746262,6851.702027259438,Two year,Fiber optic,No,Yes,Yes,Yes,Yes,No,No
CUST_02521,26,25,24.252463351909263,3735.4605633376277,Two year,Fiber optic,Yes,No,No,No,Yes,No,No
CUST_02522,56,15,61.97469749182059,4809.754687871499,Two year,Fiber optic,No,Yes,No,Yes,Yes,Yes,Yes
CUST_02523,48,38,66.10489672188355,7766.865499646842,Two year,DSL,Yes,Yes,Yes,Yes,No,Yes,No
CUST_02524,49,32,99.10721434781124,4884.35370765101,Two year,No,No,No,Yes,Yes,Yes,No,Yes
CUST_02525,58,25,66.79156319455441,1852.2866370928862,Two year,DSL,No,Yes,Yes,No,Yes,No,Yes
CUST_02526,67,47,76.75357864563202,2982.8279069242394,One year,Fiber optic,Yes,Yes,No,Yes,Yes,Yes,No
CUST_02527,29,64,99.12042535880711,4550.704748051536,Two year,DSL,Yes,Yes,Yes,No,Yes,No,No
CUST_02528,25,37,75.97584929292907,1401.1405581125134,Month-to-month,Fiber optic,No,No,No,Yes,No,No,No
CUST_02529,25,1,55.82994135195824,5245.166616997702,Two year,DSL,No,No,Yes,No,No,No,No
CUST_02530,67,5,28.584227762058227,8493.667171825817,One year,DSL,Yes,No,No,Yes,No,Yes,No
CUST_02531,45,45,92.99156295125776,5581.293705504101,Month-to-month,Fiber optic,Yes,No,Yes,Yes,Yes,No,Yes
CUST_02532,79,49,107.11381501621551,3228.253609721306,Two year,DSL,Yes,No,Yes,No,Yes,Yes,No
CUST_02533,37,37,117.0064537020164,2886.670530120925,Two year,Fiber optic,Yes,No,No,No,No,No,Yes
CUST_02534,79,17,112.65998807715683,7925.467909901112,Month-to-month,DSL,Yes,No,Yes,Yes,No,No,No
CUST_02535,64,26,99.74179088332487,7420.720040860709,Two year,DSL,No,Yes,Yes,Yes,Yes,No,No
CUST_02536,76,40,84.34719322457282,4067.812409669645,One year,DSL,Yes,No,No,Yes,No,No,No
CUST_02537,24,71,98.14601458306385,3068.6823418023873,Two year,Fiber optic,Yes,Yes,Yes,Yes,Yes,Yes,Yes
CUST_02538,28,16,63.208371285206795,6067.899982210201,One year,DSL,Yes,No,Yes,Yes,Yes,Yes,No
CUST_02539,37,61,79.4776214790835,2741.8207946559755,Two year,DSL,No,No,No,Yes,No,No,No
CUST_02540,33,28,54.86998091391852,1102.98715092134,Month-to-month,No,No,No,Yes,No,No,No,Yes
CUST_02541,21,57,52.670921498038275,2705.278583332821,One year,No,No,No,Yes,No,Yes,No,Yes
CUST_02542,23,69,95.66917732760338,3748.086249784496,Two year,Fiber optic,Yes,Yes,No,No,Yes,Yes,No
CUST_02543,75,21,65.39327823035617,2245.455558254748,Two year,Fiber optic,Yes,No,Yes,No,No,No,No
CUST_02544,39,5,41.21612629310292,1921.235297036873,Month-to-month,Fiber optic,No,Yes,Yes,Yes,No,Yes,No
CUST_02545,43,25,40.19381619418659,151.57736638346108,Month-to-month,Fiber optic,No,Yes,No,No,No,Yes,No
CUST_02546,20,38,105.91723615699335,5399.079363793991,One year,DSL,Yes,Yes,Yes,No,Yes,No,No
CUST_02547,58,11,87.77604943626712,5261.3711154553985,One year,DSL,No,No,Yes,No,No,Yes,No
CUST_02548,77,13,74.60460733581158,1679.411997274117,One year,Fiber optic,No,No,Yes,No,No,No,No
CUST_02549,59,21,60.09387359963594,8026.660603213947,Two year,Fiber optic,Yes,Yes,No,Yes,No,Yes,Yes
CUST_02550,31,50,63.08173907871258,3540.395575159968,Two year,No,No,No,Yes,No,Yes,No,No
CUST_02551,28,22,25.74351941949438,314.027242040975,One year,Fiber optic,Yes,No,Yes,No,Yes,Yes,No
CUST_02552,35,47,65.49101448678428,1946.084105024686,Two year,No,No,No,No,Yes,Yes,No,Yes
CUST_02553,71,70,99.54549106220819,5913.366867878035,Month-to-month,Fiber optic,No,Yes,No,Yes,Yes,Yes,No
CUST_02554,29,49,58.79864800953223,1793.6071500090004,Two year,Fiber optic,Yes,Yes,Yes,No,Yes,Yes,No
CUST_02555,40,12,58.35812525432579,552.8646545588713,One year,DSL,No,Yes,Yes,No,No,No,No
CUST_02556,29,9,21.571658301928778,5288.732259715252,Two year,Fiber optic,Yes,Yes,No,No,Yes,No,No
CUST_02557,30,54,65.78352625580686,4454.180240991137,Month-to-month,No,No,Yes,No,Yes,No,Yes,No
CUST_02558,42,8,22.533765294796687,6494.633023227009,One year,DSL,No,No,No,No,Yes,Yes,Yes
CUST_02559,62,51,77.03494280087611,6590.10366377079,One year,No,Yes,Yes,Yes,Yes,Yes,Yes,No
CUST_02560,68,1,70.67833815823141,8163.456131816922,One year,Fiber optic,Yes,Yes,No,Yes,Yes,Yes,Yes
CUST_02561,75,24,104.00084989239988,578.9473697557255,One year,DSL,No,Yes,Yes,No,No,Yes,No
CUST_02562,36,12,78.17806109257212,427.5111264731181,Two year,No,Yes,Yes,Yes,No,Yes,No,No
CUST_02563,72,50,52.342735532221525,8392.45520343235,Month-to-month,Fiber optic,Yes,No,Yes,Yes,No,Yes,Yes
CUST_02564,63,57,71.6231009416914,5516.722172654412,Two year,No,Yes,No,No,Yes,No,Yes,No
CUST_02565,53,33,89.97063557499187,6109.112533207599,Two year,Fiber optic,Yes,Yes,No,Yes,Yes,Yes,Yes
CUST_02566,62,34,29.39637954103828,910.448965775415,One year,No,No,No,No,Yes,No,Yes,No
CUST_02567,25,2,82.10740884704337,686.4266031260305,Month-to-month,Fiber optic,No,Yes,No,Yes,No,No,No
CUST_02568,46,58,111.66262819779791,1446.1301890604764,Two year,No,Yes,Yes,Yes,Yes,Yes,No,No
CUST_02569,72,69,49.91302956312444,3688.443063498745,Month-to-month,DSL,No,Yes,Yes,No,No,Yes,No
CUST_02570,70,47,82.66250948764123,1025.4799349569957,Month-to-month,Fiber optic,No,No,No,No,Yes,Yes,No
CUST_02571,72,63,102.13294503502435,3849.2034197029548,Month-to-month,Fiber optic,No,No,Yes,No,Yes,Yes,No
CUST_02572,49,18,71.1806397438624,4816.901586051228,Month-to-month,No,No,Yes,No,No,No,Yes,No
CUST_02573,68,66,91.79795340203849,102.79693023490677,Two year,Fiber optic,No,Yes,Yes,Yes,No,No,Yes
CUST_02574,61,4,51.10103384892601,1059.6632986526106,Month-to-month,DSL,No,Yes,Yes,Yes,No,No,No
CUST_02575,35,66,50.60584529251447,3251.6396108501813,Two year,No,Yes,No,No,No,No,No,No
CUST_02576,23,10,86.75840217985606,547.9702586531214,Month-to-month,No,No,Yes,Yes,No,Yes,Yes,Yes
CUST_02577,35,67,90.54088739734838,1221.6433758219766,Month-to-month,No,No,Yes,Yes,No,Yes,Yes,No
CUST_02578,36,68,113.70096995121438,2047.0896798300175,Two year,DSL,Yes,No,Yes,No,No,Yes,No
CUST_02579,39,0,42.48385747179745,3708.6518790082346,One year,DSL,Yes,Yes,No,No,Yes,Yes,No
CUST_02580,54,62,66.82175960879691,6104.632462668357,Two year,Fiber optic,No,No,Yes,Yes,No,No,No
CUST_02581,49,28,45.05134731638914,1214.5843393371056,Month-to-month,No,No,Yes,Yes,Yes,Yes,Yes,Yes
CUST_02582,73,11,28.00921608802454,6298.852004038391,Two year,DSL,No,No,Yes,No,No,Yes,No
CUST_02583,58,40,60.32305279474877,7282.510129624655,Month-to-month,Fiber optic,No,Yes,No,No,No,No,No
CUST_02584,76,1,57.40807472882033,5572.42164183596,Two year,DSL,Yes,Yes,Yes,No,No,Yes,No
CUST_02585,20,36,47.04341199821879,467.29584159350156,Two year,DSL,Yes,No,No,No,No,Yes,No
CUST_02586,45,44,49.699489113941645,3801.490970190507,Two year,DSL,Yes,Yes,No,No,Yes,Yes,No
CUST_02587,27,47,56.04118063512781,5644.554413721398,One year,Fiber optic,Yes,No,Yes,No,Yes,Yes,No
CUST_02588,68,23,118.88376327800935,8319.510330701423,Two year,DSL,Yes,Yes,Yes,No,No,No,No
CUST_02589,52,21,98.295776596728,8095.1904597816365,Two year,DSL,Yes,No,Yes,No,No,No,Yes
CUST_02590,78,10,27.140120108690695,3423.906497295318,One year,DSL,No,Yes,Yes,Yes,Yes,Yes,No
CUST_02591,46,57,107.24131764867018,5273.821006690778,One year,No,No,No,Yes,No,No,No,Yes
CUST_02592,71,45,83.33033263986714,7582.847237837314,Month-to-month,DSL,No,No,Yes,No,Yes,Yes,Yes
CUST_02593,32,28,109.05937601219091,7080.788477960051,Month-to-month,No,Yes,Yes,No,No,No,No,No
CUST_02594,50,34,54.17096871302282,4127.1434065470985,Two year,DSL,No,Yes,Yes,Yes,No,No,No
CUST_02595,24,14,66.45188648117187,2294.4271794896363,Month-to-month,No,Yes,No,Yes,No,Yes,No,No
CUST_02596,29,59,109.62270573081084,1251.6395531101969,Two year,DSL,Yes,No,No,Yes,Yes,Yes,No
CUST_02597,66,41,47.257313591368145,4199.033302699378,One year,No,No,No,Yes,No,Yes,Yes,Yes
CUST_02598,47,42,111.55008762454153,6171.905352883628,One year,No,No,Yes,Yes,Yes,Yes,Yes,No
CUST_02599,38,48,102.84997121442692,8246.065591016633,Two year,No,No,No,No,Yes,No,Yes,Yes
CUST_02600,48,63,118.05579409092934,7339.245200513947,Month-to-month,DSL,No,No,No,No,No,No,No
CUST_02601,75,31,52.42575870163631,1815.624024084558,Month-to-month,Fiber optic,Yes,No,Yes,No,Yes,No,No
CUST_02602,78,63,43.57531800047834,6146.136265308747,Month-to-month,No,No,Yes,No,No,Yes,Yes,No
CUST_02603,41,1,53.08668970457281,2528.450532410816,Two year,No,Yes,Yes,No,Yes,No,No,No
CUST_02604,37,23,115.46497959887353,5841.16979324221,Month-to-month,No,Yes,Yes,No,Yes,No,No,No
CUST_02605,54,65,53.30732960529416,5692.76586787049,One year,No,No,No,No,No,No,No,Yes
CUST_02606,21,37,76.52118199572382,2388.417064574548,One year,No,Yes,No,Yes,Yes,Yes,Yes,No
CUST_02607,45,30,60.36792825865142,2068.864409825206,One year,Fiber optic,No,Yes,No,No,Yes,Yes,Yes
CUST_02608,61,25,59.62201444817809,973.077205746977,One year,DSL,Yes,Yes,Yes,Yes,No,No,No
CUST_02609,79,28,39.337860987905515,524.5329491588643,One year,Fiber optic,Yes,Yes,Yes,No,Yes,Yes,No
CUST_02610,37,66,73.70795407975899,7310.988894394356,One year,DSL,Yes,Yes,No,No,No,Yes,No
CUST_02611,77,24,104.94042549672068,518.7349149343502,One year,Fiber optic,No,No,Yes,Yes,No,No,No
CUST_02612,41,47,24.94850135538708,845.4257988109584,One year,DSL,No,Yes,No,Yes,Yes,Yes,No
CUST_02613,67,64,108.92265936634216,2106.357097092879,One year,No,No,Yes,No,Yes,No,No,No
CUST_02614,66,52,86.54729651372995,7556.329959083119,Two year,DSL,No,No,No,Yes,Yes,Yes,No
CUST_02615,68,66,81.67380805749028,2896.6990275464073,Two year,DSL,Yes,No,No,Yes,No,Yes,Yes
CUST_02616,49,17,82.59002329239922,1711.116282635374,One year,No,No,Yes,Yes,No,No,No,No
CUST_02617,58,8,49.626983595446944,6110.666164678799,One year,No,Yes,Yes,Yes,No,Yes,Yes,No
CUST_02618,53,37,61.51445038682877,2780.18594089696,One year,DSL,No,Yes,No,Yes,No,Yes,Yes
CUST_02619,75,20,99.92900059042147,2900.2797598400484,Month-to-month,DSL,Yes,Yes,No,Yes,No,No,Yes
CUST_02620,70,64,50.63810369362896,6307.403405883702,Two year,No,Yes,No,Yes,Yes,No,Yes,No
CUST_02621,51,20,67.00202095726968,2213.8836511097693,One year,Fiber optic,Yes,Yes,Yes,No,No,Yes,No
CUST_02622,53,26,21.963227138765333,7632.784400727255,Two year,No,Yes,Yes,No,No,No,No,No
CUST_02623,19,69,93.35583529355067,4815.9420951861,One year,DSL,Yes,Yes,No,No,No,No,Yes
CUST_02624,32,43,61.770217667860564,4617.786373848277,Month-to-month,DSL,Yes,Yes,No,No,No,No,No
CUST_02625,51,27,72.53587684736038,2323.9187745561608,One year,DSL,No,No,Yes,No,Yes,No,No
CUST_02626,53,44,31.468931781075863,7114.792457091376,Two year,No,Yes,Yes,No,No,No,No,No
CUST_02627,23,16,119.17142287874368,4911.096227320611,Two year,No,No,No,No,No,Yes,No,Yes
CUST_02628,56,39,50.246782698484594,1406.3390024038981,Two year,Fiber optic,No,Yes,Yes,Yes,No,No,No
CUST_02629,59,2,83.49896615964502,1832.905192856006,Two year,DSL,No,Yes,No,No,Yes,No,No
CUST_02630,68,65,78.12363448544653,4033.349634093406,One year,DSL,Yes,Yes,No,No,No,Yes,No
CUST_02631,68,45,98.50922039249903,6648.991308297664,Month-to-month,No,Yes,No,Yes,No,Yes,Yes,No
CUST_02632,75,29,49.38369556219605,7990.080298382466,Month-to-month,DSL,Yes,No,Yes,No,No,No,Yes
CUST_02633,71,68,95.59273449972372,5673.388495166353,One year,Fiber optic,Yes,Yes,Yes,Yes,Yes,Yes,No
CUST_02634,78,8,58.25017306857343,4351.603296289704,One year,No,Yes,No,Yes,Yes,No,No,Yes
CUST_02635,29,10,61.11609658463491,2206.1486111010076,Two year,DSL,No,No,No,Yes,No,No,Yes
CUST_02636,20,68,87.27125264867702,5752.090867828297,One year,No,Yes,Yes,Yes,Yes,No,Yes,Yes
CUST_02637,62,65,98.42857717404688,8350.813949169462,Month-to-month,No,No,No,Yes,No,No,No,No
CUST_02638,35,30,86.68666361205591,4100.268794529575,One year,Fiber optic,Yes,No,No,Yes,No,Yes,No
CUST_02639,57,32,109.98795205711521,1461.9917826751214,One year,No,Yes,No,Yes,No,No,No,No
CUST_02640,38,38,48.51590295100674,968.0608842151,Month-to-month,DSL,No,No,Yes,Yes,No,No,No
CUST_02641,32,45,110.06167321019494,2361.751933831444,Month-to-month,Fiber optic,No,No,Yes,Yes,Yes,Yes,No
CUST_02642,50,36,33.08635259433787,4883.3129597784455,One year,No,Yes,Yes,No,Yes,Yes,No,Yes
CUST_02643,52,59,85.95303190299806,8053.164529167163,Two year,DSL,Yes,Yes,Yes,No,No,No,Yes
CUST_02644,43,30,74.76306513801775,2612.9866977388324,Two year,No,No,Yes,No,Yes,Yes,Yes,Yes
CUST_02645,25,10,69.46359404155893,2665.285839521477,Two year,No,Yes,No,Yes,Yes,Yes,No,No
CUST_02646,53,1,51.09120288621783,4141.909136542416,Month-to-month,Fiber optic,Yes,Yes,No,Yes,No,No,Yes
CUST_02647,65,26,70.37327453082342,7815.755614833186,Month-to-month,Fiber optic,Yes,No,No,No,Yes,Yes,Yes
CUST_02648,47,1,36.177335638470325,3620.0624249483494,Two year,Fiber optic,Yes,Yes,Yes,No,No,No,Yes
CUST_02649,40,20,56.93209442116756,1975.1268916318386,One year,Fiber optic,Yes,No,No,No,No,No,No
CUST_02650,59,57,29.86809174838774,1470.2996858468794,One year,DSL,Yes,No,Yes,No,No,Yes,No
CUST_02651,61,4,77.18465997863196,3938.9291018888457,One year,No,No,No,Yes,No,Yes,No,No
CUST_02652,31,51,29.576788619962695,6825.690460133256,Month-to-month,Fiber optic,Yes,Yes,No,Yes,No,No,No
CUST_02653,31,44,36.03446439051657,2547.360199684873,Month-to-month,DSL,No,No,No,No,Yes,No,Yes
CUST_02654,19,19,28.54668014874813,4405.1901695374,Two year,Fiber optic,Yes,Yes,No,Yes,No,No,No
CUST_02655,72,60,58.13106399520779,5165.269488349412,One year,No,No,No,No,No,No,No,No
CUST_02656,54,37,104.19584544183485,3883.9514579263378,Month-to-month,Fiber optic,Yes,No,No,Yes,Yes,Yes,Yes
CUST_02657,22,19,110.68963916338278,1710.1980273676309,Month-to-month,No,No,Yes,No,No,No,Yes,No
CUST_02658,55,24,27.18894546000134,7842.663694652785,Two year,No,No,Yes,No,Yes,No,No,No
CUST_02659,62,1,83.45501408616269,4849.773575969665,One year,DSL,Yes,No,No,No,No,No,Yes
CUST_02660,58,31,88.43854245920734,6224.728824876638,Month-to-month,Fiber optic,No,No,Yes,No,Yes,No,Yes
CUST_02661,79,25,73.3769942432024,5442.761245678636,Month-to-month,Fiber optic,No,No,Yes,No,No,No,Yes
CUST_02662,71,69,86.6984861469546,8483.60338251162,Month-to-month,No,Yes,Yes,No,Yes,Yes,Yes,No
CUST_02663,77,40,43.36907154430953,3933.00512928471,Month-to-month,Fiber optic,Yes,No,No,No,No,No,No
CUST_02664,78,66,68.9644211819016,3669.7679357123848,One year,No,No,No,Yes,Yes,Yes,Yes,No
CUST_02665,64,0,59.08758490358285,3125.1748751560526,Two year,DSL,Yes,No,No,Yes,Yes,No,No
CUST_02666,31,50,28.970795143963105,3137.6790584582063,One year,Fiber optic,No,No,No,No,No,No,Yes
CUST_02667,73,4,82.5556439722489,2416.4697700247884,Two year,No,Yes,Yes,No,Yes,Yes,No,Yes
CUST_02668,56,12,69.52151926715462,8337.293051230994,Month-to-month,Fiber optic,No,Yes,Yes,No,No,No,Yes
CUST_02669,42,18,47.51740269025832,7414.569088136061,One year,Fiber optic,No,Yes,Yes,Yes,No,No,No
CUST_02670,37,11,67.36852604033714,2760.053241640616,Two year,DSL,No,Yes,Yes,No,No,No,No
CUST_02671,19,47,97.5298018397503,2663.923975058619,Two year,No,No,No,Yes,Yes,Yes,Yes,No
CUST_02672,56,24,100.16577628080638,969.6854923544603,Month-to-month,DSL,Yes,No,No,Yes,Yes,Yes,No
CUST_02673,23,56,84.9526128749369,7467.05922827974,Two year,DSL,No,Yes,No,No,Yes,Yes,No
CUST_02674,34,34,66.77478334001637,3222.834826943491,Two year,DSL,Yes,No,Yes,No,No,No,No
CUST_02675,76,4,77.5749639203848,4909.9692940190735,Two year,No,Yes,No,Yes,Yes,No,No,No
CUST_02676,42,21,58.50153713556171,7663.1729225998215,Month-to-month,No,No,No,Yes,Yes,No,Yes,No
CUST_02677,74,56,32.655634299423824,3528.0454471833277,One year,Fiber optic,No,Yes,No,No,No,Yes,No
CUST_02678,45,46,58.562059738609186,6877.691564751871,Month-to-month,No,No,Yes,Yes,Yes,Yes,Yes,No
CUST_02679,19,53,73.03327560696343,3714.3992604895598,Two year,DSL,No,Yes,Yes,Yes,Yes,No,No
CUST_02680,52,2,79.8834014650584,5987.903887749122,Two year,No,Yes,No,No,Yes,Yes,No,No
CUST_02681,54,52,113.58009760546209,3721.9490204143212,One year,Fiber optic,No,No,No,Yes,Yes,No,No
CUST_02682,22,30,97.73334450306162,3399.1767302594176,Two year,DSL,No,No,Yes,Yes,Yes,Yes,No
CUST_02683,18,68,35.19925614446773,8421.957612320028,One year,Fiber optic,Yes,Yes,Yes,No,Yes,No,No
CUST_02684,57,32,37.41822066529281,5243.73867283003,Two year,No,Yes,Yes,No,Yes,Yes,No,No
CUST_02685,29,71,30.049475923975404,3186.0859256330255,Two year,Fiber optic,No,Yes,No,No,Yes,Yes,No
CUST_02686,73,49,93.81817272209177,2265.68360752927,Month-to-month,Fiber optic,No,Yes,Yes,Yes,No,Yes,Yes
CUST_02687,53,15,90.6122278491857,434.0375099287776,Month-to-month,No,No,No,No,No,No,Yes,Yes
CUST_02688,62,38,118.63629016968811,6035.157258089307,One year,Fiber optic,No,No,Yes,No,Yes,No,No
CUST_02689,40,45,72.20234176643487,3226.1223968402005,Month-to-month,No,No,Yes,Yes,No,Yes,Yes,No
CUST_02690,64,46,102.6414928848882,6998.534975741624,One year,DSL,No,Yes,No,Yes,Yes,No,No
CUST_02691,48,43,77.64398586427876,3156.495069227477,Month-to-month,Fiber optic,No,No,Yes,Yes,No,No,Yes
CUST_02692,28,8,107.4086712527437,3235.9652163702544,One year,DSL,No,No,No,No,Yes,No,No
CUST_02693,27,49,92.10210393027515,6645.120453816751,Two year,No,No,Yes,No,Yes,Yes,No,No
CUST_02694,20,59,84.28840149912529,4211.519916722292,One year,No,No,Yes,Yes,No,Yes,No,Yes
CUST_02695,71,14,76.51226709830505,7533.1160730517,Month-to-month,Fiber optic,Yes,Yes,No,No,Yes,Yes,No
CUST_02696,31,35,92.29705244429748,5057.140356318237,One year,Fiber optic,Yes,No,No,Yes,Yes,Yes,No
CUST_02697,33,62,61.965384267101044,2121.4164335207624,Month-to-month,No,No,No,Yes,Yes,Yes,Yes,No
CUST_02698,27,68,29.657658070566413,4873.483576120281,Two year,No,No,No,Yes,Yes,No,Yes,No
CUST_02699,46,40,23.99861287978408,133.61407785149697,Month-to-month,DSL,No,No,No,Yes,No,No,No
CUST_02700,27,23,67.90237316091739,2724.1379476372413,Two year,DSL,No,No,Yes,No,No,Yes,Yes
CUST_02701,29,48,79.92915822201414,1846.7996601816094,Two year,Fiber optic,No,Yes,Yes,No,No,No,Yes
CUST_02702,47,17,27.884903057062544,5595.1779870646515,Month-to-month,Fiber optic,Yes,Yes,No,Yes,No,Yes,No
CUST_02703,58,6,48.69035489121022,1242.724101398362,Two year,Fiber optic,No,Yes,No,No,No,No,No
CUST_02704,18,3,52.20322059754871,2536.8185527963738,Month-to-month,Fiber optic,Yes,Yes,Yes,Yes,Yes,No,No
CUST_02705,22,68,76.27955352082512,2882.991856316521,One year,Fiber optic,No,Yes,No,No,No,No,No
CUST_02706,37,59,47.84824560427891,127.6631224566326,Two year,Fiber optic,No,No,Yes,Yes,Yes,Yes,No
CUST_02707,25,54,29.564859955600667,492.8391733238027,One year,Fiber optic,No,Yes,Yes,Yes,No,No,No
CUST_02708,60,15,36.48567409465501,2713.4594750111905,One year,Fiber optic,No,Yes,Yes,No,Yes,Yes,No
CUST_02709,29,28,37.394780160419316,1967.7942068120626,Month-to-month,DSL,No,Yes,Yes,Yes,No,No,No
CUST_02710,18,22,104.26949442227615,1082.0166043673066,Month-to-month,No,No,No,No,No,Yes,No,Yes
CUST_02711,74,13,48.43196869782915,1394.9579133732468,Two year,No,No,Yes,No,No,No,No,No
CUST_02712,71,48,91.46917339147569,7118.510475592725,Month-to-month,Fiber optic,No,No,No,No,No,Yes,No
CUST_02713,37,32,76.78387463393057,5839.884434306702,One year,No,Yes,Yes,No,Yes,Yes,No,No
CUST_02714,45,24,117.7038753616442,4166.5872604138585,One year,Fiber optic,No,Yes,No,No,No,Yes,No
CUST_02715,74,20,47.282266888020224,7734.548120390234,One year,DSL,No,No,Yes,No,No,Yes,Yes
CUST_02716,60,16,35.83730205292002,348.24344390959584,Two year,Fiber optic,No,Yes,Yes,Yes,No,Yes,Yes
CUST_02717,54,22,25.203783769456038,2997.453461928084,Month-to-month,DSL,No,Yes,Yes,Yes,Yes,No,No
CUST_02718,64,56,44.09596622812805,7016.423227034094,One year,DSL,No,No,No,Yes,Yes,No,No
CUST_02719,54,57,88.40708864153926,5377.6275545167,Two year,DSL,Yes,Yes,Yes,No,Yes,Yes,No
CUST_02720,29,13,28.525822463686062,8346.17444973269,Month-to-month,Fiber optic,No,No,No,No,Yes,Yes,No
CUST_02721,54,19,44.47018451496585,8033.925355620958,Month-to-month,DSL,Yes,No,No,No,No,No,Yes
CUST_02722,66,29,105.5308368184012,1527.5169250298632,One year,Fiber optic,Yes,No,Yes,Yes,Yes,No,No
CUST_02723,66,18,78.29529493645202,8264.690776443642,Two year,DSL,No,No,Yes,Yes,No,No,No
CUST_02724,73,52,26.952154025319544,8042.4922021822085,One year,DSL,Yes,No,No,No,No,No,Yes
CUST_02725,61,55,24.768314424976328,3238.3319386189323,One year,No,No,Yes,No,Yes,No,No,Yes
CUST_02726,73,22,26.112287532576687,8356.194450187202,Two year,Fiber optic,Yes,Yes,Yes,No,No,Yes,No
CUST_02727,45,61,114.18750501472528,401.0908795263101,One year,No,No,Yes,No,Yes,Yes,No,No
CUST_02728,64,32,104.98714285610546,5650.304661271704,Two year,DSL,Yes,No,Yes,Yes,No,Yes,Yes
CUST_02729,32,17,104.49400420187747,2335.6415558210338,Two year,No,No,Yes,Yes,Yes,No,No,Yes
CUST_02730,23,32,112.42167622435458,1187.4900114006848,One year,DSL,Yes,No,No,Yes,No,No,No
CUST_02731,61,31,70.52553902509104,4951.293369528312,One year,No,Yes,Yes,Yes,No,Yes,No,Yes
CUST_02732,76,60,44.7344671143344,2673.3425887556327,Month-to-month,No,No,No,No,No,No,Yes,No
CUST_02733,78,53,60.134800423851814,5701.332888013669,Month-to-month,Fiber optic,Yes,No,No,No,No,Yes,No
CUST_02734,37,16,91.88640728838108,4635.84083776113,Two year,Fiber optic,Yes,Yes,Yes,No,No,Yes,Yes
CUST_02735,67,18,107.60328715212651,3397.7509676327395,Two year,No,Yes,Yes,Yes,No,No,Yes,No
CUST_02736,31,69,63.50909266995243,1627.3061550451425,Two year,No,Yes,Yes,No,Yes,No,No,No
CUST_02737,19,33,73.53809553820612,5150.501658766284,Month-to-month,Fiber optic,No,No,Yes,Yes,Yes,No,No
CUST_02738,26,24,113.17829932762533,7065.537287594634,One year,DSL,Yes,Yes,No,Yes,Yes,No,No
CUST_02739,54,67,30.749863710942908,5140.037535477963,One year,DSL,No,No,No,Yes,No,No,No
CUST_02740,37,10,106.2299216974124,5228.38946849896,Month-to-month,DSL,No,Yes,Yes,No,No,No,No
CUST_02741,43,15,35.93074822519359,4399.433858841254,One year,DSL,Yes,No,Yes,No,No,Yes,Yes
CUST_02742,46,60,68.38613502906202,3361.21698555765,One year,No,Yes,No,Yes,Yes,Yes,No,No
CUST_02743,18,6,41.84231286630596,3942.647549721788,One year,DSL,No,Yes,Yes,No,No,Yes,No
CUST_02744,72,15,80.29476306906042,8412.15075980869,Month-to-month,No,No,Yes,Yes,No,No,Yes,No
CUST_02745,52,15,75.8573421708266,6397.215417684437,Two year,No,No,Yes,Yes,No,No,Yes,No
CUST_02746,23,39,58.000736424075185,3716.699497431953,One year,DSL,Yes,No,No,Yes,No,Yes,No
CUST_02747,54,11,106.33035148451243,3941.2897596179714,One year,DSL,Yes,No,No,No,No,Yes,No
CUST_02748,70,34,85.98133202880598,4296.908865097835,Two year,DSL,Yes,Yes,No,Yes,No,Yes,Yes
CUST_02749,76,20,92.12051249619437,5638.239232782028,One year,Fiber optic,No,Yes,Yes,No,Yes,No,Yes
CUST_02750,22,49,35.06597382076686,4014.0491674103237,One year,No,Yes,Yes,Yes,Yes,No,No,No
CUST_02751,50,42,108.31656779756176,5863.904594889645,Two year,DSL,No,No,Yes,Yes,No,No,No
CUST_02752,66,16,36.70401636200184,2865.177575841922,Month-to-month,Fiber optic,No,No,No,Yes,No,No,No
CUST_02753,68,31,42.27849642099602,3549.3729089774415,Month-to-month,No,No,Yes,Yes,Yes,Yes,Yes,Yes
CUST_02754,31,40,32.80551384968804,7358.046247512317,One year,No,No,Yes,Yes,Yes,No,No,No
CUST_02755,29,5,64.03592079688156,2862.8074994929584,One year,No,No,No,Yes,No,Yes,Yes,No
CUST_02756,59,26,108.77092317523098,8201.268558670014,Two year,DSL,Yes,No,No,Yes,Yes,Yes,No
CUST_02757,37,19,45.24475196098595,1549.0415546731006,Two year,DSL,No,Yes,No,No,Yes,No,No
CUST_02758,70,24,57.37534204229532,2130.1104519402506,One year,No,Yes,Yes,No,No,No,Yes,No
CUST_02759,67,65,104.6066420075422,3994.909906341226,One year,No,No,Yes,Yes,Yes,No,No,Yes
CUST_02760,41,8,81.78152797588892,6798.233298865105,Month-to-month,Fiber optic,Yes,No,Yes,No,Yes,No,No
CUST_02761,76,52,95.16163936462769,6245.234012078003,Month-to-month,Fiber optic,Yes,Yes,No,No,No,No,No
CUST_02762,60,60,41.400004943611485,1565.5145479608739,Month-to-month,No,No,No,No,No,No,No,No
CUST_02763,79,37,91.64898633325755,2088.15421812983,Month-to-month,Fiber optic,Yes,Yes,No,Yes,No,No,Yes
CUST_02764,51,2,42.761057864177246,4932.209108027035,Two year,No,Yes,Yes,Yes,No,Yes,No,No
CUST_02765,42,69,118.7313982210661,2579.383860509105,Month-to-month,Fiber optic,No,Yes,Yes,No,Yes,No,Yes
CUST_02766,67,54,75.98861561267373,3647.532725628669,Month-to-month,No,No,Yes,No,Yes,No,No,Yes
CUST_02767,46,0,89.5639258043137,4187.391074091043,One year,DSL,No,Yes,No,Yes,No,Yes,Yes
CUST_02768,74,69,31.84015841415028,5091.666444943398,Month-to-month,No,Yes,Yes,Yes,No,No,No,No
CUST_02769,56,44,45.06559800415695,2208.8311252898293,One year,DSL,Yes,No,No,No,Yes,Yes,Yes
CUST_02770,48,46,33.97406595643543,1470.37720586166,One year,No,Yes,No,No,No,No,Yes,No
CUST_02771,73,25,59.017071527172305,3447.932457469822,Month-to-month,DSL,No,Yes,No,No,Yes,No,No
CUST_02772,64,13,48.41358642053985,789.0202887870406,Month-to-month,Fiber optic,Yes,No,No,No,Yes,No,Yes
CUST_02773,60,53,93.29222596305692,4524.827437163663,One year,DSL,No,No,Yes,Yes,Yes,No,No
CUST_02774,67,70,30.870897962815118,7152.683337573783,Two year,Fiber optic,No,No,Yes,Yes,No,No,No
CUST_02775,40,45,95.20593684503683,1099.3955392348362,One year,No,Yes,No,Yes,No,No,No,No
CUST_02776,61,30,24.57048246385875,1046.9364698880436,Two year,Fiber optic,Yes,Yes,No,No,Yes,Yes,No
CUST_02777,55,58,40.20178373223924,773.829510485758,Two year,Fiber optic,No,Yes,No,No,No,No,Yes
CUST_02778,37,28,99.1964991964603,7222.034833999976,Month-to-month,Fiber optic,No,Yes,Yes,No,No,No,Yes
CUST_02779,40,16,94.27766411078949,777.9211173965693,Month-to-month,No,Yes,Yes,No,Yes,No,Yes,No
CUST_02780,79,13,67.63261139188634,8361.081097228982,Month-to-month,DSL,No,Yes,Yes,Yes,Yes,Yes,No
CUST_02781,62,35,24.99827150775518,3109.982869987391,Month-to-month,Fiber optic,No,No,No,No,No,Yes,No
CUST_02782,69,57,80.98937416692993,2861.6021367968056,One year,No,Yes,No,No,No,No,Yes,No
CUST_02783,33,23,60.67241039740984,869.7067176152134,Two year,Fiber optic,No,Yes,No,Yes,Yes,Yes,No
CUST_02784,67,62,51.652815019796975,5019.386186162701,One year,DSL,Yes,Yes,Yes,Yes,Yes,No,No
CUST_02785,59,24,84.04106368265342,5021.410583763451,Two year,Fiber optic,Yes,Yes,Yes,Yes,Yes,No,No
CUST_02786,77,58,63.66145622017263,4247.968949237199,One year,Fiber optic,Yes,Yes,No,No,No,Yes,No
CUST_02787,72,31,29.242110045317865,2712.5692366134235,Two year,Fiber optic,No,No,No,No,No,Yes,No
CUST_02788,25,17,111.59504705123443,3196.079476549539,Month-to-month,DSL,Yes,No,Yes,No,No,No,No
CUST_02789,67,36,97.8493099453379,2792.2285068593997,Two year,DSL,Yes,No,Yes,Yes,Yes,Yes,No
CUST_02790,38,25,25.637819129055245,3679.6298295562156,Month-to-month,No,Yes,No,Yes,No,No,Yes,No
CUST_02791,18,8,72.50638701906956,2971.020086042298,Two year,Fiber optic,Yes,Yes,No,Yes,Yes,Yes,No
CUST_02792,72,63,28.33775628986283,5774.3454868681,One year,Fiber optic,Yes,Yes,Yes,Yes,No,Yes,No
CUST_02793,25,71,103.7289859058485,2584.606367717066,Two year,Fiber optic,Yes,Yes,No,No,No,No,No
CUST_02794,46,19,81.30139610519718,3047.0411445534146,One year,Fiber optic,No,No,Yes,Yes,No,Yes,Yes
CUST_02795,49,53,37.24491335730684,3757.863032228844,One year,DSL,No,Yes,No,Yes,No,Yes,No
CUST_02796,55,29,22.074134280620076,133.27940787556204,Month-to-month,DSL,No,Yes,Yes,No,No,Yes,No
CUST_02797,22,52,23.158101214642063,4233.4936234554925,Two year,Fiber optic,No,Yes,Yes,No,Yes,Yes,No
CUST_02798,64,62,70.73654720648298,2248.886346820651,One year,Fiber optic,Yes,No,Yes,Yes,No,Yes,Yes
CUST_02799,39,10,93.43734786767739,571.6638138059504,Two year,Fiber optic,No,Yes,Yes,No,No,No,No
CUST_02800,64,30,32.08404513339592,7752.578909624277,Month-to-month,Fiber optic,No,No,Yes,Yes,Yes,No,No
CUST_02801,51,48,42.128406591495754,2808.3173646502287,Month-to-month,No,No,No,Yes,Yes,No,No,No
CUST_02802,18,18,52.72599451695323,3679.116214850716,Two year,No,Yes,No,Yes,No,Yes,No,Yes
CUST_02803,72,11,41.8076782061153,7049.682530041231,One year,Fiber optic,Yes,Yes,No,Yes,No,No,No
CUST_02804,72,14,59.13365626871587,1501.0273543312462,One year,Fiber optic,Yes,Yes,No,Yes,Yes,Yes,No
CUST_02805,43,30,75.96150057650762,7242.594000483265,One year,Fiber optic,No,Yes,No,Yes,Yes,Yes,No
CUST_02806,60,42,88.49367482413092,2129.7587638499726,Two year,No,Yes,No,Yes,Yes,Yes,No,No
CUST_02807,27,36,116.37751822072285,5047.9182895686645,One year,DSL,Yes,No,No,No,No,No,No
CUST_02808,47,28,113.08436696831946,5859.698393395898,One year,No,Yes,Yes,No,Yes,Yes,Yes,No
CUST_02809,67,25,77.01269748289144,7702.117145289313,One year,No,No,No,No,No,No,No,No
CUST_02810,35,1,93.41500564563546,5204.159155346708,Month-to-month,Fiber optic,Yes,No,Yes,Yes,No,No,No
CUST_02811,34,14,115.08722046254279,3907.1471305000023,One year,Fiber optic,No,Yes,Yes,No,Yes,No,Yes
CUST_02812,43,3,28.347194454140485,4907.062559670931,Two year,DSL,No,Yes,Yes,No,Yes,No,No
CUST_02813,25,49,20.563475986142915,1797.4926870177128,Two year,Fiber optic,Yes,No,Yes,Yes,No,Yes,No
CUST_02814,64,37,22.979976372958326,5888.224406858745,One year,Fiber optic,Yes,Yes,Yes,Yes,Yes,No,Yes
CUST_02815,57,22,76.33493623729638,1669.797981224664,Two year,DSL,Yes,Yes,No,No,Yes,No,No
CUST_02816,66,58,96.28334253025342,4780.879941457358,Two year,Fiber optic,Yes,No,No,Yes,No,No,No
CUST_02817,29,27,56.70749507450346,5539.870755428107,One year,Fiber optic,No,No,Yes,Yes,Yes,No,Yes
CUST_02818,44,65,74.52391747276187,7648.098715425139,Month-to-month,Fiber optic,No,No,No,No,Yes,Yes,No
CUST_02819,25,7,71.63663185485369,3881.5945382119617,One year,No,No,Yes,No,Yes,Yes,Yes,No
CUST_02820,42,28,29.477089159201956,6612.799103349385,Two year,Fiber optic,No,Yes,No,No,Yes,Yes,No
CUST_02821,63,10,52.15882642240489,1507.2561017559228,Two year,No,Yes,No,No,No,No,Yes,No
CUST_02822,21,17,21.9435155182302,1412.0504213641302,One year,Fiber optic,No,No,Yes,Yes,Yes,No,No
CUST_02823,50,54,31.070568880651088,4508.303315247414,Two year,Fiber optic,No,Yes,Yes,Yes,No,Yes,No
CUST_02824,18,49,101.18582229097778,5109.262426924865,Month-to-month,No,Yes,No,No,Yes,No,No,Yes
CUST_02825,36,13,102.9413497248319,5411.6647421564285,One year,No,No,Yes,Yes,No,No,Yes,No
CUST_02826,48,8,100.19463200450697,6363.661952999738,Two year,Fiber optic,Yes,No,No,Yes,Yes,Yes,No
CUST_02827,33,10,92.68186409522366,2577.4244971941635,Month-to-month,DSL,Yes,Yes,Yes,No,No,No,No
CUST_02828,31,62,99.33128463999017,5329.904863560626,Two year,Fiber optic,Yes,Yes,No,Yes,No,No,Yes
CUST_02829,70,66,87.09823412695184,1680.3686147731105,Month-to-month,No,No,Yes,Yes,No,Yes,Yes,No
CUST_02830,65,52,86.98333388162887,1939.5807560583232,Two year,Fiber optic,Yes,Yes,No,Yes,No,Yes,No
CUST_02831,22,38,86.7361797491808,665.3946623406026,One year,Fiber optic,Yes,No,Yes,Yes,Yes,No,No
CUST_02832,58,55,71.40427896782042,6374.804923565334,Two year,No,Yes,No,No,No,Yes,No,No
CUST_02833,43,27,56.334723346484445,4358.740951238906,One year,DSL,No,Yes,No,Yes,No,No,No
CUST_02834,79,38,93.01952661615549,2100.7599270363207,Month-to-month,DSL,No,Yes,No,No,Yes,No,No
CUST_02835,45,24,49.86460135867416,4772.396895882439,Month-to-month,No,Yes,Yes,No,Yes,No,No,No
CUST_02836,19,20,74.29021314776193,3075.617668523815,Two year,No,No,No,No,Yes,Yes,No,No
CUST_02837,67,9,63.335562021788135,7132.563246429854,One year,Fiber optic,No,No,Yes,Yes,No,No,Yes
CUST_02838,23,42,47.662227709370114,4536.442198681058,One year,No,No,No,Yes,No,No,No,Yes
CUST_02839,26,14,117.46899204524632,350.4100719721395,Month-to-month,No,No,No,No,Yes,Yes,Yes,No
CUST_02840,50,47,45.87516452018195,8374.800405253807,Month-to-month,Fiber optic,No,Yes,No,Yes,No,No,No
CUST_02841,58,20,50.929306372303,724.1077211818476,Two year,Fiber optic,Yes,No,Yes,Yes,No,No,No
CUST_02842,42,59,36.15875017580682,5946.048786760586,Month-to-month,Fiber optic,No,Yes,No,Yes,Yes,Yes,No
CUST_02843,65,49,102.29806253142905,3772.949049301927,Month-to-month,DSL,No,No,Yes,No,Yes,No,No
CUST_02844,30,22,78.65894005544894,2194.2695747688085,One year,DSL,No,No,No,Yes,Yes,No,No
CUST_02845,26,12,81.30392564723857,5782.249169488385,One year,No,No,No,Yes,No,No,No,No
CUST_02846,70,68,102.05614117990979,1157.5377711218907,One year,Fiber optic,Yes,No,No,Yes,Yes,Yes,No
CUST_02847,30,3,54.29196586298794,7309.27226703453,Month-to-month,No,Yes,No,No,No,No,No,No
CUST_02848,48,71,39.36334253802138,2205.14068167031,Two year,No,No,Yes,No,No,Yes,Yes,No
CUST_02849,58,8,39.840536399390395,3136.210730425325,Two year,DSL,Yes,Yes,No,Yes,No,No,No
CUST_02850,28,34,93.26198214622593,5414.206544955249,Month-to-month,DSL,No,Yes,No,No,Yes,Yes,No
CUST_02851,21,20,81.41151544624475,108.64625074908005,Two year,No,No,No,No,Yes,No,Yes,No
CUST_02852,51,57,40.63388785820889,4071.0883608664835,Month-to-month,Fiber optic,Yes,No,Yes,Yes,Yes,No,No
CUST_02853,78,17,34.506539464042355,7611.690940614039,Two year,DSL,Yes,Yes,No,No,Yes,Yes,Yes
CUST_02854,55,71,32.06873051619728,5815.491386698545,Month-to-month,DSL,No,No,Yes,No,Yes,Yes,No
CUST_02855,63,42,82.77986477030377,3358.36306548453,One year,DSL,No,No,No,No,Yes,Yes,Yes
CUST_02856,21,5,20.011864491085,5647.565196412557,Two year,No,Yes,Yes,Yes,Yes,Yes,Yes,Yes
CUST_02857,55,66,21.831934260354373,7967.1831691880525,One year,DSL,No,No,No,No,Yes,Yes,No
CUST_02858,36,11,58.955313562609525,1677.56466142226,One year,Fiber optic,No,No,Yes,No,No,No,No
CUST_02859,23,11,89.13498642761624,4567.187274244805,Two year,DSL,Yes,Yes,Yes,Yes,Yes,No,No
CUST_02860,51,65,89.5039376497404,2071.7956821900007,Month-to-month,No,Yes,No,No,Yes,Yes,No,No
CUST_02861,35,1,63.01182736076906,7275.486969033917,One year,No,Yes,No,No,No,Yes,Yes,Yes
CUST_02862,30,14,89.10736066045696,6156.822113453131,One year,No,No,Yes,No,Yes,Yes,No,No
CUST_02863,58,22,72.10961795801254,6829.037730095748,Month-to-month,No,No,Yes,No,No,No,Yes,No
CUST_02864,40,28,117.69314167973153,8021.299560942595,Month-to-month,Fiber optic,Yes,No,Yes,Yes,Yes,Yes,No
CUST_02865,36,6,36.246021383683306,2051.393721610326,Two year,No,Yes,Yes,No,No,No,Yes,No
CUST_02866,62,27,80.06672677056056,509.24104073228233,Two year,DSL,No,No,No,No,No,Yes,No
CUST_02867,28,13,69.12387759510037,2543.591249418982,Month-to-month,Fiber optic,No,No,Yes,No,Yes,Yes,No
CUST_02868,18,43,39.44663446576944,3452.7701924774697,One year,No,No,No,No,No,No,Yes,No
CUST_02869,41,29,94.99904321417034,5351.342376052078,Month-to-month,No,Yes,No,No,No,No,No,No
CUST_02870,79,31,47.55080199319953,6800.718324795967,Two year,Fiber optic,Yes,Yes,Yes,Yes,Yes,Yes,No
CUST_02871,71,69,58.17098190935416,3038.347619593816,One year,DSL,No,Yes,No,No,Yes,No,Yes
CUST_02872,24,5,57.483056958753004,4077.374688590204,One year,Fiber optic,No,Yes,No,No,No,No,No
CUST_02873,42,26,44.420447318794885,6697.925034284012,Two year,DSL,No,Yes,Yes,No,No,Yes,No
CUST_02874,38,23,63.070533169840516,1992.7613011617127,One year,DSL,No,No,No,No,No,Yes,Yes
CUST_02875,32,33,67.33458809276183,1923.9081946828273,Month-to-month,No,Yes,Yes,No,Yes,No,Yes,Yes
CUST_02876,18,39,94.42216728093075,5049.557114572283,Two year,Fiber optic,Yes,No,No,No,No,No,Yes
CUST_02877,29,46,96.50685743770372,3762.877376350083,One year,Fiber optic,Yes,No,Yes,No,Yes,Yes,Yes
CUST_02878,75,23,35.85559682916621,8070.733145497655,Two year,No,Yes,No,No,Yes,Yes,Yes,No
CUST_02879,24,64,79.27722993275322,3099.0565610704557,One year,No,Yes,No,Yes,Yes,Yes,No,No
CUST_02880,32,17,109.61977982793955,6480.267069457396,Month-to-month,DSL,No,No,Yes,No,No,No,No
CUST_02881,38,43,30.878660888456082,4997.9790450979,Two year,No,Yes,Yes,No,No,No,Yes,No
CUST_02882,36,56,67.29140445341386,558.4391723772808,One year,Fiber optic,Yes,No,Yes,Yes,No,Yes,No
CUST_02883,77,27,95.03531224083427,808.8386032793667,Month-to-month,No,Yes,Yes,No,No,No,No,Yes
CUST_02884,46,70,81.14913343823433,1806.514500795918,Month-to-month,No,No,No,No,No,Yes,Yes,No
CUST_02885,42,22,30.05856565966239,1302.482031931818,Month-to-month,No,No,No,No,No,Yes,No,No
CUST_02886,50,33,59.660612535097236,2866.720513013318,One year,No,Yes,No,Yes,Yes,No,Yes,No
CUST_02887,66,10,70.7239498216864,4963.506894388997,One year,No,Yes,No,No,Yes,Yes,No,No
CUST_02888,49,34,119.58456017162729,5159.845361262044,Month-to-month,DSL,Yes,No,Yes,No,Yes,Yes,Yes
CUST_02889,66,41,37.860790932365276,5037.249395367015,Month-to-month,No,Yes,Yes,Yes,Yes,No,No,No
CUST_02890,52,27,118.24237671601125,1087.9125309184942,Month-to-month,No,No,No,Yes,Yes,No,Yes,No
CUST_02891,61,23,57.61497842294439,5141.893451228167,Month-to-month,Fiber optic,Yes,Yes,No,Yes,No,No,No
CUST_02892,55,7,40.03204860738214,3541.873849602034,Month-to-month,No,Yes,Yes,Yes,No,Yes,No,No
CUST_02893,43,52,61.4109082123996,7685.642388122907,One year,Fiber optic,Yes,Yes,Yes,Yes,Yes,Yes,No
CUST_02894,28,71,81.39951240348171,7760.667247304633,Two year,Fiber optic,Yes,Yes,Yes,Yes,No,No,No
CUST_02895,52,3,41.34973939109959,6552.660144144251,Two year,Fiber optic,No,Yes,Yes,Yes,Yes,Yes,No
CUST_02896,25,4,49.143908330212774,6006.100069233483,Two year,Fiber optic,Yes,No,Yes,No,No,No,No
CUST_02897,63,48,105.45465017352898,1065.6028254667735,One year,DSL,Yes,No,Yes,Yes,Yes,No,Yes
CUST_02898,31,29,119.90094616688678,811.4313773282565,Two year,DSL,Yes,No,No,No,Yes,Yes,Yes
CUST_02899,27,71,51.817269149842645,7163.003003678322,Two year,Fiber optic,Yes,No,Yes,Yes,Yes,No,No
CUST_02900,19,62,34.885680394994026,3686.932858242623,Two year,DSL,Yes,Yes,No,No,No,Yes,No
CUST_02901,63,46,99.31708199940417,3891.443111687947,Two year,DSL,No,No,No,Yes,No,Yes,Yes
CUST_02902,26,25,80.04556872751452,7221.461956109455,Month-to-month,No,No,No,No,Yes,No,Yes,No
CUST_02903,20,56,30.040114337560112,5320.020056110621,One year,DSL,Yes,No,Yes,No,Yes,Yes,No
CUST_02904,38,36,114.6771481436021,1607.020823577688,Two year,Fiber optic,No,Yes,No,No,No,No,No
CUST_02905,43,6,27.8049528399892,1872.5111234938283,Month-to-month,Fiber optic,Yes,Yes,No,Yes,Yes,Yes,No
CUST_02906,25,39,82.53564016336412,153.568219892612,Two year,Fiber optic,Yes,Yes,Yes,No,Yes,No,No
CUST_02907,65,38,62.39372558935814,6069.628789109144,Two year,Fiber optic,Yes,Yes,Yes,Yes,No,No,Yes
CUST_02908,19,61,75.66239182399359,4179.1379313536745,Two year,No,Yes,Yes,No,No,Yes,No,No
CUST_02909,23,52,41.32141956601444,8079.696867831067,Two year,DSL,Yes,No,No,Yes,Yes,No,Yes
CUST_02910,45,3,88.81103992506516,6097.707530485451,Two year,Fiber optic,Yes,Yes,No,No,Yes,Yes,No
CUST_02911,70,24,115.97196891333397,966.4823504391603,Month-to-month,No,No,No,Yes,Yes,Yes,Yes,No
CUST_02912,46,6,65.84258740449157,1456.9482634898638,Two year,Fiber optic,Yes,No,Yes,Yes,Yes,Yes,No
CUST_02913,43,27,72.29582775682272,4314.487032979938,Month-to-month,DSL,No,No,Yes,No,No,Yes,No
CUST_02914,42,68,43.98116705688813,7868.943016766953,Two year,No,No,Yes,No,No,No,No,Yes
CUST_02915,29,66,109.18679837510811,2176.909155023765,One year,DSL,No,No,Yes,Yes,No,No,No
CUST_02916,22,19,117.11744051399582,7034.873696064489,Month-to-month,No,Yes,No,Yes,Yes,Yes,Yes,No
CUST_02917,51,10,98.62968850860543,2723.0883291396713,Two year,Fiber optic,Yes,Yes,Yes,Yes,No,No,No
CUST_02918,65,66,74.2773502159804,2367.1363922685364,Month-to-month,Fiber optic,Yes,No,No,No,Yes,Yes,No
CUST_02919,54,6,115.67968245086307,7671.699094376164,Two year,DSL,Yes,Yes,Yes,Yes,Yes,No,No
CUST_02920,32,22,35.38500553672768,496.82937341028327,Two year,DSL,Yes,Yes,No,No,Yes,Yes,Yes
CUST_02921,61,60,67.84908598952185,5650.224725364289,Month-to-month,No,No,Yes,No,No,Yes,No,No
CUST_02922,53,70,73.76057067264131,462.60711996227417,Two year,DSL,No,No,Yes,No,No,Yes,No
CUST_02923,32,33,69.19164197523767,6826.415807201089,Two year,DSL,Yes,No,Yes,No,Yes,Yes,No
CUST_02924,60,18,100.24182871787032,7066.996581626256,Two year,Fiber optic,No,No,Yes,No,No,No,Yes
CUST_02925,65,57,87.0402891016364,7604.195227141067,Two year,Fiber optic,No,Yes,No,No,No,No,Yes
CUST_02926,40,8,32.66584659182617,1663.1565173901072,Two year,Fiber optic,Yes,No,No,No,No,No,No
CUST_02927,23,47,54.645130734306036,1145.7845097817637,Two year,Fiber optic,Yes,No,No,No,No,No,No
CUST_02928,63,40,53.90768483868863,4329.694391088323,Month-to-month,Fiber optic,Yes,Yes,No,Yes,Yes,No,No
CUST_02929,67,47,76.56321927929287,2381.7140211044702,One year,Fiber optic,No,No,Yes,Yes,Yes,Yes,Yes
CUST_02930,61,44,49.1458417657897,5192.898766875348,Two year,Fiber optic,No,No,Yes,No,Yes,No,No
CUST_02931,76,24,31.72717695539106,4415.477240794362,Month-to-month,No,No,Yes,No,Yes,Yes,Yes,No
CUST_02932,60,24,85.36826656571354,1316.7577258935848,One year,Fiber optic,No,Yes,No,No,No,No,No
CUST_02933,62,18,105.10369385350225,6309.872148354877,Month-to-month,Fiber optic,No,No,No,No,Yes,Yes,Yes
CUST_02934,38,38,113.16080954659239,6851.788779617816,One year,Fiber optic,No,No,No,No,Yes,No,No
CUST_02935,40,26,117.25784176594759,8189.561388111401,One year,Fiber optic,No,Yes,Yes,No,Yes,No,Yes
CUST_02936,60,62,98.1116846209014,3422.526561433571,One year,Fiber optic,Yes,Yes,Yes,No,Yes,Yes,No
CUST_02937,72,67,33.97024282919021,2936.9734580450563,Month-to-month,DSL,No,Yes,Yes,No,No,No,No
CUST_02938,33,18,105.31118242367245,1715.0063105674826,One year,DSL,Yes,No,Yes,No,Yes,No,Yes
CUST_02939,64,27,59.996007338247395,1619.2664637572682,Two year,Fiber optic,Yes,Yes,No,No,Yes,Yes,No
CUST_02940,70,32,92.99113137923636,2796.847597191877,Two year,Fiber optic,No,No,No,No,No,Yes,Yes
CUST_02941,77,9,73.12680049608358,8347.260299775851,One year,Fiber optic,No,Yes,Yes,Yes,Yes,Yes,No
CUST_02942,32,29,102.86061336487836,874.9728676829127,One year,No,Yes,No,Yes,Yes,Yes,Yes,No
CUST_02943,42,21,62.55057328396886,2278.6760974508616,Two year,Fiber optic,No,Yes,Yes,Yes,Yes,Yes,No
CUST_02944,53,2,26.179381074002077,822.2185337503495,Month-to-month,No,Yes,Yes,Yes,Yes,Yes,Yes,No
CUST_02945,28,47,75.6823710882471,2398.5036989801956,Month-to-month,No,No,No,Yes,No,No,Yes,No
CUST_02946,68,1,37.12905546676732,876.1720332579218,Two year,Fiber optic,No,Yes,Yes,No,No,Yes,No
CUST_02947,32,53,116.55176323529227,4369.7944807506365,Month-to-month,DSL,Yes,Yes,No,No,Yes,No,Yes
CUST_02948,21,5,72.69630658254916,3782.1874895706574,Month-to-month,Fiber optic,Yes,No,No,Yes,Yes,Yes,Yes
CUST_02949,38,39,75.35587938372605,1562.0227752471303,One year,Fiber optic,Yes,No,Yes,Yes,No,No,No
CUST_02950,30,1,110.72657128148177,1568.3863077115634,Month-to-month,DSL,Yes,Yes,Yes,Yes,Yes,No,No
CUST_02951,39,1,82.45852451511749,5359.3162192429,Two year,DSL,No,Yes,No,Yes,Yes,Yes,No
CUST_02952,36,54,50.27293771897072,3351.8192475205633,Month-to-month,Fiber optic,Yes,No,No,Yes,Yes,No,No
CUST_02953,51,71,49.60946169133712,572.0374685593582,One year,Fiber optic,Yes,No,Yes,No,No,No,No
CUST_02954,31,59,70.15786499064562,7829.617838043371,Two year,No,Yes,No,No,No,No,No,No
CUST_02955,78,5,106.66082289291589,3501.600880802323,Two year,DSL,No,No,No,No,No,No,Yes
CUST_02956,21,18,99.47293407362785,5064.79946079618,Two year,No,No,Yes,No,Yes,No,No,No
CUST_02957,65,26,116.27405860568447,7537.460379314338,One year,No,Yes,Yes,No,No,No,No,No
CUST_02958,70,0,27.188612285220366,3478.1355770986415,Two year,No,No,Yes,No,Yes,No,Yes,No
CUST_02959,69,32,46.83260689643386,6993.544331054493,One year,No,Yes,No,No,No,Yes,No,No
CUST_02960,63,39,28.020770781372597,7783.91868666478,One year,DSL,No,No,No,Yes,Yes,No,No
CUST_02961,44,31,95.10791939024362,1562.1660227723094,Month-to-month,DSL,Yes,Yes,No,No,No,No,No
CUST_02962,46,68,34.08336891503836,7596.936664027795,Two year,DSL,Yes,No,No,Yes,No,Yes,No
CUST_02963,64,16,29.98863179976067,1106.5925523335766,Month-to-month,Fiber optic,No,No,No,No,Yes,No,No
CUST_02964,45,7,76.16722070995576,2411.070238786397,Month-to-month,No,Yes,Yes,Yes,Yes,No,Yes,No
CUST_02965,52,56,61.14847121191585,6888.976160261987,One year,Fiber optic,Yes,Yes,Yes,No,No,Yes,No
CUST_02966,25,41,91.51013387624671,7665.750205615938,Month-to-month,DSL,Yes,No,No,No,No,No,Yes
CUST_02967,33,8,68.7015391700273,5846.765822333679,Month-to-month,DSL,No,Yes,Yes,No,Yes,No,No
CUST_02968,59,34,62.533459594045276,980.537135988939,Month-to-month,Fiber optic,No,Yes,Yes,Yes,No,Yes,No
CUST_02969,53,70,62.55004487469709,4493.135125999922,Two year,No,Yes,No,No,Yes,Yes,Yes,Yes
CUST_02970,47,52,107.18763803988546,4910.12651601808,Month-to-month,DSL,Yes,No,Yes,No,Yes,No,No
CUST_02971,35,53,59.52256507224664,2467.6217320055234,One year,No,Yes,No,No,No,Yes,Yes,Yes
CUST_02972,19,24,53.339712776963346,8426.884777963342,Two year,No,No,No,Yes,No,Yes,Yes,No
CUST_02973,66,66,53.853507702272935,2919.274837618937,One year,DSL,Yes,Yes,Yes,Yes,Yes,Yes,No
CUST_02974,30,61,39.66007968148903,1866.1400620717775,Two year,Fiber optic,Yes,No,Yes,Yes,Yes,No,No
CUST_02975,21,54,106.06888505739894,1025.1426406772102,Two year,No,Yes,No,No,No,No,No,No
CUST_02976,43,45,34.66308150275816,3279.4105913343587,Two year,Fiber optic,No,Yes,Yes,No,No,No,No
CUST_02977,42,23,110.86107377996053,5917.997009826849,One year,No,Yes,Yes,No,Yes,Yes,No,No
CUST_02978,47,45,48.34677219110063,2043.9035836568596,Month-to-month,No,No,Yes,Yes,Yes,No,No,No
CUST_02979,28,21,109.94268221738469,6564.171426694193,Two year,DSL,Yes,No,Yes,Yes,No,Yes,No
CUST_02980,24,10,99.08206568145772,1237.3706488625078,One year,Fiber optic,Yes,No,No,No,No,No,No
CUST_02981,48,47,78.19875209503587,3799.930620219994,Two year,No,Yes,Yes,Yes,Yes,No,Yes,No
CUST_02982,61,7,86.94700039185992,5999.939416890744,Month-to-month,Fiber optic,No,No,No,Yes,No,No,No
CUST_02983,27,38,52.58440908249277,1236.5989825761567,Two year,No,Yes,Yes,No,No,No,Yes,No
CUST_02984,56,34,77.42286143276624,5121.87456395781,One year,Fiber optic,Yes,No,No,Yes,No,Yes,No
CUST_02985,30,48,49.24029007266971,6811.201104302007,Two year,Fiber optic,Yes,Yes,No,Yes,Yes,No,No
CUST_02986,48,45,60.22728138904617,5102.610728829335,One year,DSL,No,Yes,Yes,No,No,No,No
CUST_02987,24,37,96.46625552292447,4396.296964351147,Month-to-month,No,Yes,Yes,No,Yes,No,Yes,Yes
CUST_02988,73,7,44.39325638102162,7141.716246903861,Month-to-month,No,Yes,Yes,No,No,Yes,No,No
CUST_02989,66,53,103.88460158375378,8377.53094001022,Two year,No,Yes,Yes,No,No,Yes,Yes,No
CUST_02990,59,36,57.588285366499655,1623.028799783468,Month-to-month,No,No,Yes,Yes,No,Yes,Yes,No
CUST_02991,78,39,73.21699608561809,5907.309267151312,One year,DSL,No,No,Yes,No,No,Yes,Yes
CUST_02992,59,33,114.19604875628733,777.5234564521082,Two year,DSL,No,No,No,Yes,Yes,No,No
CUST_02993,73,16,88.12556301868749,459.8646013811563,One year,No,No,Yes,Yes,No,Yes,Yes,Yes
CUST_02994,53,32,84.56041128446273,2458.8793499404846,Two year,Fiber optic,No,No,Yes,Yes,Yes,Yes,No
CUST_02995,37,46,91.16077276050291,8255.72622362579,One year,DSL,Yes,No,No,Yes,Yes,No,Yes
CUST_02996,21,51,111.81113387605613,4738.443471499077,Two year,Fiber optic,No,No,No,Yes,No,Yes,No
CUST_02997,71,8,44.851370922151084,2353.479289225454,One year,Fiber optic,No,No,Yes,Yes,No,Yes,No
CUST_02998,24,32,81.32412057993383,1213.7232098016536,One year,Fiber optic,No,Yes,Yes,No,No,Yes,No
CUST_02999,71,59,60.03938543836523,7829.540585312024,Two year,No,No,No,Yes,Yes,Yes,No,No
CUST_03000,18,20,21.185529321024394,3143.8792877201017,One year,DSL,No,No,Yes,Yes,No,No,Yes
CUST_03001,61,57,32.53008964061092,2676.257071250785,Month-to-month,No,No,No,No,Yes,No,No,Yes
CUST_03002,73,68,52.49918952635884,7306.892828791643,One year,Fiber optic,Yes,Yes,Yes,No,No,Yes,No
CUST_03003,62,9,76.49999711819157,5176.983786371313,Two year,No,Yes,Yes,Yes,Yes,No,No,No
CUST_03004,59,5,108.14747766962716,1516.5433377896682,Month-to-month,Fiber optic,No,No,Yes,Yes,No,No,No
CUST_03005,64,12,99.11141182014396,3640.6884647610427,Month-to-month,No,No,No,No,Yes,No,No,No
CUST_03006,76,64,75.33336724227703,7897.1409720879465,One year,No,No,No,Yes,Yes,No,No,No
CUST_03007,30,19,27.387041790746764,7670.110026340578,One year,DSL,No,No,No,No,Yes,Yes,No
CUST_03008,72,56,48.59062903949786,688.922258884211,One year,DSL,Yes,No,No,No,Yes,No,No
CUST_03009,39,45,56.67086478922439,2356.350819122026,Month-to-month,Fiber optic,No,Yes,No,No,No,Yes,Yes
CUST_03010,71,7,82.17171852038425,1398.130943444855,Month-to-month,Fiber optic,Yes,Yes,Yes,No,No,Yes,No
CUST_03011,38,9,26.492362297984112,4584.018399770097,Month-to-month,Fiber optic,Yes,No,Yes,No,Yes,No,No
CUST_03012,39,66,73.01935545004733,6399.859863054675,Two year,No,Yes,No,No,Yes,No,No,No
CUST_03013,45,10,110.14645761447072,2582.562973710128,Two year,Fiber optic,Yes,No,Yes,No,No,No,Yes
CUST_03014,26,11,90.54326956974029,6467.167050036703,One year,DSL,No,Yes,No,No,No,Yes,No
CUST_03015,43,9,99.70768065627564,5717.210813781012,Two year,Fiber optic,Yes,Yes,No,Yes,Yes,Yes,No
CUST_03016,26,24,88.16756483590734,6217.066559023141,Two year,Fiber optic,No,No,Yes,No,Yes,Yes,No
CUST_03017,32,48,40.658911217259224,8065.247191742286,One year,No,No,Yes,No,Yes,Yes,No,Yes
CUST_03018,27,48,31.048382006601862,3666.7396306083033,One year,DSL,Yes,No,No,No,No,No,No
CUST_03019,41,10,102.9490673004909,2977.571406736425,Month-to-month,Fiber optic,Yes,Yes,Yes,Yes,Yes,Yes,No
CUST_03020,75,61,89.55044360155284,5844.316548306177,Month-to-month,DSL,Yes,Yes,No,Yes,No,Yes,No
CUST_03021,74,35,77.50615588163683,6883.479988413438,One year,Fiber optic,No,Yes,Yes,No,Yes,No,No
CUST_03022,78,38,38.9282864968246,1708.1404503578824,One year,DSL,Yes,Yes,Yes,Yes,Yes,No,No
CUST_03023,59,52,80.33449653117535,7213.116646843995,Two year,Fiber optic,No,Yes,No,No,Yes,Yes,No
CUST_03024,25,55,23.132178522215977,585.9609243923678,Two year,Fiber optic,No,Yes,No,No,Yes,Yes,No
CUST_03025,41,0,31.883913439395943,153.70751743856425,Two year,No,No,No,Yes,No,Yes,Yes,No
CUST_03026,33,55,51.18901498044245,1430.788055011907,One year,No,No,No,No,No,No,No,No
CUST_03027,66,3,64.37382774111643,8320.804370575153,One year,DSL,Yes,No,Yes,Yes,No,No,No
CUST_03028,43,29,32.05644958220003,4497.949171989322,Month-to-month,DSL,Yes,No,No,Yes,No,Yes,No
CUST_03029,44,11,31.99401838575358,491.1662567185187,Two year,DSL,Yes,No,Yes,Yes,No,No,No
CUST_03030,54,34,92.58936605836355,8476.275746017589,Month-to-month,DSL,Yes,No,No,Yes,No,Yes,No
CUST_03031,21,51,76.97194065334855,6357.254540546989,One year,No,Yes,No,Yes,Yes,Yes,Yes,No
CUST_03032,67,30,73.3741980777665,7139.242637990217,Two year,DSL,Yes,No,No,No,Yes,Yes,No
CUST_03033,41,67,65.24344951175499,1888.7004224327009,Month-to-month,Fiber optic,No,No,No,Yes,No,Yes,No
CUST_03034,36,51,117.6543106344564,985.7752475854044,One year,Fiber optic,Yes,Yes,Yes,Yes,No,Yes,Yes
CUST_03035,53,6,24.980028289437676,4426.713518828129,Month-to-month,Fiber optic,No,No,Yes,Yes,No,Yes,No
CUST_03036,77,21,38.06271761615774,6586.275747970837,Two year,No,No,No,No,Yes,No,Yes,No
CUST_03037,56,55,84.75077574012373,5457.3574794753795,Month-to-month,DSL,No,Yes,No,Yes,Yes,No,No
CUST_03038,27,57,33.63656538512413,5400.898384752637,Month-to-month,Fiber optic,No,No,No,No,Yes,Yes,No
CUST_03039,42,63,78.93809380091739,6459.607102981887,One year,Fiber optic,Yes,No,No,Yes,No,No,No
CUST_03040,35,11,76.77612254810799,2006.9749346495007,Two year,No,Yes,Yes,Yes,No,No,Yes,No
CUST_03041,36,6,117.1005183639642,5656.761967212311,Month-to-month,No,No,Yes,No,No,Yes,Yes,Yes
CUST_03042,53,54,108.33864870490224,3393.7296207370014,One year,No,No,Yes,No,Yes,Yes,Yes,Yes
CUST_03043,27,61,114.55533437674526,685.9292766908493,Two year,Fiber optic,Yes,No,Yes,No,No,Yes,Yes
CUST_03044,50,54,31.36023694739796,1797.9978924444367,One year,No,No,No,No,Yes,Yes,Yes,No
CUST_03045,72,35,106.81484372541888,6769.631409321098,Two year,Fiber optic,Yes,No,Yes,Yes,No,Yes,Yes
CUST_03046,67,23,32.9090661728306,7625.817863875839,One year,DSL,No,No,No,Yes,Yes,No,No
CUST_03047,22,43,83.2932178543989,2475.703216838366,One year,Fiber optic,No,No,Yes,Yes,No,Yes,No
CUST_03048,64,16,92.00781606780022,1699.0318792477296,One year,DSL,Yes,No,Yes,Yes,Yes,Yes,No
CUST_03049,66,1,36.085349814928584,324.4858356594684,Month-to-month,Fiber optic,Yes,No,No,Yes,No,No,No
CUST_03050,52,12,83.26593759295397,8060.658064129219,Month-to-month,DSL,Yes,No,Yes,No,Yes,No,Yes
CUST_03051,61,30,25.246049291199405,5844.381370295746,One year,Fiber optic,Yes,No,No,Yes,No,No,No
CUST_03052,51,27,49.32660857428302,8139.052882362546,Two year,Fiber optic,Yes,No,Yes,No,Yes,Yes,No
CUST_03053,50,59,112.11584939341166,7356.333136952661,One year,Fiber optic,Yes,Yes,Yes,No,Yes,Yes,No
CUST_03054,72,26,37.17311629018692,2959.9193785994244,Month-to-month,Fiber optic,Yes,No,Yes,Yes,No,No,No
CUST_03055,38,14,26.526999245032748,1046.537584346257,Two year,No,No,Yes,No,No,No,No,No
CUST_03056,34,32,64.36781996554595,4292.077076825157,Month-to-month,Fiber optic,Yes,No,No,No,No,Yes,No
CUST_03057,39,19,105.06182085272715,325.23590166843655,One year,Fiber optic,No,Yes,Yes,No,Yes,No,No
CUST_03058,65,41,27.667238196828997,1359.299676404977,Month-to-month,No,Yes,No,No,No,Yes,Yes,No
CUST_03059,54,11,55.553536523040854,2060.8340837267015,Month-to-month,No,Yes,No,Yes,Yes,No,No,No
CUST_03060,32,22,109.97748345593261,5691.431407613592,Month-to-month,No,No,Yes,Yes,Yes,No,Yes,No
CUST_03061,52,71,31.81555499444543,4382.970781214407,One year,No,No,Yes,No,No,No,Yes,No
CUST_03062,45,13,51.066850591194665,2640.3242713475015,Month-to-month,No,No,Yes,Yes,Yes,Yes,No,Yes
CUST_03063,24,24,97.84206115357038,4844.054553207256,One year,No,No,Yes,No,Yes,No,Yes,No
CUST_03064,49,30,74.32109871388043,1151.7022506622852,One year,No,Yes,Yes,Yes,No,No,No,Yes
CUST_03065,28,53,103.2333140633583,6447.948265276345,Month-to-month,No,Yes,Yes,No,No,Yes,Yes,Yes
CUST_03066,27,4,31.15953930487984,6081.095165527588,Two year,No,Yes,No,Yes,Yes,No,No,Yes
CUST_03067,26,12,112.05541713797227,1918.6224757164468,Month-to-month,No,Yes,No,Yes,Yes,Yes,No,No
CUST_03068,31,27,113.49117945152088,5193.689068520976,Month-to-month,No,Yes,Yes,Yes,No,Yes,No,Yes
CUST_03069,30,42,35.53130201467063,4327.7418760967985,Month-to-month,DSL,No,No,Yes,Yes,Yes,No,Yes
CUST_03070,78,46,23.387546440675003,610.8570195383179,Two year,Fiber optic,Yes,No,Yes,No,No,No,Yes
CUST_03071,74,70,118.98413819555688,2436.4929014235295,Two year,Fiber optic,Yes,Yes,No,Yes,Yes,Yes,No
CUST_03072,79,37,68.22515923024244,8495.65471380036,One year,No,No,No,No,No,Yes,No,No
CUST_03073,42,66,77.20754040354313,936.0995533308545,Two year,No,No,No,Yes,No,No,Yes,No
CUST_03074,19,61,81.59047336665762,4353.85497898615,Two year,DSL,No,Yes,Yes,No,Yes,Yes,No
CUST_03075,52,38,98.96684627805027,7234.403538762448,Month-to-month,No,Yes,Yes,No,Yes,Yes,No,No
CUST_03076,24,36,101.19879690459179,2625.475733243377,One year,DSL,No,No,No,Yes,No,Yes,No
CUST_03077,38,7,39.39252243197738,2289.9525675475043,One year,Fiber optic,No,No,Yes,No,Yes,Yes,No
CUST_03078,35,51,43.66367406335266,7582.661634198719,Two year,Fiber optic,No,Yes,Yes,No,No,Yes,Yes
CUST_03079,20,32,107.68330289463721,2660.571554645214,Two year,No,No,Yes,Yes,Yes,Yes,No,No
CUST_03080,59,41,101.95176047505865,5572.543814523453,Month-to-month,DSL,No,No,Yes,Yes,Yes,Yes,Yes
CUST_03081,71,26,81.76193815539554,6318.629068380254,Two year,DSL,Yes,No,Yes,No,No,Yes,Yes
CUST_03082,78,7,119.46991591248498,6724.389094179683,Two year,Fiber optic,Yes,Yes,Yes,Yes,Yes,Yes,No
CUST_03083,56,22,93.51839435513237,8455.98095337877,One year,Fiber optic,No,Yes,No,No,No,No,Yes
CUST_03084,58,63,41.58367681302489,6846.813385563162,Two year,DSL,No,No,Yes,No,No,No,Yes
CUST_03085,66,19,104.66440643326783,5618.902117855288,Month-to-month,DSL,No,Yes,Yes,No,Yes,No,No
CUST_03086,28,15,61.473263637014,7621.893885175378,One year,Fiber optic,No,Yes,No,Yes,No,No,No
CUST_03087,56,16,23.615266054128917,7708.254939367159,One year,DSL,No,No,No,Yes,Yes,No,No
CUST_03088,41,18,52.14212778116706,8274.598244340767,Two year,Fiber optic,No,Yes,No,No,Yes,No,No
CUST_03089,77,7,96.35512340593853,6622.308221602483,Month-to-month,DSL,Yes,Yes,Yes,Yes,No,No,Yes
CUST_03090,63,37,116.02062071864732,1737.3895770243,One year,No,No,Yes,No,Yes,Yes,No,Yes
CUST_03091,36,37,47.613641630319385,6062.371146793517,Month-to-month,Fiber optic,No,Yes,Yes,No,Yes,No,No
CUST_03092,21,52,44.651632440971504,731.0789098080753,Month-to-month,DSL,No,Yes,No,Yes,Yes,No,No
CUST_03093,43,30,76.36165855983,2770.8885944893054,Two year,Fiber optic,No,Yes,No,No,Yes,Yes,No
CUST_03094,55,43,101.16838996624467,1072.783086650901,Month-to-month,DSL,Yes,No,No,No,Yes,No,No
CUST_03095,59,59,94.65256821609466,8079.517897855337,One year,No,No,Yes,Yes,No,Yes,Yes,No
CUST_03096,49,16,75.99589025628165,2945.534542684641,Two year,No,Yes,Yes,No,No,Yes,Yes,No
CUST_03097,56,38,83.13896816144785,6091.011430123298,One year,No,No,No,No,Yes,No,Yes,No
CUST_03098,62,41,44.2098957326344,4899.0748606034695,Month-to-month,Fiber optic,No,No,No,Yes,Yes,Yes,No
CUST_03099,63,47,63.25742650033506,1003.0958696799496,Month-to-month,No,No,No,Yes,No,No,Yes,No
CUST_03100,53,11,45.53656265202999,4815.293362199371,Two year,Fiber optic,No,Yes,Yes,Yes,No,Yes,Yes
CUST_03101,57,17,108.44179748446376,5652.597764768932,Two year,No,Yes,No,Yes,Yes,No,No,No
CUST_03102,54,5,31.255450736551573,7504.744961434489,One year,Fiber optic,No,No,Yes,No,Yes,Yes,No
CUST_03103,50,42,87.97405578563708,688.7193963208026,One year,No,Yes,No,Yes,No,No,Yes,No
CUST_03104,53,34,46.028319716502345,2583.325474813461,Month-to-month,DSL,Yes,Yes,No,Yes,Yes,No,Yes
CUST_03105,20,53,67.55774097184664,5915.663928865944,Two year,DSL,No,No,No,Yes,No,Yes,No
CUST_03106,26,61,49.941278024663276,388.38574132321975,Month-to-month,Fiber optic,Yes,Yes,Yes,No,No,Yes,No
CUST_03107,25,68,52.324531705947166,1809.8490318907554,Month-to-month,No,Yes,Yes,No,No,Yes,No,No
CUST_03108,50,15,46.0393013611022,1936.8313297992122,One year,No,No,No,No,No,No,Yes,No
CUST_03109,76,7,95.27929211954387,5722.341867298021,One year,DSL,No,Yes,Yes,Yes,No,No,Yes
CUST_03110,23,30,56.57158571790471,2502.0697075937587,One year,No,No,Yes,Yes,Yes,Yes,No,No
CUST_03111,58,9,92.63570177140826,5136.603562985322,Two year,No,No,Yes,Yes,No,Yes,Yes,No
CUST_03112,56,55,65.60699301040128,8208.926952080981,One year,Fiber optic,No,Yes,No,Yes,Yes,Yes,No
CUST_03113,21,69,74.72460421002873,6763.241048810365,Two year,DSL,No,Yes,Yes,Yes,Yes,Yes,Yes
CUST_03114,30,19,74.32874757134874,2896.383559013851,Month-to-month,No,Yes,No,Yes,Yes,No,Yes,No
CUST_03115,66,4,117.58520793435888,4068.15973825066,Two year,No,No,Yes,Yes,Yes,Yes,No,Yes
CUST_03116,77,22,56.70624557109512,1785.6607776484243,One year,Fiber optic,Yes,Yes,No,No,Yes,No,No
CUST_03117,19,8,40.76840953975976,232.04808654897855,Two year,Fiber optic,No,Yes,No,Yes,No,No,Yes
CUST_03118,77,57,111.17919403666022,2533.609344248809,Two year,Fiber optic,Yes,Yes,No,Yes,No,Yes,Yes
CUST_03119,22,58,37.48392893155732,3203.0323341214807,One year,Fiber optic,Yes,No,Yes,No,No,Yes,No
CUST_03120,61,53,103.44228458443446,4840.684252515193,One year,No,Yes,No,No,No,Yes,Yes,No
CUST_03121,44,45,35.02148954669258,8030.159853815329,Month-to-month,No,No,Yes,Yes,No,Yes,Yes,No
CUST_03122,49,21,85.87243342274063,8061.957413803402,Two year,No,Yes,Yes,Yes,No,No,Yes,No
CUST_03123,38,63,35.054081326453606,688.8257104180256,Month-to-month,Fiber optic,No,No,No,No,No,No,No
CUST_03124,25,7,112.30858192394294,5263.023708061831,Month-to-month,No,Yes,Yes,Yes,Yes,Yes,No,No
CUST_03125,55,19,76.50082826528312,455.76226745799136,Two year,DSL,No,Yes,No,Yes,Yes,No,Yes
CUST_03126,25,50,52.92738391400876,5543.8810284519095,Month-to-month,DSL,No,No,Yes,Yes,Yes,No,No
CUST_03127,67,38,34.03227749635949,1088.7057231112315,Two year,No,Yes,No,Yes,No,No,No,No
CUST_03128,20,36,57.11922361459939,8049.783730185643,Month-to-month,Fiber optic,No,Yes,No,No,No,Yes,No
CUST_03129,71,49,90.50200348688116,7360.444933327343,Month-to-month,DSL,No,No,Yes,Yes,No,No,No
CUST_03130,61,33,58.49508839285471,287.5621766484198,Two year,No,No,Yes,No,No,Yes,No,No
CUST_03131,78,32,44.609413609544404,6669.906485445993,One year,DSL,Yes,Yes,No,No,Yes,No,No
CUST_03132,75,30,77.74094482938173,5441.535784233132,Two year,DSL,No,Yes,Yes,Yes,No,Yes,No
CUST_03133,20,53,61.78218528371196,4261.101201328785,One year,DSL,No,Yes,Yes,Yes,No,Yes,No
CUST_03134,39,43,36.58062360302923,5162.129688720903,Two year,DSL,Yes,No,Yes,Yes,Yes,No,No
CUST_03135,23,33,35.39879902774568,5797.300507890355,Two year,No,Yes,No,Yes,No,No,Yes,No
CUST_03136,19,70,90.74619902218548,7529.44279470831,One year,DSL,No,No,Yes,Yes,Yes,Yes,No
CUST_03137,40,61,117.46718955162564,6545.804352759062,One year,No,Yes,Yes,Yes,No,Yes,No,No
CUST_03138,61,22,43.30940708620564,4933.17368237192,Two year,DSL,No,No,Yes,Yes,Yes,Yes,No
CUST_03139,19,45,97.314860083149,7026.771550258071,Two year,DSL,Yes,Yes,Yes,Yes,Yes,Yes,No
CUST_03140,55,55,28.76067024504652,8390.152834630242,Two year,DSL,Yes,No,Yes,Yes,No,Yes,Yes
CUST_03141,34,6,58.15759190521817,2621.5289755036756,One year,No,Yes,Yes,Yes,Yes,Yes,No,No
CUST_03142,52,60,70.6688152808257,1094.7338297534525,Two year,DSL,Yes,Yes,Yes,Yes,No,No,No
CUST_03143,51,2,46.87469452897683,6244.1653899530775,One year,DSL,No,No,No,Yes,No,No,No
CUST_03144,40,37,72.95784165142504,8320.20920486906,Month-to-month,Fiber optic,Yes,Yes,Yes,No,Yes,Yes,No
CUST_03145,47,33,108.26144276638544,1080.3297381007278,One year,DSL,No,Yes,Yes,No,No,No,No
CUST_03146,69,43,114.44379623549935,3726.340967269234,Month-to-month,Fiber optic,No,No,Yes,No,No,Yes,No
CUST_03147,25,29,30.055695437304948,623.0481943600668,Two year,No,No,No,No,No,No,Yes,Yes
CUST_03148,39,16,47.18459339842023,6622.868319274634,Two year,DSL,Yes,Yes,Yes,No,No,No,No
CUST_03149,61,58,117.9133917517725,8069.153212023742,One year,DSL,Yes,Yes,No,No,No,No,No
CUST_03150,75,9,47.04184104022437,4291.550897396799,Month-to-month,Fiber optic,Yes,Yes,No,No,Yes,Yes,No
CUST_03151,53,17,89.2707351143441,3539.977636985589,Two year,Fiber optic,Yes,Yes,Yes,Yes,No,Yes,Yes
CUST_03152,22,44,45.34536938703646,7724.839795304377,Two year,DSL,No,No,Yes,Yes,Yes,No,No
CUST_03153,30,58,55.63655933210382,1220.4624702637796,Month-to-month,No,Yes,No,Yes,No,No,No,Yes
CUST_03154,46,61,39.127898789689745,7589.308216390214,Two year,Fiber optic,No,Yes,No,No,Yes,Yes,No
CUST_03155,48,58,105.63001936971452,3393.8584235314866,Two year,DSL,Yes,Yes,No,Yes,No,Yes,Yes
CUST_03156,64,48,108.2648763819504,4799.013863806338,One year,Fiber optic,Yes,Yes,No,No,No,No,Yes
CUST_03157,74,62,49.691250791543155,4537.653683077796,Two year,No,No,Yes,Yes,No,No,Yes,No
CUST_03158,72,31,102.358982417063,5274.225065047738,Month-to-month,Fiber optic,Yes,No,Yes,Yes,Yes,Yes,Yes
CUST_03159,33,9,55.824165003698404,8013.8358355630335,Two year,DSL,Yes,No,No,Yes,Yes,Yes,No
CUST_03160,59,10,29.90194228951583,8089.467071045973,One year,Fiber optic,No,No,No,No,No,Yes,Yes
CUST_03161,79,69,95.80763972920734,7081.645444174958,Two year,No,Yes,No,No,No,Yes,No,No
CUST_03162,47,61,79.64462488988447,1708.970247117515,Month-to-month,DSL,No,Yes,No,Yes,Yes,No,Yes
CUST_03163,74,46,47.438244367075036,2901.5371248630586,Two year,DSL,No,Yes,Yes,Yes,No,No,No
CUST_03164,72,33,45.299974051184705,4197.728742138175,Month-to-month,DSL,Yes,Yes,Yes,No,Yes,Yes,No
CUST_03165,33,16,117.56233704823212,7705.8718906955455,One year,DSL,No,No,No,Yes,No,Yes,Yes
CUST_03166,29,53,106.25010408930913,4475.26452030818,Two year,No,No,No,Yes,No,Yes,No,Yes
CUST_03167,34,39,100.97983293737647,8310.459583217902,Two year,DSL,Yes,No,No,No,Yes,Yes,No
CUST_03168,33,18,32.80177086416656,8364.265842021412,One year,No,Yes,No,No,Yes,Yes,Yes,No
CUST_03169,29,66,95.51872742482605,5128.107779489054,Month-to-month,No,Yes,Yes,Yes,Yes,Yes,Yes,No
CUST_03170,25,52,41.45402212032865,7470.960852201614,Month-to-month,Fiber optic,No,Yes,Yes,No,No,No,No
CUST_03171,37,63,117.73889432082407,8493.470781000751,Two year,Fiber optic,No,No,Yes,Yes,Yes,Yes,No
CUST_03172,20,46,25.20891879622577,7237.618751378246,Month-to-month,DSL,Yes,No,No,No,Yes,Yes,No
CUST_03173,33,5,55.21384835602436,5618.052510764538,Month-to-month,DSL,No,Yes,No,Yes,No,No,No
CUST_03174,47,15,62.86478407787152,7199.121614372158,Two year,No,No,Yes,Yes,Yes,No,No,No
CUST_03175,62,71,102.42029115622545,794.302519034497,Month-to-month,Fiber optic,Yes,Yes,Yes,No,No,No,No
CUST_03176,40,17,96.62228180040461,5432.49906725065,Month-to-month,DSL,Yes,Yes,Yes,No,No,Yes,Yes
CUST_03177,45,51,57.49921449465896,1918.7850707740429,Two year,DSL,Yes,Yes,No,No,Yes,No,Yes
CUST_03178,68,47,76.55602934580409,1074.934665465662,Two year,No,No,No,No,No,Yes,Yes,No
CUST_03179,57,42,103.55951636077303,7600.118519556056,Month-to-month,Fiber optic,No,Yes,Yes,Yes,Yes,No,No
CUST_03180,71,38,21.81995921510527,5473.017527567652,Two year,DSL,Yes,Yes,Yes,No,No,No,Yes
CUST_03181,22,48,100.21780995244721,2145.790985744159,Month-to-month,DSL,No,No,No,Yes,No,No,No
CUST_03182,37,11,114.68960253420421,3348.971301017248,Month-to-month,DSL,Yes,Yes,Yes,No,Yes,No,No
CUST_03183,57,9,23.206452148417117,8275.522980968492,Month-to-month,DSL,Yes,Yes,No,Yes,No,Yes,Yes
CUST_03184,73,70,24.55809870781826,7342.329244188881,Month-to-month,DSL,Yes,No,Yes,Yes,No,Yes,No
CUST_03185,61,54,54.45140055660201,230.88708220433415,Two year,DSL,No,No,No,Yes,Yes,Yes,No
CUST_03186,18,0,28.77695637676745,8330.328359111692,Two year,Fiber optic,No,No,No,No,Yes,No,No
CUST_03187,74,48,67.92760802938882,3195.647576110242,One year,No,No,No,Yes,Yes,No,Yes,No
CUST_03188,47,35,92.87106850897787,5941.512594281768,Two year,No,No,No,Yes,No,No,No,No
CUST_03189,38,20,76.68992350318177,6086.483142717227,One year,No,No,No,No,No,Yes,No,No
CUST_03190,37,36,39.64319090727403,7758.14925993903,Month-to-month,DSL,No,Yes,Yes,Yes,Yes,Yes,No
CUST_03191,23,23,85.48113000303577,7534.511360110363,Two year,No,Yes,Yes,Yes,No,No,No,No
CUST_03192,39,54,88.48544791789159,2466.5285681771516,Month-to-month,Fiber optic,Yes,Yes,Yes,Yes,Yes,No,Yes
CUST_03193,35,24,113.24459556850147,5505.69801760014,One year,DSL,Yes,Yes,No,Yes,Yes,No,No
CUST_03194,25,6,34.679689737704905,3407.1255526036375,Two year,Fiber optic,Yes,No,No,No,No,No,No
CUST_03195,56,70,89.23361649097234,4514.567386261646,Two year,DSL,No,No,No,No,No,No,No
CUST_03196,49,70,111.14272188531474,4759.299613653488,Two year,DSL,Yes,No,Yes,No,No,Yes,No
CUST_03197,50,23,70.15641533206342,3429.2849449807086,Two year,No,Yes,Yes,No,Yes,Yes,Yes,No
CUST_03198,70,10,56.17996798630564,3996.7097716995845,Month-to-month,Fiber optic,Yes,No,Yes,Yes,No,No,No
CUST_03199,33,11,37.07494942211582,1850.075050536494,Two year,No,No,Yes,Yes,No,No,No,No
CUST_03200,29,34,106.67868864897576,5204.229619396363,One year,DSL,Yes,No,No,No,No,Yes,Yes
CUST_03201,55,62,59.424637484059446,6475.26244971919,Two year,Fiber optic,Yes,Yes,No,Yes,No,No,No
CUST_03202,69,67,112.48824432676923,3709.826114635506,One year,Fiber optic,Yes,No,No,No,No,Yes,No
CUST_03203,51,56,104.77582981307762,8312.512740914177,One year,DSL,Yes,No,Yes,No,Yes,Yes,Yes
CUST_03204,78,12,57.663985179719575,580.7018222563358,Month-to-month,No,No,Yes,Yes,Yes,No,No,Yes
CUST_03205,31,22,77.39143089462624,5048.949726676602,Two year,DSL,No,No,No,No,No,No,Yes
CUST_03206,53,38,22.717403629392145,5002.246496927602,One year,Fiber optic,Yes,No,Yes,Yes,Yes,No,No
CUST_03207,50,11,46.32214028671347,404.88873865029535,Two year,Fiber optic,Yes,Yes,No,Yes,No,Yes,No
CUST_03208,40,33,91.02728485692496,1986.3894481409993,Month-to-month,Fiber optic,No,Yes,No,No,Yes,Yes,No
CUST_03209,67,70,87.79109458462668,7706.55770265635,Month-to-month,DSL,No,No,No,Yes,Yes,No,Yes
CUST_03210,62,30,55.3369459541751,4673.917974717396,Two year,Fiber optic,No,No,Yes,No,No,No,No
CUST_03211,19,61,100.86080319094565,3765.6413497301965,One year,Fiber optic,No,No,No,Yes,No,Yes,No
CUST_03212,58,12,43.58360518998711,3590.170142509446,Month-to-month,No,Yes,No,No,Yes,Yes,Yes,No
CUST_03213,38,30,66.12705331522716,7560.550988968917,One year,No,No,No,No,No,No,Yes,No
CUST_03214,19,1,67.25306353109008,3183.061875221321,One year,Fiber optic,Yes,No,No,Yes,No,Yes,No
CUST_03215,44,14,54.08167688700171,7317.001643540565,Two year,No,No,Yes,Yes,No,No,No,No
CUST_03216,74,56,115.46661011251672,2697.2178341993817,Month-to-month,DSL,Yes,No,Yes,Yes,No,Yes,Yes
CUST_03217,26,33,89.66840335151014,4564.633469823884,Two year,No,No,Yes,Yes,No,No,No,No
CUST_03218,18,67,73.91993353273016,1308.0860641016338,Two year,No,Yes,Yes,Yes,No,Yes,Yes,Yes
CUST_03219,28,28,71.05150933886486,7030.254622844935,Two year,No,No,No,Yes,Yes,Yes,Yes,No
CUST_03220,20,65,35.92960924710965,6282.188916440554,One year,No,No,Yes,Yes,Yes,Yes,Yes,No
CUST_03221,69,15,57.218689706809826,4552.781733188039,Two year,DSL,Yes,No,Yes,No,Yes,Yes,Yes
CUST_03222,79,38,87.27733147291075,317.5709828233714,Month-to-month,No,Yes,Yes,No,Yes,Yes,No,No
CUST_03223,40,36,112.45702196867337,4142.5615876034535,One year,Fiber optic,No,No,No,No,Yes,No,No
CUST_03224,43,20,101.64640593918385,1991.6508370920733,Two year,No,Yes,Yes,Yes,No,No,No,No
CUST_03225,21,43,50.038980395997115,3572.344085350163,Month-to-month,No,Yes,No,No,Yes,No,Yes,No
CUST_03226,35,18,63.39566256899333,7293.9825064126135,Two year,Fiber optic,No,Yes,Yes,No,Yes,No,Yes
CUST_03227,72,70,28.291752071279458,6564.667764946157,Two year,DSL,No,Yes,Yes,No,Yes,No,No
CUST_03228,23,7,30.217232303558077,2132.404439863816,Two year,Fiber optic,No,Yes,No,Yes,No,No,Yes
CUST_03229,52,65,67.0230386998715,8373.608836574624,One year,Fiber optic,Yes,Yes,No,No,No,No,No
CUST_03230,39,40,73.02194068171002,7686.96825283993,Two year,Fiber optic,No,Yes,No,No,No,Yes,No
CUST_03231,60,69,46.402709569691396,4540.856922323638,Month-to-month,Fiber optic,No,Yes,No,No,Yes,Yes,No
CUST_03232,32,60,84.27826891859412,4553.262690418472,Two year,No,Yes,No,Yes,Yes,Yes,Yes,No
CUST_03233,39,25,90.33806855801377,7670.63410602774,Two year,No,Yes,No,No,Yes,No,Yes,No
CUST_03234,77,70,49.911613161195774,5443.616390889548,One year,No,No,Yes,Yes,Yes,Yes,No,No
CUST_03235,54,69,95.84247257075418,4608.182659647293,Two year,No,Yes,Yes,Yes,Yes,Yes,Yes,No
CUST_03236,69,28,40.56049190391334,6392.847598919806,Month-to-month,DSL,Yes,Yes,No,No,No,Yes,Yes
CUST_03237,59,65,74.42513772755738,2074.8157682743195,Month-to-month,No,No,No,No,No,No,Yes,No
CUST_03238,29,18,100.42810935621732,7478.370325443036,Two year,No,Yes,Yes,No,No,No,No,No
CUST_03239,64,67,73.70090856825553,4563.888019427656,Month-to-month,DSL,Yes,Yes,Yes,No,Yes,Yes,No
CUST_03240,66,57,110.79627185210506,5169.394077762287,Month-to-month,Fiber optic,Yes,Yes,Yes,Yes,No,Yes,No
CUST_03241,59,69,25.850123287463582,855.5285185406098,Two year,No,No,No,No,No,Yes,Yes,Yes
CUST_03242,55,56,78.83138454914717,2699.8752536027455,Month-to-month,No,Yes,Yes,No,No,No,Yes,No
CUST_03243,35,36,76.17554525443902,3684.576828045594,Month-to-month,Fiber optic,No,No,Yes,Yes,No,No,No
CUST_03244,62,60,86.03533285426847,3576.839996862564,Two year,No,No,Yes,No,Yes,No,No,Yes
CUST_03245,52,29,103.34068386803077,6637.588675899046,One year,Fiber optic,Yes,Yes,No,No,No,No,Yes
CUST_03246,47,70,92.5853084338395,2471.508138916067,One year,Fiber optic,No,No,No,No,Yes,Yes,Yes
CUST_03247,41,24,99.02827353728418,1629.7178036817545,Two year,Fiber optic,No,Yes,No,No,No,Yes,Yes
CUST_03248,59,64,48.88167257176215,4993.984912282926,One year,No,No,Yes,No,No,No,No,Yes
CUST_03249,47,5,58.74973785689646,5266.1248102834925,One year,Fiber optic,Yes,Yes,No,Yes,No,Yes,No
CUST_03250,31,17,82.67769740462303,1121.2997795244232,One year,No,No,No,No,Yes,Yes,No,No
CUST_03251,23,9,75.34614719249353,120.73542508236632,One year,DSL,No,No,Yes,No,No,No,No
CUST_03252,20,10,116.11038749705365,7808.252272183614,Two year,Fiber optic,No,Yes,No,Yes,Yes,Yes,Yes
CUST_03253,33,64,38.68344999344194,768.950775752006,One year,No,No,Yes,No,No,No,No,Yes
CUST_03254,24,64,55.127837245114165,7642.082228312802,One year,Fiber optic,No,No,Yes,No,Yes,No,No
CUST_03255,69,51,77.27552332848548,3453.4049448458536,Two year,No,No,No,Yes,No,Yes,Yes,No
CUST_03256,31,66,106.7963769936152,5585.669627158563,Two year,No,No,Yes,No,No,Yes,Yes,No
CUST_03257,26,30,112.93485246909917,1659.1634019337284,One year,DSL,Yes,Yes,Yes,Yes,Yes,Yes,Yes
CUST_03258,32,16,53.603633082759856,7020.903033750908,Month-to-month,Fiber optic,Yes,Yes,No,No,Yes,No,No
CUST_03259,38,54,26.710846152635163,1613.624449958944,Two year,No,Yes,No,Yes,Yes,Yes,Yes,Yes
CUST_03260,52,35,62.161969792218514,3346.676845845216,Two year,DSL,No,No,Yes,No,No,Yes,No
CUST_03261,19,25,59.43441432335071,2099.4165476389417,One year,No,No,No,Yes,Yes,Yes,Yes,No
CUST_03262,44,52,118.64870679296895,7135.050044570269,Month-to-month,No,Yes,No,No,No,Yes,Yes,Yes
CUST_03263,19,16,63.10612442907894,7310.020834650588,Two year,DSL,No,Yes,Yes,Yes,No,Yes,No
CUST_03264,52,24,50.57229993032294,3225.0426707099427,Two year,Fiber optic,No,No,No,No,Yes,Yes,No
CUST_03265,35,1,56.5377374534934,2681.9791564358984,Two year,DSL,Yes,No,No,No,Yes,Yes,No
CUST_03266,31,4,59.69262806238139,6597.949151639388,Month-to-month,Fiber optic,No,No,Yes,No,No,Yes,No
CUST_03267,37,3,102.1540382196616,7479.50056321451,Two year,No,Yes,Yes,Yes,Yes,No,Yes,No
CUST_03268,35,35,28.10148928312642,5341.767950558136,Two year,No,Yes,Yes,No,Yes,No,Yes,No
CUST_03269,27,5,51.65070488750267,7890.190876124468,Month-to-month,DSL,No,Yes,No,Yes,No,No,Yes
CUST_03270,42,20,116.63184919070996,3317.5680279407024,Two year,DSL,Yes,Yes,No,No,Yes,No,No
CUST_03271,19,25,35.31025047988,1375.845776945843,Month-to-month,DSL,No,No,Yes,No,Yes,No,No
CUST_03272,42,54,94.260132153259,1609.0010514631472,Month-to-month,No,No,No,No,Yes,Yes,No,No
CUST_03273,78,38,55.63935011982904,5726.588399296648,Month-to-month,Fiber optic,Yes,Yes,Yes,No,No,Yes,Yes
CUST_03274,71,32,78.17855261945255,3523.221953860379,One year,DSL,No,Yes,No,No,No,Yes,No
CUST_03275,50,13,29.954803850888204,1413.0426260712688,Two year,Fiber optic,No,Yes,Yes,Yes,No,No,Yes
CUST_03276,53,55,50.641166735394656,2554.7055811903065,Two year,DSL,Yes,No,No,Yes,No,Yes,Yes
CUST_03277,48,20,70.08649416608883,4557.0826050750875,Two year,DSL,No,No,No,No,Yes,Yes,No
CUST_03278,31,45,43.17006581758584,1120.140242481946,Month-to-month,DSL,No,No,Yes,Yes,No,Yes,No
CUST_03279,18,15,74.18699430531521,128.91699113304176,One year,DSL,Yes,No,Yes,No,No,Yes,No
CUST_03280,63,15,41.97593140627163,7805.303598963146,Month-to-month,No,No,Yes,Yes,No,Yes,Yes,No
CUST_03281,33,28,85.01005526505539,2660.83400253592,Two year,No,No,Yes,Yes,No,No,No,No
CUST_03282,71,7,110.43543402503143,1960.5844208810847,Month-to-month,DSL,No,No,Yes,Yes,No,No,Yes
CUST_03283,63,2,28.54886373515714,5967.238801716786,One year,No,Yes,No,No,No,Yes,No,No
CUST_03284,78,18,41.66160357760863,7268.582866319378,Two year,No,Yes,Yes,Yes,Yes,No,No,No
CUST_03285,69,65,104.44230272603299,5411.141645685603,Month-to-month,No,Yes,Yes,Yes,Yes,No,No,No
CUST_03286,20,21,83.15534854419576,2237.6551344276654,One year,No,No,Yes,Yes,Yes,Yes,No,Yes
CUST_03287,52,45,27.870891714256523,7337.747636176193,Month-to-month,Fiber optic,Yes,No,Yes,No,No,No,No
CUST_03288,58,12,68.63501151094954,4387.588447468643,Month-to-month,Fiber optic,Yes,Yes,Yes,Yes,No,No,No
CUST_03289,23,32,40.975851501133505,3302.002744866074,Two year,No,Yes,No,No,No,Yes,No,No
CUST_03290,42,4,39.90963940700698,5179.699404916982,One year,Fiber optic,Yes,Yes,Yes,No,Yes,Yes,No
CUST_03291,30,26,114.06453433605238,5985.142678561858,Month-to-month,DSL,No,No,No,Yes,No,Yes,Yes
CUST_03292,70,23,96.1541548076109,5088.170942567194,One year,Fiber optic,Yes,Yes,Yes,Yes,Yes,Yes,No
CUST_03293,51,66,89.62305935241437,7830.06174407157,Two year,DSL,No,Yes,Yes,Yes,Yes,No,No
CUST_03294,25,62,43.89288170778586,5375.349570392051,Two year,Fiber optic,Yes,Yes,No,No,No,No,No
CUST_03295,38,47,31.857343304095046,7480.077986054842,Two year,Fiber optic,No,Yes,Yes,No,No,No,Yes
CUST_03296,51,62,107.08326212853501,5030.450855292537,One year,DSL,Yes,Yes,Yes,Yes,No,No,Yes
CUST_03297,21,11,20.587956934245092,2869.308419333049,One year,DSL,No,Yes,No,No,No,No,No
CUST_03298,42,27,58.80964237010196,4571.293266858841,Month-to-month,No,Yes,No,No,Yes,Yes,No,No
CUST_03299,32,43,47.761250296133355,825.2281930734616,One year,Fiber optic,No,Yes,Yes,No,Yes,No,No
CUST_03300,21,42,77.03762003488237,2033.466924724672,Two year,DSL,Yes,No,No,No,No,Yes,No
CUST_03301,62,16,45.050843588583476,6536.345962511221,Month-to-month,No,No,Yes,Yes,Yes,Yes,Yes,Yes
CUST_03302,77,39,51.12053593283079,5656.3951297491785,One year,DSL,Yes,Yes,Yes,Yes,No,No,No
CUST_03303,29,48,105.00398549931936,1498.7571684844354,Two year,No,No,Yes,Yes,No,No,No,Yes
CUST_03304,49,56,80.31888234045186,3779.327480567882,Two year,No,Yes,Yes,No,No,Yes,Yes,No
CUST_03305,49,63,34.56825273293684,1292.7345298140979,Month-to-month,DSL,No,No,No,Yes,No,No,No
CUST_03306,45,56,92.64715434958316,7288.8699935413815,Two year,DSL,Yes,Yes,Yes,No,No,Yes,Yes
CUST_03307,30,69,40.74592014798784,1017.0254947360264,One year,Fiber optic,Yes,Yes,Yes,Yes,Yes,No,No
CUST_03308,48,42,63.30049301124801,5595.57397278681,Two year,Fiber optic,Yes,Yes,No,Yes,No,Yes,No
CUST_03309,31,22,84.66072368392933,5198.800008216621,Month-to-month,No,No,No,Yes,No,No,Yes,Yes
CUST_03310,37,26,47.192953745748724,4071.3238234335386,Two year,DSL,Yes,No,No,Yes,Yes,No,Yes
CUST_03311,35,57,58.410681467579224,2437.170830378791,Two year,Fiber optic,Yes,Yes,No,Yes,No,No,Yes
CUST_03312,46,36,93.41495973041509,3493.234599941447,One year,No,Yes,Yes,No,Yes,No,No,No
CUST_03313,77,5,113.79109534243433,6873.686923872795,One year,Fiber optic,No,Yes,No,Yes,No,No,No
CUST_03314,23,64,72.92450569594729,6497.026850587261,One year,No,No,Yes,No,Yes,No,Yes,No
CUST_03315,49,5,20.997097155662274,6305.996567353546,One year,Fiber optic,Yes,No,Yes,Yes,No,Yes,No
CUST_03316,46,49,53.84637512418305,6398.518108632886,Two year,DSL,Yes,No,No,No,No,Yes,No
CUST_03317,60,21,59.86343348455345,1308.6455445848487,One year,No,No,No,No,Yes,Yes,No,No
CUST_03318,79,24,53.91736200022441,932.4101830444258,Two year,No,No,No,No,Yes,No,Yes,No
CUST_03319,19,71,63.626886111556274,7336.588431973786,One year,Fiber optic,No,No,Yes,Yes,No,Yes,No
CUST_03320,77,50,83.26662538183997,7132.266390893328,One year,Fiber optic,Yes,No,No,No,No,No,No
CUST_03321,40,47,32.112802699775315,5823.073753989453,One year,Fiber optic,Yes,Yes,No,Yes,Yes,No,No
CUST_03322,36,69,47.26305088675055,5189.608260650521,Two year,DSL,No,Yes,No,No,Yes,Yes,No
CUST_03323,48,64,70.76480860176245,3181.7223344520626,One year,Fiber optic,Yes,Yes,Yes,Yes,No,Yes,No
CUST_03324,68,59,51.55733081799751,1982.2937692552273,Two year,Fiber optic,No,No,Yes,Yes,No,Yes,Yes
CUST_03325,22,45,119.10853381353594,5708.314076930626,One year,DSL,No,Yes,Yes,No,No,No,Yes
CUST_03326,36,35,63.143146703748826,7769.490959892806,One year,Fiber optic,No,No,No,Yes,Yes,Yes,No
CUST_03327,51,57,106.97991535922162,3770.77123620046,Month-to-month,DSL,No,Yes,No,Yes,Yes,No,No
CUST_03328,27,37,109.65098356138644,2646.98474987239,One year,DSL,Yes,No,Yes,No,Yes,No,Yes
CUST_03329,42,10,103.60069997223499,2374.231233311725,Two year,Fiber optic,No,Yes,Yes,Yes,Yes,No,No
CUST_03330,19,11,24.68982409451678,299.1240403578885,Month-to-month,DSL,Yes,Yes,No,Yes,No,Yes,Yes
CUST_03331,79,41,114.77467316133514,4470.660466430149,Two year,Fiber optic,Yes,No,Yes,Yes,No,No,No
CUST_03332,28,38,32.87425621331769,8401.182650780585,Two year,DSL,No,Yes,Yes,Yes,No,Yes,Yes
CUST_03333,67,70,23.44036277142945,6947.996815570308,Month-to-month,No,Yes,No,Yes,No,Yes,No,No
CUST_03334,78,10,61.43696079065575,7638.78763258817,One year,Fiber optic,Yes,Yes,No,Yes,Yes,Yes,No
CUST_03335,48,35,39.46340327578561,5317.778408714251,Month-to-month,No,Yes,Yes,Yes,Yes,Yes,Yes,No
CUST_03336,73,51,38.41965296632362,4144.149848055107,Two year,No,No,Yes,Yes,Yes,No,Yes,No
CUST_03337,32,30,48.78196133761506,8419.838862191513,One year,No,No,Yes,Yes,No,Yes,Yes,No
CUST_03338,26,32,44.840560524685486,3856.161729366314,Month-to-month,No,No,Yes,No,No,No,No,No
CUST_03339,40,12,88.4795402150153,7801.376835992953,Two year,Fiber optic,Yes,No,No,Yes,Yes,Yes,No
CUST_03340,36,17,38.67773066360701,6499.496393783374,One year,DSL,Yes,No,Yes,Yes,Yes,No,No
CUST_03341,26,40,74.31183051972586,2880.2187719996423,Two year,Fiber optic,No,No,Yes,No,No,No,No
CUST_03342,52,57,118.64265461435298,4325.722339325074,One year,Fiber optic,Yes,Yes,Yes,Yes,Yes,No,No
CUST_03343,38,55,63.238242095628884,3328.365462815091,One year,DSL,No,No,Yes,Yes,No,No,No
CUST_03344,26,23,84.18731087954365,1244.2755029941052,Month-to-month,No,No,No,Yes,Yes,Yes,No,No
CUST_03345,45,30,116.93716777298737,3096.839285122421,One year,DSL,No,Yes,No,Yes,Yes,Yes,Yes
CUST_03346,79,54,33.76389980413643,7567.372227952794,Two year,No,Yes,Yes,Yes,No,No,No,No
CUST_03347,63,9,61.86070092930494,6422.139756932171,One year,Fiber optic,Yes,Yes,Yes,No,Yes,Yes,Yes
CUST_03348,68,59,105.01924001952541,2431.681024133961,Two year,DSL,No,No,No,No,Yes,Yes,No
CUST_03349,24,1,113.23056827448798,3190.4718300193226,One year,DSL,No,No,No,No,No,Yes,Yes
CUST_03350,33,14,80.12360579589051,5278.044953254783,One year,No,No,Yes,Yes,Yes,Yes,Yes,No
CUST_03351,33,2,34.342060254022336,3595.574446071294,Month-to-month,DSL,Yes,No,No,Yes,No,No,No
CUST_03352,77,42,110.1471583947655,4325.570577462328,One year,Fiber optic,No,No,No,No,No,No,Yes
CUST_03353,50,30,37.44465661909426,5964.614653206252,One year,DSL,No,No,Yes,No,No,No,No
CUST_03354,21,69,55.28778483321185,4024.907124409774,Two year,DSL,Yes,No,Yes,Yes,Yes,Yes,No
CUST_03355,21,66,57.550797776226176,1704.1462332044448,Two year,Fiber optic,Yes,Yes,No,Yes,No,Yes,No
CUST_03356,56,55,64.7291539872628,4472.821073444566,Two year,No,Yes,Yes,Yes,Yes,Yes,No,No
CUST_03357,57,62,99.01658159309495,3091.3931338235766,One year,DSL,No,Yes,Yes,Yes,No,No,No
CUST_03358,34,14,100.21443781024846,2542.16751905243,Two year,No,Yes,No,No,Yes,No,Yes,No
CUST_03359,54,9,91.96550732781142,2856.1119132947606,Two year,DSL,No,Yes,Yes,No,Yes,No,No
CUST_03360,56,37,22.212867442158164,3787.6186269160476,One year,Fiber optic,No,Yes,No,Yes,No,Yes,No
CUST_03361,77,46,76.48451022171515,7547.550400121617,Two year,No,No,No,No,Yes,No,Yes,No
CUST_03362,69,56,94.74929558814,6266.079676373682,Month-to-month,DSL,Yes,Yes,No,No,No,No,No
CUST_03363,46,49,64.46252400615428,5710.20828341144,Month-to-month,No,No,No,No,Yes,Yes,No,No
CUST_03364,69,70,114.49360453653965,4058.5857714065605,Two year,DSL,Yes,Yes,No,Yes,No,Yes,Yes
CUST_03365,53,14,102.3810521880351,115.37155605734083,Two year,Fiber optic,Yes,No,Yes,Yes,Yes,Yes,No
CUST_03366,77,17,83.81550654868308,2960.625976088367,Two year,Fiber optic,Yes,Yes,No,No,Yes,No,No
CUST_03367,55,1,26.24251836825134,6930.813135827578,One year,DSL,No,Yes,Yes,Yes,Yes,No,No
CUST_03368,56,42,85.23462475831381,3360.6356399490132,Month-to-month,DSL,Yes,Yes,Yes,Yes,Yes,No,No
CUST_03369,67,25,111.15796012522189,4836.08065056818,Month-to-month,No,No,No,No,Yes,Yes,No,No
CUST_03370,54,70,57.94453868809514,1819.8144573156133,Two year,DSL,No,No,Yes,Yes,No,Yes,No
CUST_03371,69,37,103.8132525605361,7793.205031504643,Two year,No,Yes,Yes,No,No,No,Yes,No
CUST_03372,79,41,51.316114286217896,7854.6316601913595,One year,DSL,No,No,No,Yes,No,Yes,Yes
CUST_03373,78,4,77.01032915473027,1326.991225250172,One year,Fiber optic,Yes,No,Yes,Yes,Yes,Yes,Yes
CUST_03374,52,10,84.84244183707824,6182.9351733331905,Month-to-month,No,Yes,No,No,Yes,No,Yes,No
CUST_03375,24,64,87.79950375588949,732.003465116069,One year,No,Yes,Yes,Yes,Yes,No,No,No
CUST_03376,44,33,108.25493144643481,5127.799991032822,Month-to-month,Fiber optic,Yes,Yes,Yes,No,No,Yes,No
CUST_03377,45,0,43.46222670062821,1600.6906669383695,Two year,No,No,Yes,Yes,No,Yes,Yes,No
CUST_03378,39,1,46.23695852889747,1323.9241209093123,Two year,Fiber optic,Yes,No,No,Yes,No,No,No
CUST_03379,31,19,90.40409933107368,134.6064660984269,Month-to-month,Fiber optic,No,Yes,Yes,Yes,No,Yes,No
CUST_03380,24,60,37.719381248403806,8003.199949686188,Two year,Fiber optic,No,Yes,No,No,Yes,No,Yes
CUST_03381,54,20,66.42704049639603,7065.720928771846,One year,DSL,Yes,Yes,Yes,No,No,No,No
CUST_03382,78,67,22.003438407721514,750.7946809668562,Two year,Fiber optic,No,Yes,Yes,Yes,No,Yes,Yes
CUST_03383,39,11,34.09793369901141,5134.755124562996,Two year,No,Yes,Yes,No,No,Yes,Yes,No
CUST_03384,22,21,87.88463850288615,2056.3451723135563,Month-to-month,DSL,Yes,Yes,Yes,Yes,Yes,Yes,No
CUST_03385,79,19,94.7461603481754,2317.7334099726963,One year,Fiber optic,Yes,No,Yes,No,Yes,Yes,Yes
CUST_03386,72,0,31.531903323787684,7443.0307020783375,One year,Fiber optic,No,Yes,Yes,Yes,Yes,No,No
CUST_03387,19,29,42.7709550411197,1060.3362630500988,Two year,Fiber optic,Yes,Yes,No,No,No,No,No
CUST_03388,79,23,29.89044465370511,5152.517139569566,Two year,No,No,Yes,No,Yes,Yes,No,No
CUST_03389,44,13,63.34128439251168,3470.5464938236764,One year,DSL,Yes,No,Yes,Yes,No,Yes,No
CUST_03390,38,35,32.61160707446333,1702.7250368944328,One year,DSL,No,Yes,Yes,No,Yes,No,No
CUST_03391,71,68,63.729601716689004,3896.111832206365,Month-to-month,DSL,Yes,No,No,No,Yes,Yes,No
CUST_03392,55,23,93.20982558011316,8000.110011691477,Two year,No,No,No,No,No,Yes,No,Yes
CUST_03393,32,59,88.33886331434175,6665.524413536638,Two year,Fiber optic,Yes,No,No,Yes,No,No,Yes
CUST_03394,38,54,48.04604868518452,1209.7357714548023,One year,DSL,No,Yes,Yes,No,No,Yes,No
CUST_03395,27,23,87.37625492469324,7235.209813628237,Month-to-month,Fiber optic,Yes,No,Yes,No,No,No,No
CUST_03396,40,23,112.7712130899577,7974.500443494522,One year,No,No,Yes,No,Yes,No,Yes,No
CUST_03397,75,53,54.75243870849155,2426.499959074541,Two year,DSL,Yes,Yes,No,Yes,Yes,No,Yes
CUST_03398,73,25,52.911915369760656,2900.7254423289205,Two year,No,No,No,Yes,No,Yes,No,Yes
CUST_03399,56,65,77.14386514820174,1161.003383625262,Two year,DSL,Yes,No,Yes,Yes,Yes,Yes,No
CUST_03400,22,37,44.55018110274718,2997.4968771426343,Two year,DSL,Yes,Yes,No,No,No,No,Yes
CUST_03401,18,64,85.1578927980252,5754.382695972743,Month-to-month,Fiber optic,Yes,Yes,No,Yes,No,No,No
CUST_03402,30,50,103.2261770672481,2386.102126808649,Two year,No,No,No,Yes,Yes,Yes,No,No
CUST_03403,38,34,65.93185050986321,157.33009044212793,One year,DSL,No,Yes,No,No,Yes,Yes,Yes
CUST_03404,43,42,87.95073249283824,2943.7750401211606,Month-to-month,DSL,Yes,Yes,Yes,No,No,Yes,No
CUST_03405,67,28,85.18854238829952,3906.6618433373537,Month-to-month,No,No,No,Yes,Yes,No,Yes,Yes
CUST_03406,62,36,23.866556184758952,4857.390714333958,Two year,Fiber optic,Yes,Yes,Yes,No,Yes,Yes,No
CUST_03407,38,57,38.341629517577644,5844.130876607365,Month-to-month,No,Yes,Yes,No,No,Yes,No,No
CUST_03408,70,53,109.35300018181299,618.9884915216688,Two year,DSL,Yes,Yes,Yes,No,Yes,No,Yes
CUST_03409,35,38,113.88921473650194,4045.916340515305,Month-to-month,No,No,Yes,No,No,No,Yes,No
CUST_03410,54,41,98.04396399111774,2337.444686545755,Month-to-month,Fiber optic,Yes,No,No,No,No,Yes,No
CUST_03411,62,27,112.12481483276946,8062.944350573779,One year,Fiber optic,No,Yes,Yes,No,Yes,No,Yes
CUST_03412,49,28,50.61486509185748,3123.1474822689497,One year,Fiber optic,No,No,No,Yes,Yes,Yes,Yes
CUST_03413,53,42,44.7710971779047,941.0390692469111,One year,Fiber optic,Yes,No,Yes,No,Yes,Yes,No
CUST_03414,34,2,58.430018756052,448.5285224811973,Month-to-month,Fiber optic,No,Yes,No,No,No,Yes,No
CUST_03415,52,9,25.534199855045287,2329.4094557972144,One year,Fiber optic,No,Yes,Yes,No,No,Yes,No
CUST_03416,66,58,100.98716190413278,1602.581406614198,One year,Fiber optic,No,Yes,Yes,No,Yes,No,No
CUST_03417,77,13,118.41754851150772,5558.3168657814385,One year,DSL,Yes,Yes,Yes,Yes,Yes,No,No
CUST_03418,28,46,102.40292924366098,7214.518950344119,Month-to-month,No,Yes,No,Yes,Yes,Yes,Yes,No
CUST_03419,38,41,75.49753348525482,2725.493109150205,Two year,Fiber optic,No,Yes,Yes,No,No,Yes,Yes
CUST_03420,69,31,49.528197048294984,4953.44822166812,One year,No,No,No,No,No,No,No,Yes
CUST_03421,72,31,39.76978885435806,6234.564326640847,Month-to-month,No,Yes,Yes,No,Yes,No,No,No
CUST_03422,70,41,56.406287179665995,3447.2965887704136,Month-to-month,DSL,Yes,Yes,Yes,No,No,Yes,Yes
CUST_03423,43,31,86.69695295482063,657.1351352397677,Two year,No,No,No,No,No,Yes,No,No
CUST_03424,79,25,64.70615555408236,2025.153251793396,One year,No,Yes,No,No,Yes,Yes,No,No
CUST_03425,21,0,113.4059820084486,7517.75278794494,Month-to-month,Fiber optic,Yes,No,Yes,No,No,No,No
CUST_03426,51,55,105.42203429657324,7025.634236541117,Month-to-month,Fiber optic,No,No,Yes,No,No,No,Yes
CUST_03427,69,1,30.240061596289895,826.8732421209031,Month-to-month,No,Yes,No,Yes,Yes,No,No,No
CUST_03428,65,29,33.152522388571,1981.169276284823,Two year,Fiber optic,No,Yes,Yes,No,Yes,No,Yes
CUST_03429,77,70,87.62391853001108,6560.988369835888,One year,DSL,No,No,Yes,No,No,Yes,Yes
CUST_03430,35,51,43.07683899803543,4181.545148706087,Month-to-month,No,No,No,No,Yes,Yes,No,No
CUST_03431,57,8,99.10298770117512,6483.723066244084,Month-to-month,No,No,Yes,No,Yes,Yes,No,No
CUST_03432,52,21,79.13581423263531,1873.1767619620307,Month-to-month,DSL,Yes,Yes,No,Yes,Yes,Yes,No
CUST_03433,58,33,42.983052773335004,8102.664369030308,Month-to-month,DSL,Yes,No,Yes,No,No,Yes,No
CUST_03434,46,48,67.86867974805912,6682.302569919154,One year,DSL,Yes,Yes,No,Yes,No,Yes,Yes
CUST_03435,69,0,60.60762923670333,1758.5995285384677,One year,DSL,Yes,Yes,Yes,No,No,Yes,No
CUST_03436,46,52,107.31593591894047,4790.973285711907,Month-to-month,No,No,Yes,Yes,No,No,Yes,Yes
CUST_03437,55,39,23.216247497705027,1050.0158760085658,Month-to-month,Fiber optic,Yes,Yes,Yes,Yes,Yes,Yes,No
CUST_03438,59,44,109.584389046679,3136.0524470626215,Month-to-month,Fiber optic,No,Yes,Yes,No,Yes,Yes,Yes
CUST_03439,38,67,85.20826828797433,5640.819495194374,Two year,Fiber optic,No,Yes,No,No,No,Yes,No
CUST_03440,59,8,93.75381875483788,2873.072578601682,Two year,Fiber optic,No,No,Yes,Yes,Yes,Yes,No
CUST_03441,30,21,20.260746339263374,5616.770524366931,Two year,DSL,Yes,No,No,Yes,Yes,No,No
CUST_03442,66,17,82.82394340372323,2156.1475031504006,Month-to-month,Fiber optic,No,Yes,Yes,No,No,Yes,Yes
CUST_03443,58,42,78.8486163711026,6158.136956477762,Two year,Fiber optic,No,No,No,No,No,Yes,No
CUST_03444,34,38,73.72055563862999,3120.552420927404,One year,No,Yes,No,No,No,Yes,No,No
CUST_03445,73,5,98.5866856705885,6740.042675656072,Two year,No,No,Yes,Yes,No,No,No,No
CUST_03446,26,47,75.58710963965052,1248.1952836296339,Month-to-month,Fiber optic,Yes,Yes,No,Yes,Yes,Yes,No
CUST_03447,58,6,105.70971895598576,3140.6147745591957,One year,DSL,Yes,Yes,No,No,No,Yes,No
CUST_03448,18,68,43.263148640963834,3997.032611707347,Month-to-month,Fiber optic,No,Yes,Yes,No,Yes,No,Yes
CUST_03449,19,15,100.59825889716998,3660.302405804844,One year,DSL,No,No,No,No,No,Yes,No
CUST_03450,77,0,37.93127728248057,3737.9938379708565,Two year,No,Yes,Yes,No,Yes,Yes,Yes,No
CUST_03451,65,36,101.31177919689799,3836.34800009861,Two year,DSL,Yes,No,No,Yes,No,Yes,No
CUST_03452,46,36,114.04635188285677,8405.949611954271,One year,Fiber optic,No,Yes,Yes,Yes,No,Yes,No
CUST_03453,50,63,53.56941423103841,1722.5196674650997,One year,No,No,No,Yes,No,No,Yes,No
CUST_03454,27,61,72.98863139801888,6556.776176272277,Month-to-month,Fiber optic,No,Yes,No,No,Yes,Yes,No
CUST_03455,67,71,85.83290229231477,4735.025761295927,One year,Fiber optic,No,Yes,No,No,No,Yes,Yes
CUST_03456,75,60,27.94716658544946,3574.478712122774,Month-to-month,DSL,No,Yes,No,No,No,Yes,No
CUST_03457,77,32,69.40807182041203,5421.641224272222,One year,Fiber optic,No,Yes,No,No,Yes,No,Yes
CUST_03458,57,65,56.05849765882467,7269.664122038353,One year,Fiber optic,No,No,Yes,No,No,No,Yes
CUST_03459,38,29,107.24556312513081,4019.762257205922,Two year,No,No,Yes,No,No,Yes,Yes,No
CUST_03460,45,19,107.66795187083261,7364.331499272968,Two year,DSL,No,No,No,No,Yes,Yes,No
CUST_03461,28,59,90.07795395472368,887.906013656019,Month-to-month,DSL,No,No,No,Yes,Yes,Yes,No
CUST_03462,72,23,85.57244745924983,5585.907464742031,Month-to-month,No,Yes,Yes,Yes,Yes,Yes,Yes,No
CUST_03463,51,3,93.36884592758568,2898.7125150952506,Month-to-month,No,Yes,Yes,No,Yes,Yes,Yes,Yes
CUST_03464,25,36,56.598690100280706,3348.408749086178,One year,DSL,Yes,No,No,No,Yes,Yes,No
CUST_03465,76,3,60.45192467506254,4896.565907596151,One year,No,Yes,Yes,Yes,Yes,No,No,Yes
CUST_03466,39,17,75.37047228887053,4131.301105699607,Month-to-month,DSL,No,No,No,Yes,Yes,No,No
CUST_03467,25,65,113.80281273644674,3306.947283482777,One year,No,Yes,Yes,No,Yes,No,No,No
CUST_03468,66,47,92.39998741195626,2689.9167432857435,Two year,DSL,No,Yes,No,No,Yes,Yes,Yes
CUST_03469,32,32,75.09892444962233,5293.84853874487,One year,DSL,No,Yes,Yes,No,No,Yes,No
CUST_03470,34,57,97.04130148967145,4346.8690753688525,Two year,No,No,No,Yes,No,Yes,Yes,No
CUST_03471,77,27,57.089031223842504,2815.7966542913955,Month-to-month,Fiber optic,No,Yes,No,Yes,Yes,No,Yes
CUST_03472,40,34,93.04667011443706,1821.672558571494,One year,Fiber optic,No,No,No,Yes,No,No,Yes
CUST_03473,41,9,61.067624828270034,6605.532846095518,Month-to-month,No,Yes,Yes,Yes,Yes,No,No,Yes
CUST_03474,62,64,47.96614070149861,6817.605366034258,Two year,DSL,Yes,No,Yes,Yes,Yes,Yes,No
CUST_03475,36,41,80.97240475222924,1895.8202666337024,Month-to-month,No,Yes,Yes,No,No,Yes,No,No
CUST_03476,22,8,88.68775596501845,2297.851711254643,Two year,Fiber optic,No,No,No,No,No,No,Yes
CUST_03477,49,59,65.92935611795642,2108.80138901249,Two year,DSL,Yes,Yes,No,Yes,No,No,No
CUST_03478,61,14,76.55007313555015,7530.385862842948,Month-to-month,DSL,Yes,No,Yes,No,Yes,No,No
CUST_03479,18,56,89.40660748559569,6602.695200919544,Two year,DSL,No,No,Yes,No,Yes,Yes,No
CUST_03480,40,68,96.77100515575094,726.4175952998377,Month-to-month,Fiber optic,No,No,Yes,Yes,No,Yes,Yes
CUST_03481,54,21,109.55714790830763,7094.39397854752,Month-to-month,Fiber optic,Yes,No,Yes,Yes,Yes,Yes,No
CUST_03482,25,63,55.454420626432814,409.5552940966497,Month-to-month,DSL,No,No,Yes,No,Yes,No,No
CUST_03483,30,40,115.14772528525936,2226.878244257307,Two year,DSL,No,No,No,No,No,No,No
CUST_03484,25,70,83.72798101230876,7819.5276264115655,Two year,Fiber optic,Yes,Yes,No,Yes,No,No,No
CUST_03485,74,55,98.77018826989477,7360.382876036159,One year,Fiber optic,Yes,Yes,No,No,Yes,Yes,Yes
CUST_03486,40,22,89.97690434814383,6664.0499236867645,Month-to-month,DSL,No,Yes,Yes,Yes,Yes,Yes,No
CUST_03487,60,24,40.55717253484066,3943.396724517697,Month-to-month,No,No,No,No,No,No,Yes,No
CUST_03488,18,5,27.143838300882834,2799.8784485680653,Month-to-month,No,Yes,Yes,Yes,Yes,No,Yes,Yes
CUST_03489,62,33,92.62864640181202,7504.985035339836,Month-to-month,No,Yes,No,Yes,No,No,No,No
CUST_03490,68,62,71.10526677945765,5619.422358261382,Month-to-month,Fiber optic,Yes,No,No,No,No,No,No
CUST_03491,41,8,90.22133684083246,2582.274382401465,Month-to-month,No,No,Yes,No,Yes,No,Yes,No
CUST_03492,52,59,67.68428039154597,3990.8453749097653,Month-to-month,No,Yes,Yes,No,Yes,Yes,No,Yes
CUST_03493,41,48,51.223452041650404,7504.601866997601,One year,Fiber optic,Yes,Yes,No,No,No,Yes,No
CUST_03494,34,50,48.501790925956826,7689.025663057061,One year,No,Yes,No,No,No,No,Yes,Yes
CUST_03495,22,59,93.05321308699942,5638.137589362527,Month-to-month,DSL,No,Yes,Yes,No,No,Yes,No
CUST_03496,37,69,47.67800814657747,6253.4692300230845,Month-to-month,Fiber optic,No,No,Yes,Yes,Yes,Yes,No
CUST_03497,38,36,91.46768709254209,430.1017991219497,One year,DSL,Yes,No,Yes,Yes,Yes,Yes,No
CUST_03498,57,30,58.396012631737854,5178.64426415238,One year,No,No,No,No,Yes,No,Yes,No
CUST_03499,75,40,97.08984043188025,5887.537574316207,Month-to-month,DSL,Yes,Yes,No,Yes,Yes,No,No
CUST_03500,48,61,34.28099257826696,271.1680354739458,Month-to-month,Fiber optic,Yes,Yes,No,No,No,Yes,No
CUST_03501,63,57,40.49799432043456,7188.415498832547,One year,No,Yes,Yes,No,Yes,No,No,No
CUST_03502,53,13,88.59116057201635,7897.594097866225,One year,Fiber optic,No,Yes,Yes,Yes,No,Yes,Yes
CUST_03503,28,35,76.02311201982626,2098.6662003178194,Month-to-month,No,Yes,No,No,No,Yes,Yes,No
CUST_03504,69,35,40.38783426215992,7204.685834654502,One year,Fiber optic,No,No,No,No,Yes,Yes,No
CUST_03505,32,7,110.28270117268217,5690.305694756979,Month-to-month,Fiber optic,No,No,No,No,Yes,Yes,No
CUST_03506,36,25,47.59441474126463,4977.844885901667,Two year,DSL,Yes,No,No,Yes,No,No,No
CUST_03507,24,35,62.10713981936338,7182.258178988848,Month-to-month,Fiber optic,No,Yes,No,No,Yes,Yes,No
CUST_03508,68,47,40.2287941872538,2499.128500259711,Month-to-month,Fiber optic,Yes,Yes,Yes,Yes,No,No,Yes
CUST_03509,45,27,58.802761834151426,6743.191892569574,Month-to-month,DSL,Yes,No,No,No,Yes,Yes,No
CUST_03510,68,67,69.16467501114741,2741.9744484129073,One year,No,Yes,Yes,No,Yes,No,Yes,Yes
CUST_03511,60,61,49.52470545129191,6714.634960427819,Month-to-month,No,Yes,No,No,No,No,No,No
CUST_03512,75,50,96.90936731964834,3888.853648354243,Month-to-month,Fiber optic,No,No,Yes,Yes,Yes,No,No
CUST_03513,22,41,59.393297864624714,1082.3419605418758,One year,DSL,Yes,Yes,No,Yes,No,No,Yes
CUST_03514,22,28,92.95099999587671,3304.76682657032,Two year,No,Yes,No,Yes,No,Yes,No,No
CUST_03515,47,9,40.707217539024334,2061.3435378019053,Two year,DSL,Yes,Yes,Yes,Yes,No,Yes,Yes
CUST_03516,71,38,57.703549679317874,944.4650266042406,One year,Fiber optic,Yes,Yes,No,Yes,No,No,No
CUST_03517,49,0,20.805828889553517,1026.4113747587858,Month-to-month,DSL,No,No,No,Yes,Yes,No,Yes
CUST_03518,25,38,95.86375839137118,6652.599747434018,Two year,Fiber optic,No,Yes,No,No,No,No,No
CUST_03519,27,20,82.58866443304842,7503.741961188728,Two year,No,Yes,Yes,No,No,No,Yes,Yes
CUST_03520,55,64,101.78233249204561,7887.884603233032,One year,No,No,No,Yes,No,No,No,No
CUST_03521,64,14,65.56107881027133,7273.1478475758195,Two year,No,Yes,Yes,Yes,No,No,Yes,No
CUST_03522,49,3,99.97406437128392,7073.882417197711,Two year,No,Yes,Yes,Yes,Yes,Yes,No,No
CUST_03523,65,59,84.75825442709784,678.2211527394902,One year,DSL,Yes,Yes,Yes,No,Yes,Yes,Yes
CUST_03524,45,60,20.361293253423867,6737.038195662367,Two year,DSL,No,Yes,No,Yes,Yes,No,No
CUST_03525,34,19,45.3694295088512,6679.574341114188,Month-to-month,DSL,Yes,Yes,No,No,No,No,No
CUST_03526,48,9,69.38913522062481,1202.8393104787508,One year,Fiber optic,No,Yes,Yes,Yes,Yes,Yes,No
CUST_03527,25,33,81.86873497119713,5660.877548250912,Month-to-month,No,No,No,Yes,No,Yes,Yes,No
CUST_03528,57,47,26.559086466463715,3901.061626257965,Month-to-month,No,Yes,Yes,Yes,Yes,No,Yes,Yes
CUST_03529,42,32,90.50799281837918,7660.113597165394,One year,No,No,No,Yes,No,No,Yes,Yes
CUST_03530,26,60,74.35360976472599,5941.430244123606,Two year,DSL,Yes,No,No,No,Yes,No,Yes
CUST_03531,19,9,72.57793068182858,8088.295305543718,One year,DSL,No,No,Yes,Yes,Yes,No,No
CUST_03532,32,53,49.204555809791515,981.3502203070069,Two year,No,No,No,Yes,No,No,No,No
CUST_03533,67,64,79.48230994905768,441.1014414001028,Month-to-month,Fiber optic,No,No,Yes,Yes,No,No,Yes
CUST_03534,20,0,22.749288963177467,8278.066605188586,Two year,DSL,No,No,Yes,Yes,No,No,Yes
CUST_03535,66,4,26.470033050398847,773.6141561371968,Month-to-month,No,Yes,Yes,No,No,No,No,No
CUST_03536,53,14,93.38700872128415,3344.044895645928,Month-to-month,No,Yes,Yes,Yes,No,Yes,No,No
CUST_03537,79,27,52.18913425339639,5559.753226904661,Month-to-month,No,Yes,No,Yes,Yes,Yes,Yes,No
CUST_03538,21,22,54.69670756244838,7492.476056006304,One year,Fiber optic,Yes,No,Yes,No,No,Yes,Yes
CUST_03539,31,16,40.83852032564518,2238.449472996979,Two year,No,Yes,No,Yes,Yes,No,No,Yes
CUST_03540,58,12,64.56206920999321,344.088979834196,Two year,DSL,Yes,Yes,Yes,No,Yes,No,No
CUST_03541,58,13,25.19934314113003,4478.809040193191,Two year,Fiber optic,Yes,Yes,No,No,Yes,Yes,Yes
CUST_03542,42,10,50.036322357111366,4057.340970286827,Month-to-month,Fiber optic,No,No,Yes,Yes,Yes,No,Yes
CUST_03543,75,27,72.71239217776974,2677.9027303882685,One year,No,No,No,Yes,Yes,Yes,Yes,No
CUST_03544,72,41,66.5631921559137,7440.754687012173,Two year,DSL,Yes,No,Yes,No,No,No,Yes
CUST_03545,79,60,119.96696431230338,6394.306241299171,Two year,DSL,Yes,No,Yes,No,Yes,Yes,No
CUST_03546,67,63,58.876465211691006,7308.177618873672,One year,No,No,No,No,No,No,Yes,No
CUST_03547,27,30,58.69990592543089,1459.1952596084732,Two year,No,No,No,No,No,No,Yes,Yes
CUST_03548,38,9,70.35817774144603,5916.260455098864,One year,DSL,Yes,Yes,No,Yes,Yes,Yes,No
CUST_03549,53,7,39.03031102712298,8290.854577518403,One year,Fiber optic,Yes,Yes,Yes,Yes,No,Yes,No
CUST_03550,29,20,107.63044229591578,5240.076691193015,Two year,Fiber optic,No,Yes,No,No,No,Yes,Yes
CUST_03551,44,58,77.22677888644485,1539.4606684820837,One year,No,No,No,Yes,Yes,No,Yes,Yes
CUST_03552,57,49,39.21076391994224,8464.55531353233,One year,No,No,Yes,No,No,No,Yes,No
CUST_03553,19,68,99.34415913721324,4537.918085090377,Two year,DSL,No,Yes,No,No,Yes,No,No
CUST_03554,71,69,23.433217114285327,7156.495753520477,Month-to-month,DSL,No,No,No,No,Yes,Yes,No
CUST_03555,30,29,118.25642005854273,1354.6361584156232,Two year,DSL,Yes,No,No,Yes,Yes,Yes,No
CUST_03556,70,16,106.51493347713713,5695.208229166539,Two year,DSL,No,No,Yes,Yes,No,No,Yes
CUST_03557,49,19,77.96394555340198,7765.988664912456,Month-to-month,No,Yes,No,No,Yes,No,No,No
CUST_03558,48,47,31.129566275706647,4568.9496805402905,One year,No,No,No,No,Yes,Yes,No,Yes
CUST_03559,33,1,41.527277328967145,2524.744508912357,Two year,DSL,Yes,Yes,Yes,No,No,No,No
CUST_03560,49,36,47.943517031356315,1170.3433548437265,Month-to-month,No,Yes,Yes,No,No,Yes,No,No
CUST_03561,49,0,44.1031737903611,2585.9351880019744,Month-to-month,No,Yes,No,No,Yes,Yes,No,Yes
CUST_03562,77,3,69.75200104534457,3081.027304585607,Two year,DSL,Yes,No,No,No,No,Yes,No
CUST_03563,51,53,114.45603702671478,6063.622883930568,Two year,Fiber optic,Yes,Yes,Yes,Yes,Yes,No,No
CUST_03564,28,24,64.41725847678106,1600.4198190486563,Month-to-month,Fiber optic,No,Yes,Yes,Yes,No,No,No
CUST_03565,27,2,86.15645681734054,991.280788009424,Two year,DSL,Yes,Yes,No,Yes,Yes,No,No
CUST_03566,32,8,88.85832059788231,3350.2921446835376,Month-to-month,Fiber optic,No,No,No,Yes,No,No,No
CUST_03567,34,33,107.15807252544828,3952.6903778367578,Two year,No,Yes,No,Yes,No,No,No,Yes
CUST_03568,57,42,23.382128757151925,5378.434438627041,Month-to-month,Fiber optic,No,No,Yes,No,Yes,Yes,No
CUST_03569,35,21,60.43300593475422,6043.262930927888,Two year,DSL,Yes,No,No,No,Yes,No,Yes
CUST_03570,72,69,98.47351140860994,7569.9327542022365,Two year,DSL,Yes,Yes,Yes,Yes,No,Yes,Yes
CUST_03571,26,1,101.48670149654463,2527.2099504355033,Two year,Fiber optic,No,Yes,No,Yes,No,Yes,Yes
CUST_03572,42,65,112.73326151740112,4540.305710612203,One year,Fiber optic,No,No,Yes,No,No,Yes,No
CUST_03573,57,31,90.27943598180023,3174.7419371457477,Two year,No,No,Yes,Yes,No,No,Yes,Yes
CUST_03574,76,15,44.515394610474345,111.9420450603167,Month-to-month,Fiber optic,No,No,No,Yes,Yes,No,No
CUST_03575,31,0,70.56657430843782,4967.227310847391,Month-to-month,Fiber optic,No,Yes,No,No,Yes,Yes,Yes
CUST_03576,77,71,23.23452879188976,6952.687035637565,One year,Fiber optic,Yes,No,No,Yes,No,No,No
CUST_03577,75,47,84.69283410982469,406.0916832685104,One year,No,Yes,No,Yes,Yes,No,Yes,No
CUST_03578,42,49,75.42952115087567,129.33077226495,One year,Fiber optic,Yes,Yes,No,No,No,No,No
CUST_03579,67,12,86.68362807612931,6213.6746146902,Two year,No,No,Yes,No,No,Yes,No,Yes
CUST_03580,39,14,113.01405533875955,5844.4216900741985,Two year,No,Yes,Yes,Yes,Yes,Yes,No,No
CUST_03581,69,52,88.72766117204316,3509.157684814176,Month-to-month,DSL,No,Yes,Yes,No,No,Yes,No
CUST_03582,47,43,52.04499303747612,5657.481005615641,Month-to-month,DSL,Yes,Yes,No,Yes,No,No,Yes
CUST_03583,37,7,39.873666387015675,8108.443009260407,Two year,No,No,No,Yes,No,No,Yes,Yes
CUST_03584,38,45,105.46362068186548,2182.0474910645507,Month-to-month,No,No,No,No,Yes,Yes,Yes,Yes
CUST_03585,61,68,39.43321432737606,2165.783394065304,Two year,No,Yes,No,Yes,Yes,Yes,No,No
CUST_03586,49,18,36.16095805953639,1664.3505200193965,One year,DSL,No,Yes,Yes,Yes,No,Yes,Yes
CUST_03587,68,37,40.66120806809758,6181.488699779503,Two year,No,Yes,No,Yes,No,No,No,No
CUST_03588,63,10,70.88408481305068,3066.7896006392566,Two year,DSL,Yes,Yes,Yes,No,No,No,No
CUST_03589,66,42,32.41874431594569,8405.022325491898,Two year,DSL,No,Yes,No,No,Yes,No,Yes
CUST_03590,73,19,113.81183305967022,6103.05078904007,Month-to-month,No,Yes,Yes,Yes,No,No,Yes,Yes
CUST_03591,38,19,116.62537072400896,3185.96584783803,Two year,No,No,No,No,No,No,No,No
CUST_03592,52,20,117.38018532829989,1353.162686133104,Two year,No,No,No,Yes,No,Yes,No,No
CUST_03593,75,56,23.91248048197198,5073.008458832866,Two year,DSL,Yes,Yes,No,Yes,No,Yes,No
CUST_03594,49,49,114.61975264800317,2577.187326009974,One year,Fiber optic,No,No,No,Yes,Yes,Yes,No
CUST_03595,47,25,119.74149326174252,7706.276282888807,Two year,No,No,No,Yes,No,No,Yes,No
CUST_03596,72,29,114.2429109345487,3807.7969589623876,Two year,Fiber optic,Yes,Yes,No,No,Yes,Yes,No
CUST_03597,56,30,87.09389057627061,2558.2597021238553,Two year,Fiber optic,No,Yes,No,Yes,Yes,No,No
CUST_03598,66,41,90.12301524085008,5043.8352423937185,Month-to-month,Fiber optic,No,No,No,No,Yes,Yes,No
CUST_03599,29,67,32.22529398734476,1250.5858081569434,One year,Fiber optic,No,No,No,No,No,Yes,No
CUST_03600,58,60,107.42970770749625,4817.012211544178,One year,Fiber optic,No,Yes,No,No,No,Yes,Yes
CUST_03601,64,60,25.96395846287715,571.3364195658176,Two year,DSL,Yes,No,No,Yes,Yes,Yes,No
CUST_03602,35,69,51.77305466176398,5197.864926676543,Two year,DSL,Yes,No,Yes,No,No,No,No
CUST_03603,38,67,119.1151645148187,4553.376288772003,Month-to-month,DSL,Yes,No,No,Yes,Yes,Yes,Yes
CUST_03604,30,16,62.23278791029953,4474.434249967362,Two year,Fiber optic,Yes,Yes,No,No,Yes,Yes,No
CUST_03605,79,18,33.11562239652587,5846.980851285357,Month-to-month,DSL,Yes,Yes,No,Yes,Yes,No,No
CUST_03606,38,50,116.92946620490801,473.4355611841514,Two year,No,Yes,Yes,Yes,No,No,Yes,No
CUST_03607,79,69,118.41396470417361,3961.7443028944876,Month-to-month,Fiber optic,No,No,Yes,No,Yes,No,No
CUST_03608,25,62,38.704268523871434,3829.924769539146,One year,No,No,Yes,Yes,Yes,No,Yes,No
CUST_03609,63,29,106.48038087401709,3962.172511476994,Two year,Fiber optic,No,Yes,No,Yes,No,No,Yes
CUST_03610,57,24,59.04233261938918,8331.084156948884,Month-to-month,Fiber optic,No,No,Yes,Yes,Yes,No,No
CUST_03611,63,70,58.13684644867145,1269.9391744117868,Month-to-month,Fiber optic,No,No,Yes,No,No,Yes,No
CUST_03612,24,25,46.26976318969017,5899.609959300577,Two year,Fiber optic,Yes,No,Yes,No,No,No,No
CUST_03613,40,55,24.47102745548965,3476.7675539798743,Month-to-month,No,Yes,No,No,Yes,No,No,No
CUST_03614,61,21,46.800898368522354,4398.502804325914,Two year,Fiber optic,No,Yes,Yes,Yes,Yes,No,No
CUST_03615,49,18,25.377690533305202,6504.108809192047,Two year,Fiber optic,Yes,Yes,Yes,No,No,No,No
CUST_03616,28,30,112.43720463599634,1421.9537176172405,Month-to-month,DSL,Yes,No,No,Yes,Yes,No,No
CUST_03617,39,25,86.17206723927285,6514.115786146535,Month-to-month,Fiber optic,Yes,Yes,No,Yes,Yes,Yes,Yes
CUST_03618,39,41,108.66226500163916,690.7785745492926,Month-to-month,Fiber optic,Yes,Yes,Yes,No,No,Yes,No
CUST_03619,60,40,91.72906814705706,4159.799894162597,One year,Fiber optic,Yes,No,No,Yes,Yes,Yes,No
CUST_03620,42,22,33.128687108263925,6333.395204676476,Two year,Fiber optic,No,No,Yes,No,No,Yes,Yes
CUST_03621,39,46,114.05815367352979,1717.4322249794752,Two year,Fiber optic,No,No,No,Yes,Yes,No,No
CUST_03622,45,12,109.9893053632767,6575.691426697556,One year,Fiber optic,Yes,Yes,Yes,Yes,No,Yes,No
CUST_03623,46,65,54.80760779010357,1501.2250581762432,One year,No,Yes,Yes,No,Yes,No,Yes,No
CUST_03624,30,65,31.15333403516765,6813.605558271819,Month-to-month,No,Yes,Yes,No,Yes,Yes,Yes,No
CUST_03625,35,15,90.41547507888738,4039.058812711435,Two year,Fiber optic,No,Yes,No,No,Yes,Yes,No
CUST_03626,19,27,92.83613027367225,5850.9619876500965,One year,No,Yes,Yes,Yes,Yes,Yes,No,No
CUST_03627,46,34,109.68290448407072,7806.214250301183,One year,DSL,Yes,Yes,Yes,Yes,Yes,No,No
CUST_03628,38,40,25.26557594510799,3530.7407983553635,Two year,DSL,Yes,No,Yes,Yes,Yes,Yes,No
CUST_03629,32,30,34.170383802737184,2056.8432253112915,Two year,Fiber optic,Yes,No,No,Yes,No,Yes,Yes
CUST_03630,69,31,79.82487928791824,7384.178411588486,Two year,Fiber optic,No,No,No,Yes,No,No,No
CUST_03631,44,53,81.91315508700825,1457.5798440801366,Month-to-month,No,No,No,Yes,No,Yes,Yes,No
CUST_03632,67,71,23.36096623150063,5404.398835434299,One year,DSL,Yes,Yes,No,No,Yes,Yes,No
CUST_03633,48,58,59.69320510616584,7855.327619541163,Month-to-month,Fiber optic,No,No,Yes,No,No,Yes,No
CUST_03634,32,40,78.4161731276049,5764.932376896568,Two year,DSL,Yes,No,Yes,Yes,No,Yes,No
CUST_03635,68,65,93.79113331517338,1743.7211177801285,Two year,No,No,No,Yes,No,No,Yes,Yes
CUST_03636,40,53,51.61506917783285,1379.1851948111569,One year,Fiber optic,Yes,No,No,Yes,Yes,Yes,No
CUST_03637,41,39,68.39034930218415,2219.3664612449647,Month-to-month,Fiber optic,No,Yes,Yes,No,No,No,No
CUST_03638,61,27,101.40548723120092,3387.8173959952587,Month-to-month,Fiber optic,Yes,Yes,Yes,No,Yes,No,No
CUST_03639,30,36,115.38950638977404,1436.9358675391861,Month-to-month,DSL,Yes,Yes,Yes,Yes,Yes,No,No
CUST_03640,39,64,43.03146753898455,6801.638158107067,Two year,No,Yes,No,Yes,No,Yes,Yes,No
CUST_03641,60,54,45.304220581989625,3099.096877914665,One year,DSL,Yes,No,Yes,Yes,No,No,No
CUST_03642,54,3,113.98181874338755,7963.1285816669015,Month-to-month,DSL,No,Yes,No,No,Yes,Yes,No
CUST_03643,78,9,59.59111507626836,7176.923257896722,Two year,Fiber optic,No,No,No,Yes,No,No,No
CUST_03644,50,46,91.83483245207427,7734.073407534167,Two year,No,No,No,Yes,Yes,Yes,No,No
CUST_03645,73,13,81.22652287298763,2573.738806029736,Month-to-month,No,No,Yes,Yes,Yes,No,No,No
CUST_03646,20,37,48.55876797940563,4919.344968106398,One year,Fiber optic,Yes,No,Yes,Yes,No,No,No
CUST_03647,71,11,85.35622219580249,2800.1759515558024,One year,No,No,No,Yes,Yes,Yes,No,No
CUST_03648,36,44,85.55659009569733,2258.36749727912,Month-to-month,Fiber optic,No,No,No,Yes,Yes,Yes,No
CUST_03649,40,16,79.24431854090763,5199.528962101425,Two year,Fiber optic,No,No,No,No,Yes,No,No
CUST_03650,46,34,29.966082484951286,6971.161197038169,Two year,No,No,No,Yes,Yes,No,Yes,No
CUST_03651,47,65,119.51718223740377,886.2215714638957,Month-to-month,No,Yes,No,No,No,No,Yes,No
CUST_03652,56,40,60.04164611708274,2416.457595475,Two year,No,Yes,No,No,No,No,No,No
CUST_03653,61,66,83.82509853969889,1823.1271194434687,Two year,No,No,No,Yes,Yes,No,Yes,Yes
CUST_03654,64,28,108.57616941126193,6806.14145451094,Month-to-month,DSL,No,No,Yes,Yes,Yes,Yes,No
CUST_03655,42,17,62.328848841983636,7940.325413974642,Two year,Fiber optic,Yes,No,Yes,No,No,No,No
CUST_03656,54,19,97.39250568055486,771.5187655402153,Month-to-month,Fiber optic,Yes,Yes,Yes,No,Yes,Yes,No
CUST_03657,64,13,117.1824424679406,3285.3926835408247,Month-to-month,Fiber optic,No,Yes,Yes,Yes,No,No,No
CUST_03658,25,33,55.89347602530483,7781.875958836717,Month-to-month,Fiber optic,No,Yes,No,Yes,No,No,No
CUST_03659,59,48,60.52695702327367,2994.961052588906,Two year,DSL,No,Yes,No,No,Yes,No,No
CUST_03660,75,53,110.55760589965686,6086.356065035106,Month-to-month,No,No,No,No,No,Yes,No,Yes
CUST_03661,33,30,35.9642867815183,945.5976467624813,Two year,No,Yes,Yes,No,No,No,No,No
CUST_03662,25,57,22.859483835944232,3832.8552655419953,Month-to-month,No,Yes,Yes,Yes,Yes,No,Yes,No
CUST_03663,18,41,110.88890048491119,4327.726514969679,One year,Fiber optic,Yes,Yes,No,Yes,Yes,No,No
CUST_03664,61,57,102.15915741175803,6464.378255074506,Two year,DSL,Yes,Yes,Yes,No,No,No,No
CUST_03665,22,29,117.2583032551332,2526.12706487054,Two year,DSL,Yes,Yes,No,No,No,Yes,No
CUST_03666,20,24,25.823778271067823,2319.1840094244276,Two year,No,Yes,No,Yes,Yes,Yes,Yes,Yes
CUST_03667,18,62,35.61773304409873,2644.9284296449837,One year,Fiber optic,No,Yes,No,No,Yes,Yes,Yes
CUST_03668,21,18,30.531255908980885,4767.850673867422,Month-to-month,No,Yes,No,No,Yes,Yes,No,No
CUST_03669,57,71,88.34161322937092,7458.437073103906,One year,Fiber optic,No,No,No,Yes,No,No,No
CUST_03670,52,7,80.60100737471433,7079.907730274977,Month-to-month,No,Yes,No,Yes,Yes,Yes,No,Yes
CUST_03671,49,2,55.933519938725965,586.7435138524161,Month-to-month,No,No,No,Yes,No,Yes,Yes,No
CUST_03672,59,66,25.7423479402245,7483.222934852997,Month-to-month,DSL,Yes,Yes,No,Yes,Yes,No,No
CUST_03673,51,16,83.9661984046541,898.9187434344914,Month-to-month,Fiber optic,Yes,No,Yes,Yes,No,Yes,Yes
CUST_03674,60,13,77.01204851150567,3588.9237822785053,Month-to-month,DSL,No,No,No,Yes,Yes,Yes,No
CUST_03675,42,8,31.290321106061576,6529.397289735458,One year,DSL,No,No,No,No,No,No,Yes
CUST_03676,27,61,110.89097044737142,784.6927026851225,Two year,No,No,Yes,Yes,No,No,No,No
CUST_03677,38,20,39.89497096719906,439.35731432652136,One year,Fiber optic,No,No,Yes,Yes,Yes,Yes,No
CUST_03678,63,36,94.35091521438564,2871.964750330671,Two year,Fiber optic,Yes,Yes,No,Yes,No,No,No
CUST_03679,56,10,108.50758625429482,6231.375106001444,Two year,No,Yes,Yes,No,No,Yes,No,No
CUST_03680,44,19,77.94749906937085,4482.754075605764,Two year,No,Yes,No,No,Yes,No,Yes,Yes
CUST_03681,44,34,44.68489052982513,3602.815713121376,One year,No,Yes,No,No,No,Yes,Yes,No
CUST_03682,19,52,50.92485176251414,6929.8158671320625,Month-to-month,Fiber optic,Yes,No,No,No,No,No,No
CUST_03683,58,46,108.57475337188323,6540.357802431655,Month-to-month,No,No,No,No,No,No,No,No
CUST_03684,65,51,49.825715637648464,6702.762961765303,Two year,No,Yes,Yes,No,No,No,Yes,No
CUST_03685,30,7,94.61904833173043,3961.7053211732964,Month-to-month,DSL,Yes,No,Yes,Yes,Yes,No,No
CUST_03686,26,3,119.01652122554053,263.3736369330628,Month-to-month,No,No,Yes,Yes,No,Yes,Yes,Yes
CUST_03687,69,26,119.98167193626777,1545.950577328854,One year,No,Yes,Yes,Yes,Yes,No,Yes,No
CUST_03688,53,43,73.34797482693314,6326.923597523657,Month-to-month,Fiber optic,No,Yes,Yes,Yes,Yes,No,No
CUST_03689,39,39,102.65557967860978,6426.65716269685,Month-to-month,No,Yes,Yes,Yes,No,No,No,No
CUST_03690,59,46,119.02498679211995,8267.308346691225,One year,Fiber optic,Yes,No,Yes,No,Yes,Yes,No
CUST_03691,43,43,57.46728898419822,1697.5668260456193,Month-to-month,DSL,Yes,Yes,Yes,No,Yes,No,Yes
CUST_03692,75,47,45.240958507030584,1132.5850204822182,Two year,DSL,No,Yes,No,No,No,Yes,Yes
CUST_03693,71,51,31.42333558421832,1265.832923382521,One year,Fiber optic,No,No,No,No,Yes,Yes,No
CUST_03694,29,67,34.089963807312614,1652.2201666227784,Month-to-month,No,No,No,Yes,Yes,Yes,Yes,No
CUST_03695,34,10,105.35563636206633,4539.134051866146,Month-to-month,Fiber optic,Yes,No,No,No,No,No,No
CUST_03696,31,3,78.87230903070741,8291.776288982874,One year,No,No,No,Yes,No,No,Yes,No
CUST_03697,31,47,107.37091753924858,5051.224457205099,Two year,No,Yes,Yes,Yes,Yes,Yes,No,No
CUST_03698,74,25,98.94550890321685,4490.5797514318,One year,No,Yes,Yes,Yes,No,No,Yes,No
CUST_03699,51,38,87.37446300480178,5756.192335224517,Two year,Fiber optic,No,Yes,Yes,Yes,Yes,Yes,No
CUST_03700,70,57,80.93121919068608,721.015282368515,One year,DSL,No,Yes,No,No,Yes,Yes,Yes
CUST_03701,74,18,24.833890417809293,6948.974726863072,Month-to-month,Fiber optic,No,Yes,Yes,Yes,Yes,No,Yes
CUST_03702,37,57,107.22751960031923,5533.788163881289,One year,No,Yes,Yes,Yes,Yes,Yes,No,No
CUST_03703,28,27,61.784206167971426,1538.0101085604115,One year,Fiber optic,No,No,Yes,No,Yes,No,Yes
CUST_03704,33,65,75.97868570713919,5398.009538075214,Two year,DSL,Yes,No,No,No,No,No,No
CUST_03705,68,9,22.195350187702072,5108.14688555331,One year,Fiber optic,Yes,Yes,No,Yes,No,No,No
CUST_03706,48,57,113.60735018627871,644.7650781563248,Two year,DSL,No,Yes,Yes,No,Yes,No,No
CUST_03707,72,13,110.27404610920014,2342.230461904353,One year,DSL,Yes,Yes,No,Yes,Yes,No,Yes
CUST_03708,23,14,74.32780299181056,3383.9096322699625,Month-to-month,No,No,Yes,Yes,Yes,No,No,No
CUST_03709,73,32,77.73116331683573,2157.0636476066334,One year,DSL,Yes,Yes,No,Yes,No,No,No
CUST_03710,36,16,90.50172124034887,2142.558177481703,Month-to-month,Fiber optic,Yes,No,Yes,Yes,No,No,Yes
CUST_03711,54,23,46.469489643615006,4912.767179058314,Two year,Fiber optic,Yes,No,Yes,Yes,Yes,No,No
CUST_03712,75,29,42.191562271330255,4055.2157433076873,Two year,No,No,No,Yes,No,No,Yes,No
CUST_03713,21,61,87.40229466016328,5705.254326515267,Two year,Fiber optic,Yes,Yes,No,Yes,No,Yes,No
CUST_03714,64,12,30.442244615890814,8133.819531723301,Two year,No,Yes,Yes,No,No,Yes,No,No
CUST_03715,78,61,65.40620047233807,5648.67077465018,One year,Fiber optic,Yes,No,Yes,No,No,Yes,No
CUST_03716,21,46,69.276042399909,4989.60583117335,One year,Fiber optic,No,Yes,No,Yes,No,No,No
CUST_03717,37,15,58.1336976915168,7219.499729990181,One year,DSL,Yes,Yes,No,No,No,Yes,No
CUST_03718,27,65,38.52681756977347,5409.4141287631,Month-to-month,DSL,Yes,Yes,Yes,Yes,Yes,Yes,No
CUST_03719,41,42,55.53162643253547,1490.714670593928,One year,DSL,No,Yes,Yes,No,Yes,No,Yes
CUST_03720,71,7,53.755725356045,2743.889075451088,Month-to-month,Fiber optic,Yes,No,No,No,Yes,Yes,No
CUST_03721,52,2,69.92656746487503,6260.226374548997,Month-to-month,No,No,Yes,Yes,Yes,No,Yes,Yes
CUST_03722,43,11,87.46808415785193,6302.412017426968,One year,No,No,No,No,Yes,No,No,No
CUST_03723,54,15,116.82351235261706,8390.873502595257,Month-to-month,No,No,Yes,Yes,No,No,Yes,No
CUST_03724,55,58,34.41632601743282,5366.588978579375,Two year,DSL,Yes,No,Yes,No,Yes,No,No
CUST_03725,38,48,107.30171099410818,7656.179579921606,One year,Fiber optic,Yes,No,Yes,No,Yes,No,No
CUST_03726,71,62,48.41780003902625,558.4746089520273,One year,DSL,Yes,Yes,Yes,Yes,No,Yes,No
CUST_03727,57,61,79.13727700014056,4856.267696409447,Month-to-month,Fiber optic,Yes,No,Yes,Yes,No,No,No
CUST_03728,56,48,74.6736947983868,7826.7234074984435,One year,Fiber optic,Yes,No,Yes,No,No,No,Yes
CUST_03729,38,50,75.6948418628263,2512.8515754968425,One year,Fiber optic,Yes,No,Yes,Yes,Yes,No,Yes
CUST_03730,27,32,92.33586117188129,1400.9634718713573,Month-to-month,DSL,No,No,Yes,Yes,No,Yes,No
CUST_03731,55,29,58.168830574899594,3044.285344812786,One year,Fiber optic,No,No,No,No,No,Yes,No
CUST_03732,63,58,51.90999632368556,6754.783804851858,One year,DSL,No,Yes,No,Yes,No,Yes,No
CUST_03733,21,14,105.28345731854773,811.4868433230513,One year,DSL,Yes,No,No,No,Yes,Yes,No
CUST_03734,77,22,42.00950402742703,5142.844730300309,Month-to-month,Fiber optic,No,Yes,No,No,No,Yes,No
CUST_03735,74,44,38.02460373111431,1239.3054890919223,One year,Fiber optic,No,No,No,Yes,Yes,No,Yes
CUST_03736,62,61,21.560743665526086,3758.4725089968683,One year,Fiber optic,Yes,No,No,Yes,Yes,No,Yes
CUST_03737,37,70,41.057778202918676,8214.206813033907,One year,DSL,Yes,Yes,No,No,No,Yes,No
CUST_03738,34,14,71.85314333167084,1739.2118667138466,Two year,Fiber optic,No,No,No,No,Yes,Yes,No
CUST_03739,72,45,73.85088730141135,385.7390103066716,One year,Fiber optic,No,No,No,Yes,Yes,No,Yes
CUST_03740,24,63,45.44204911955343,3688.508047415558,Month-to-month,No,Yes,No,Yes,No,No,Yes,No
CUST_03741,21,45,27.227417004119985,4952.642936597302,Two year,No,No,Yes,No,No,Yes,No,No
CUST_03742,46,55,94.46407963452062,2599.1489742637154,Month-to-month,No,No,Yes,No,Yes,No,Yes,No
CUST_03743,31,43,95.79753485622997,4650.851228364216,One year,Fiber optic,Yes,No,Yes,Yes,No,Yes,No
CUST_03744,20,28,119.78363962915616,8108.576348516692,One year,DSL,No,Yes,No,No,No,No,No
CUST_03745,41,61,110.00295705347176,2718.8746142954114,One year,No,Yes,No,Yes,No,No,Yes,No
CUST_03746,54,51,112.60620645176425,2699.187062074043,Two year,DSL,Yes,Yes,Yes,No,Yes,No,Yes
CUST_03747,33,53,99.82038257439419,4155.250342200016,One year,No,No,Yes,No,No,Yes,No,Yes
CUST_03748,75,56,81.5502853382499,4428.657221487377,Month-to-month,No,No,Yes,No,No,Yes,No,No
CUST_03749,72,65,32.85459576045105,111.47377735071582,Two year,DSL,Yes,No,Yes,Yes,No,No,Yes
CUST_03750,69,21,82.23132974558777,5273.351102120655,Month-to-month,No,Yes,Yes,No,No,No,No,Yes
CUST_03751,21,19,25.595586041462663,8477.80172878357,Month-to-month,DSL,No,No,No,No,Yes,No,Yes
CUST_03752,73,32,108.52991112711923,2552.867615551835,Month-to-month,Fiber optic,Yes,Yes,No,No,No,Yes,No
CUST_03753,79,71,68.18213354141974,5398.804388638845,Month-to-month,Fiber optic,No,No,No,No,No,No,No
CUST_03754,41,24,89.74728319758002,138.8219022856562,Month-to-month,DSL,No,No,Yes,Yes,Yes,No,No
CUST_03755,51,45,25.2243663695964,5176.343543293945,One year,DSL,Yes,Yes,Yes,No,Yes,Yes,No
CUST_03756,47,56,73.42484229228253,3855.373799193671,Month-to-month,Fiber optic,No,Yes,No,No,No,No,No
CUST_03757,35,4,50.126339785336256,4554.462489103259,Month-to-month,DSL,No,No,No,No,No,Yes,No
CUST_03758,36,54,48.49682657372456,4668.801726936023,One year,Fiber optic,Yes,No,No,No,No,No,No
CUST_03759,48,60,58.96559147031825,1586.4049421187713,Two year,Fiber optic,No,Yes,Yes,Yes,Yes,No,No
CUST_03760,77,7,20.06394608605349,6567.732223786039,One year,DSL,Yes,Yes,No,Yes,No,No,No
CUST_03761,77,15,66.66608817201735,4765.944816486848,Two year,No,Yes,No,No,No,Yes,No,Yes
CUST_03762,36,47,68.65666836079383,2369.633459774751,Month-to-month,DSL,No,No,Yes,Yes,Yes,Yes,No
CUST_03763,66,60,106.31309158390641,7974.004991149632,One year,Fiber optic,Yes,No,Yes,No,Yes,Yes,Yes
CUST_03764,63,14,64.85256078824824,207.29916403407063,Two year,No,Yes,No,No,Yes,No,Yes,No
CUST_03765,36,64,56.35562938676728,6197.872597598229,Two year,No,No,Yes,Yes,Yes,Yes,Yes,No
CUST_03766,39,21,119.47470513624633,3302.3755595196717,One year,Fiber optic,No,Yes,No,Yes,Yes,Yes,No
CUST_03767,41,2,77.12133246024963,4489.376583014978,One year,No,No,Yes,Yes,Yes,Yes,Yes,No
CUST_03768,62,53,67.26132086341394,2548.6818953428856,One year,No,No,Yes,Yes,No,No,Yes,No
CUST_03769,29,13,69.59358345483794,2798.518280612167,One year,DSL,Yes,Yes,Yes,Yes,Yes,Yes,No
CUST_03770,47,35,100.91812975088051,227.39620273157175,One year,Fiber optic,Yes,Yes,Yes,Yes,No,Yes,No
CUST_03771,75,66,54.06763689701609,6230.698745179979,Month-to-month,No,Yes,No,Yes,Yes,No,No,Yes
CUST_03772,55,9,58.91604626859456,6070.706650726035,Month-to-month,Fiber optic,No,Yes,Yes,Yes,No,Yes,No
CUST_03773,70,48,95.58733593374653,5596.608883420666,One year,DSL,Yes,No,No,No,Yes,No,No
CUST_03774,48,64,27.298373961376946,7474.785716905667,One year,DSL,No,Yes,No,No,Yes,Yes,No
CUST_03775,53,56,106.51691581432587,7670.647676690846,Month-to-month,DSL,No,Yes,Yes,No,No,No,Yes
CUST_03776,36,26,63.02026964679699,4774.132283172145,Two year,No,No,No,Yes,No,Yes,Yes,No
CUST_03777,65,4,78.12929755056484,5852.5173333633265,Month-to-month,DSL,Yes,Yes,No,No,No,No,No
CUST_03778,62,70,95.74761592598351,192.38656899186228,One year,Fiber optic,Yes,No,No,Yes,No,Yes,No
CUST_03779,53,56,46.60519224393448,7209.281694551669,Two year,DSL,No,No,Yes,No,No,Yes,No
CUST_03780,47,14,109.03142083206511,6957.87276268778,One year,No,No,No,Yes,Yes,No,Yes,Yes
CUST_03781,72,29,117.92249722566108,270.08839475735715,Two year,DSL,No,Yes,No,Yes,Yes,No,No
CUST_03782,66,19,69.42743614061246,4659.7318206304335,One year,No,No,No,Yes,Yes,Yes,Yes,No
CUST_03783,72,36,113.69373650326733,7715.906791673064,Month-to-month,Fiber optic,Yes,No,No,No,Yes,No,No
CUST_03784,50,2,20.112862252698275,1623.6590910627558,One year,DSL,Yes,No,Yes,Yes,Yes,No,Yes
CUST_03785,35,40,109.42378296355284,3062.2173410796245,Month-to-month,DSL,No,No,Yes,Yes,No,No,No
CUST_03786,69,38,51.104531975130556,2880.850899556921,Two year,Fiber optic,Yes,No,Yes,Yes,No,Yes,No
CUST_03787,66,25,51.149542472760196,3089.8999933579125,Month-to-month,Fiber optic,No,Yes,Yes,Yes,Yes,No,No
CUST_03788,76,1,42.80888647699394,451.8426558228575,Two year,No,No,Yes,No,No,No,No,No
CUST_03789,45,22,51.70139011509019,2443.7485436290776,One year,DSL,No,Yes,No,Yes,Yes,No,Yes
CUST_03790,76,22,41.34845836986351,2576.793026681979,Month-to-month,DSL,No,No,No,Yes,No,No,Yes
CUST_03791,64,15,110.58691063099718,7373.325207312565,Two year,DSL,Yes,Yes,No,No,No,No,No
CUST_03792,28,8,109.90237272133665,3057.774459906301,Two year,DSL,No,Yes,No,No,Yes,No,No
CUST_03793,74,12,30.221131492062252,3856.6206151058313,Two year,Fiber optic,Yes,No,No,No,No,No,No
CUST_03794,77,27,34.28584288664925,3298.199702995265,Two year,DSL,No,No,Yes,Yes,No,No,Yes
CUST_03795,71,26,106.20186390106666,1113.6569766532868,One year,DSL,No,Yes,Yes,Yes,Yes,No,No
CUST_03796,62,50,59.89377708727459,8418.996764895242,One year,DSL,Yes,Yes,No,Yes,Yes,Yes,No
CUST_03797,50,63,36.92716773392783,7036.931601919739,One year,No,Yes,Yes,Yes,No,Yes,No,No
CUST_03798,34,51,71.06694024365672,4643.7305790298815,Two year,No,Yes,No,No,No,No,No,Yes
CUST_03799,23,37,61.666804992009496,4101.46175286904,One year,No,No,Yes,No,Yes,No,No,No
CUST_03800,21,64,41.91615537379652,5553.739693889276,Two year,Fiber optic,No,Yes,Yes,No,No,No,No
CUST_03801,37,17,92.07522182776344,2842.0216475952006,Two year,Fiber optic,Yes,Yes,No,No,Yes,Yes,No
CUST_03802,65,62,83.12893123327308,522.3761109776196,Two year,Fiber optic,Yes,Yes,Yes,No,No,Yes,Yes
CUST_03803,64,50,29.966161355544056,3496.2612343633723,Month-to-month,DSL,No,No,No,No,Yes,Yes,Yes
CUST_03804,44,8,112.53867143253424,8365.41165022603,One year,DSL,No,Yes,No,Yes,No,No,No
CUST_03805,32,12,75.84699657300692,1631.7131693728713,One year,Fiber optic,Yes,No,No,Yes,No,Yes,Yes
CUST_03806,23,39,45.02044870635418,4532.724454084968,Month-to-month,No,Yes,Yes,Yes,Yes,No,Yes,No
CUST_03807,64,54,40.62918150723635,171.5797291012608,Month-to-month,DSL,No,No,Yes,Yes,Yes,No,No
CUST_03808,31,42,33.59479813722015,1125.0647275001122,Month-to-month,No,No,Yes,Yes,Yes,No,No,No
CUST_03809,77,43,62.46374063903507,5032.410283923784,Month-to-month,DSL,No,Yes,Yes,No,No,No,Yes
CUST_03810,28,67,33.55410130908368,2598.2770078658136,Two year,DSL,No,No,No,Yes,Yes,No,No
CUST_03811,56,32,61.58164125952262,7707.749686269249,One year,No,No,Yes,Yes,Yes,No,Yes,Yes
CUST_03812,26,23,34.87704282341177,3511.826034040772,One year,Fiber optic,Yes,Yes,Yes,No,No,No,No
CUST_03813,43,35,85.68075215238893,1847.482215900841,One year,No,No,No,Yes,No,No,No,No
CUST_03814,33,9,98.52420216863582,4682.97086199151,Two year,Fiber optic,Yes,No,Yes,No,Yes,Yes,No
CUST_03815,22,19,74.95227475227586,6777.778535478086,One year,Fiber optic,No,No,No,No,No,Yes,No
CUST_03816,74,11,88.00568748548973,263.1254480581164,Month-to-month,DSL,No,Yes,Yes,No,No,No,No
CUST_03817,69,61,113.8378737084061,4346.368996492347,One year,DSL,No,Yes,No,No,Yes,Yes,Yes
CUST_03818,78,17,83.83715295706078,6596.783076508028,One year,DSL,No,No,Yes,No,Yes,No,Yes
CUST_03819,27,62,56.415819818388265,970.1446989090449,Two year,Fiber optic,Yes,No,Yes,No,No,No,No
CUST_03820,67,24,64.94801586749156,7683.507559038421,Month-to-month,Fiber optic,No,No,Yes,Yes,Yes,No,No
CUST_03821,20,11,106.0525226072037,2321.9462437215348,Month-to-month,No,No,Yes,Yes,No,No,No,No
CUST_03822,30,20,33.07203189500964,1533.070304787745,Month-to-month,DSL,No,Yes,Yes,No,Yes,No,No
CUST_03823,60,24,52.573702245043265,5049.751012382467,One year,DSL,Yes,No,Yes,Yes,No,Yes,Yes
CUST_03824,66,10,77.7280068970484,1570.261624871443,Month-to-month,Fiber optic,No,No,Yes,Yes,Yes,Yes,No
CUST_03825,47,63,87.63895694084344,5809.49277111793,Month-to-month,DSL,No,No,Yes,Yes,Yes,Yes,Yes
CUST_03826,79,49,96.34990754317053,4216.857488786812,One year,Fiber optic,Yes,No,Yes,No,No,Yes,Yes
CUST_03827,71,61,51.82067959960871,1023.6300788023113,Two year,No,No,Yes,No,Yes,Yes,Yes,No
CUST_03828,62,48,34.58591340091503,7764.917130489204,One year,No,Yes,No,Yes,Yes,Yes,No,No
CUST_03829,23,13,115.48392096765598,5754.925443693822,Two year,DSL,Yes,No,Yes,No,Yes,No,No
CUST_03830,34,0,27.63922171320395,4686.341422883652,Two year,No,No,Yes,Yes,Yes,Yes,No,No
CUST_03831,76,24,29.580535578688544,3244.461168941098,Month-to-month,DSL,No,No,No,Yes,No,Yes,No
CUST_03832,62,58,69.49425419019688,1232.8231992319625,Month-to-month,DSL,Yes,No,No,No,No,Yes,Yes
CUST_03833,68,71,101.92710281435983,6043.1543169151055,One year,Fiber optic,No,Yes,Yes,Yes,No,Yes,Yes
CUST_03834,70,68,97.45041063553268,6934.7088882440985,Two year,Fiber optic,No,No,Yes,No,No,Yes,Yes
CUST_03835,36,4,113.76992661940918,1156.8783394818258,One year,DSL,Yes,No,No,Yes,Yes,No,Yes
CUST_03836,59,18,34.160257561298835,4254.368046120396,Month-to-month,No,Yes,No,No,Yes,Yes,No,No
CUST_03837,52,22,57.5727257062436,4172.707970736912,Two year,No,No,Yes,Yes,Yes,No,Yes,No
CUST_03838,63,8,48.214212872171004,3039.258349047728,Month-to-month,DSL,No,No,No,No,Yes,Yes,No
CUST_03839,43,49,106.0870123554672,6730.471921291163,Month-to-month,DSL,No,Yes,Yes,Yes,Yes,No,No
CUST_03840,68,15,68.83546202812003,936.0501839775145,Month-to-month,No,No,Yes,No,Yes,Yes,Yes,No
CUST_03841,22,32,22.684793441566637,1822.1614889255561,Two year,No,Yes,Yes,Yes,Yes,Yes,No,Yes
CUST_03842,46,1,90.79644068383966,113.46325891545668,Two year,Fiber optic,No,No,Yes,Yes,No,Yes,Yes
CUST_03843,54,13,58.869809782660255,3233.077259897325,Month-to-month,Fiber optic,No,Yes,Yes,Yes,Yes,Yes,No
CUST_03844,37,0,73.11467633710123,2545.8966103631246,Two year,No,No,Yes,Yes,Yes,No,Yes,Yes
CUST_03845,66,57,109.37874270099981,7382.749463568514,Month-to-month,Fiber optic,Yes,No,Yes,No,Yes,Yes,No
CUST_03846,38,15,45.67377746328117,6364.8060502397,Month-to-month,Fiber optic,Yes,Yes,No,No,No,Yes,No
CUST_03847,27,46,44.026467561217714,809.5664511230839,Month-to-month,DSL,No,Yes,Yes,No,No,Yes,Yes
CUST_03848,22,43,46.319250418008934,6324.029686523911,Two year,Fiber optic,Yes,Yes,No,No,No,No,No
CUST_03849,53,13,53.81079912597027,5773.361859924279,One year,Fiber optic,Yes,No,No,No,No,No,No
CUST_03850,23,23,30.735397464609964,2466.4838982427696,One year,DSL,No,Yes,No,Yes,No,Yes,No
CUST_03851,43,54,89.72196608085895,229.8705075187244,Two year,No,Yes,Yes,No,No,Yes,Yes,No
CUST_03852,21,14,40.73987178291365,1067.3641716651848,Two year,Fiber optic,Yes,No,Yes,Yes,Yes,No,No
CUST_03853,79,71,112.61457472705857,2199.5051107958984,Month-to-month,Fiber optic,No,No,No,No,Yes,No,No
CUST_03854,56,33,41.568631390987065,6959.627875679363,Month-to-month,No,Yes,Yes,No,Yes,No,No,No
CUST_03855,56,1,45.564202930877514,4008.6277376255925,One year,Fiber optic,Yes,No,No,No,Yes,Yes,No
CUST_03856,67,26,49.70202288108163,7814.522422256022,Month-to-month,No,No,Yes,Yes,Yes,No,Yes,No
CUST_03857,52,71,96.8538097011416,6728.847059365719,One year,DSL,No,No,Yes,Yes,No,No,Yes
CUST_03858,18,22,62.76064874420298,2511.7087106896574,One year,No,Yes,Yes,No,No,No,Yes,Yes
CUST_03859,41,67,101.93346240306187,7201.042115276308,Two year,No,No,No,No,No,No,No,Yes
CUST_03860,74,13,98.48537123557885,1080.4886594503591,Two year,No,No,Yes,Yes,Yes,No,Yes,No
CUST_03861,53,62,112.94904227674665,403.3871718136258,Two year,DSL,Yes,Yes,No,No,No,No,No
CUST_03862,23,64,95.66041551040547,5211.720215671852,One year,No,Yes,No,Yes,No,No,Yes,No
CUST_03863,58,67,25.191116966906286,2970.6414929889647,Two year,No,No,No,No,Yes,Yes,No,No
CUST_03864,71,62,103.72812736990583,2867.175767966236,One year,DSL,No,No,No,Yes,No,No,No
CUST_03865,63,63,113.80725967054111,5872.5487635061745,Two year,Fiber optic,No,No,Yes,Yes,No,Yes,No
CUST_03866,77,31,119.3689192549669,7240.872153712391,One year,Fiber optic,Yes,No,Yes,No,Yes,No,No
CUST_03867,61,12,32.52675941324651,2806.2742448576923,Month-to-month,No,Yes,Yes,No,Yes,Yes,No,No
CUST_03868,77,65,81.32732693265345,2830.116104989007,Month-to-month,DSL,Yes,Yes,Yes,Yes,Yes,No,No
CUST_03869,74,18,39.94586658841594,4584.348730056052,One year,DSL,No,No,No,No,Yes,No,No
CUST_03870,48,23,46.2509640912599,5586.742257475695,One year,No,Yes,Yes,Yes,Yes,No,Yes,No
CUST_03871,37,10,94.55843382228579,1804.408682663494,Month-to-month,No,Yes,Yes,Yes,Yes,Yes,No,No
CUST_03872,41,58,117.76677176990603,7766.50488445973,One year,Fiber optic,No,No,Yes,No,Yes,Yes,No
CUST_03873,42,14,79.48555014630229,5597.098800356902,One year,Fiber optic,Yes,Yes,No,Yes,No,No,Yes
CUST_03874,53,9,105.05844698222474,5351.359215492025,Month-to-month,No,No,No,No,No,Yes,No,No
CUST_03875,38,40,20.888380382882794,7695.243342969253,One year,DSL,No,Yes,No,No,Yes,Yes,No
CUST_03876,47,26,23.663163984961926,7721.026676993608,Two year,No,No,Yes,Yes,Yes,No,No,No
CUST_03877,41,59,79.67243373258634,1238.6210132625101,Month-to-month,DSL,No,No,No,Yes,No,Yes,No
CUST_03878,61,51,58.89831016004391,1318.6342334308847,Two year,Fiber optic,No,Yes,Yes,No,Yes,No,No
CUST_03879,59,27,108.97578149731538,6500.36907109724,One year,No,Yes,No,Yes,No,No,No,No
CUST_03880,47,64,50.19819130857337,8137.791542569352,One year,DSL,No,Yes,Yes,No,No,No,No
CUST_03881,39,16,63.20510275040475,5698.714899510107,Two year,Fiber optic,No,Yes,Yes,No,No,No,No
CUST_03882,45,43,72.79091978315682,3555.0627883002285,One year,No,No,Yes,No,No,Yes,Yes,Yes
CUST_03883,24,9,47.30388328862475,5841.1743740994625,One year,No,No,No,No,No,Yes,No,No
CUST_03884,52,62,110.84948674532943,2022.017241394926,Two year,Fiber optic,Yes,No,No,No,No,No,Yes
CUST_03885,72,46,66.45335846580971,8482.916918385383,One year,No,Yes,Yes,Yes,Yes,No,No,No
CUST_03886,45,37,62.41556091190169,3721.115830015752,Month-to-month,Fiber optic,Yes,No,No,No,No,No,Yes
CUST_03887,31,69,104.97530489343326,7926.162421073042,Two year,DSL,Yes,No,Yes,Yes,Yes,Yes,Yes
CUST_03888,73,52,51.19784016478985,3718.7036440557094,Two year,No,No,No,No,No,Yes,No,Yes
CUST_03889,27,43,101.7465344510961,7896.374161424158,Two year,Fiber optic,No,Yes,No,Yes,Yes,Yes,Yes
CUST_03890,33,53,32.22728527213495,2919.757708431291,Two year,Fiber optic,No,No,No,Yes,Yes,No,Yes
CUST_03891,33,19,38.27885333648996,6488.561071108777,Month-to-month,DSL,Yes,No,No,No,Yes,Yes,No
CUST_03892,71,30,115.08416661717347,8088.416904235737,Two year,No,No,No,No,No,Yes,No,Yes
CUST_03893,48,6,104.2447490807708,5526.237696844454,Two year,Fiber optic,Yes,No,No,Yes,No,Yes,No
CUST_03894,59,57,58.789890145640626,5791.54789650896,One year,Fiber optic,No,No,Yes,Yes,Yes,No,No
CUST_03895,42,9,83.84564487170294,964.2444607052297,Two year,Fiber optic,No,No,Yes,Yes,Yes,Yes,No
CUST_03896,30,9,114.29701894309558,4083.4475561767676,One year,No,Yes,No,Yes,No,Yes,Yes,No
CUST_03897,23,38,41.18589028640842,7548.745411129015,Two year,No,No,No,No,No,No,No,Yes
CUST_03898,61,27,25.901047022300066,2123.6426243380324,Two year,DSL,No,No,Yes,No,No,No,Yes
CUST_03899,26,29,73.74680645053053,6722.24931338583,Month-to-month,DSL,No,No,No,Yes,No,No,No
CUST_03900,62,36,34.25968786635933,5775.963040753105,One year,DSL,No,Yes,Yes,No,No,Yes,No
CUST_03901,53,66,38.73190927113751,1973.0821038205145,Month-to-month,No,No,Yes,No,No,No,Yes,Yes
CUST_03902,73,42,109.15391897315794,2475.446124250901,One year,Fiber optic,Yes,Yes,No,No,No,No,No
CUST_03903,60,51,20.740345864489132,3691.511561013856,Two year,No,No,Yes,Yes,Yes,No,Yes,Yes
CUST_03904,37,55,101.68200264638685,1151.0854103740953,Month-to-month,No,No,Yes,No,Yes,No,No,No
CUST_03905,35,67,71.69507763356076,7772.318896128939,One year,No,Yes,No,No,Yes,Yes,Yes,Yes
CUST_03906,75,8,75.92943876453003,6310.603882605266,One year,DSL,No,No,Yes,No,Yes,No,Yes
CUST_03907,60,22,87.17679604563625,3165.6984400300694,Month-to-month,Fiber optic,No,No,Yes,Yes,Yes,Yes,No
CUST_03908,74,62,63.14449923080104,2617.190160561679,One year,No,No,No,Yes,Yes,Yes,No,No
CUST_03909,38,60,31.561188819241472,5892.46251062397,Two year,DSL,No,Yes,Yes,Yes,No,Yes,No
CUST_03910,21,39,30.28202238048238,3663.455744403025,One year,No,No,Yes,Yes,Yes,Yes,No,Yes
CUST_03911,67,43,95.43621991839426,2026.427204002611,Two year,Fiber optic,No,No,No,No,Yes,Yes,No
CUST_03912,50,23,42.10351432672849,3713.266324979562,One year,DSL,Yes,No,No,Yes,Yes,No,Yes
CUST_03913,44,50,22.81016836176442,7418.894659069607,Month-to-month,No,Yes,Yes,Yes,No,Yes,Yes,No
CUST_03914,24,57,117.96138890989411,676.295746935693,Two year,DSL,No,No,No,Yes,Yes,No,No
CUST_03915,23,32,118.03915193606933,3194.209277168061,One year,Fiber optic,No,No,Yes,No,No,No,No
CUST_03916,32,15,57.81413373437799,8183.651153344189,Two year,Fiber optic,No,Yes,No,Yes,Yes,Yes,No
CUST_03917,35,21,22.55238445571132,224.58747661847968,Month-to-month,DSL,No,No,No,Yes,No,No,No
CUST_03918,49,56,92.72646585927497,7581.378667262236,One year,No,No,No,No,No,No,Yes,No
CUST_03919,73,61,103.10120604856692,3248.603068048139,One year,Fiber optic,Yes,No,Yes,Yes,No,No,Yes
CUST_03920,28,70,32.50136901158098,1691.9529184338396,Two year,Fiber optic,No,Yes,No,Yes,Yes,Yes,Yes
CUST_03921,37,71,33.54586149092363,225.82987876229447,Month-to-month,No,Yes,Yes,Yes,No,No,No,Yes
CUST_03922,41,69,102.22239996967906,692.391531749887,Month-to-month,DSL,No,Yes,Yes,No,Yes,Yes,Yes
CUST_03923,32,29,112.19073887152348,1543.4842594832146,One year,DSL,Yes,Yes,Yes,Yes,Yes,No,No
CUST_03924,65,22,99.07548366741496,313.43760238845687,Two year,No,Yes,Yes,No,Yes,Yes,No,No
CUST_03925,24,31,40.07449491695296,2921.1388919560386,One year,Fiber optic,Yes,Yes,No,Yes,No,Yes,Yes
CUST_03926,38,56,61.152121943422095,477.10216074513363,One year,Fiber optic,Yes,Yes,No,Yes,Yes,Yes,Yes
CUST_03927,59,8,80.08424258659142,5914.61491949361,Two year,No,No,No,Yes,Yes,Yes,No,No
CUST_03928,43,30,36.029347382082875,6978.8197537146625,Month-to-month,No,No,Yes,Yes,No,No,No,No
CUST_03929,61,70,41.06024926325083,7554.696957997169,One year,DSL,No,No,Yes,Yes,No,Yes,No
CUST_03930,73,8,48.2886072068555,4712.676720142416,One year,DSL,No,Yes,Yes,Yes,Yes,Yes,No
CUST_03931,31,12,70.95132702908364,8050.680145910869,Two year,No,No,No,Yes,Yes,No,Yes,No
CUST_03932,74,57,71.08048871775475,147.42178470204146,Two year,Fiber optic,Yes,No,Yes,Yes,No,No,No
CUST_03933,54,2,101.42945193475526,1225.7539061786306,One year,DSL,No,Yes,No,Yes,No,Yes,Yes
CUST_03934,75,34,95.30102006876255,2562.594238139687,Month-to-month,No,Yes,No,Yes,No,Yes,Yes,Yes
CUST_03935,38,20,111.3735675109942,6727.8053124155895,Two year,Fiber optic,No,Yes,No,Yes,No,Yes,No
CUST_03936,35,63,103.29017228245964,7537.268777124399,One year,DSL,Yes,No,Yes,Yes,Yes,No,No
CUST_03937,22,51,45.38775483056547,5292.329390971054,Month-to-month,No,No,No,Yes,No,Yes,Yes,No
CUST_03938,20,33,53.12967693039999,3319.185293036764,Two year,No,Yes,No,No,Yes,Yes,Yes,No
CUST_03939,40,34,70.04232436325339,5693.103070122937,Two year,Fiber optic,Yes,Yes,No,Yes,Yes,Yes,No
CUST_03940,43,14,21.42711345636446,1619.5547250046754,One year,Fiber optic,No,No,No,Yes,Yes,Yes,No
CUST_03941,54,5,110.39020062837214,3946.1420382484293,Two year,No,Yes,No,No,No,No,No,Yes
CUST_03942,41,31,24.43442125623392,4363.370425915636,One year,Fiber optic,Yes,Yes,No,No,Yes,No,No
CUST_03943,66,51,52.244127081663635,980.9182564942026,Two year,No,No,Yes,No,No,Yes,Yes,No
CUST_03944,36,27,76.91747911964066,384.53034586149283,Month-to-month,Fiber optic,Yes,No,No,Yes,Yes,Yes,No
CUST_03945,68,63,71.78413886068658,6400.886177741228,Month-to-month,Fiber optic,Yes,Yes,Yes,Yes,No,No,Yes
CUST_03946,42,18,85.44598928258748,4591.533417949552,Two year,DSL,No,Yes,Yes,Yes,Yes,No,No
CUST_03947,38,14,72.7520175294209,2890.805095774658,One year,DSL,Yes,Yes,Yes,Yes,No,No,No
CUST_03948,29,5,42.90014257030344,3772.720505953661,Two year,Fiber optic,Yes,Yes,Yes,No,No,No,Yes
CUST_03949,74,37,40.10781877938719,8144.7086712436885,One year,No,Yes,No,No,No,No,No,No
CUST_03950,78,25,110.72470690754986,3333.275684077185,Two year,Fiber optic,Yes,Yes,No,Yes,Yes,No,No
CUST_03951,58,50,46.396673673559256,969.2255038916938,Month-to-month,DSL,No,No,Yes,No,Yes,Yes,Yes
CUST_03952,50,52,48.09772338795135,3994.258308332087,One year,No,No,Yes,No,Yes,Yes,Yes,No
CUST_03953,67,55,61.29528961003446,5543.606337215777,Month-to-month,Fiber optic,No,Yes,Yes,Yes,No,Yes,No
CUST_03954,70,58,33.9438327149974,201.75017523908878,Month-to-month,Fiber optic,No,Yes,No,No,Yes,Yes,Yes
CUST_03955,21,69,70.72728444232405,2891.6607041275165,Month-to-month,Fiber optic,No,No,Yes,No,Yes,No,Yes
CUST_03956,59,57,86.50317617021314,3405.521129095778,Two year,Fiber optic,No,No,Yes,No,No,Yes,No
CUST_03957,74,12,98.60004920773669,3995.204704417144,One year,DSL,Yes,No,Yes,Yes,Yes,No,No
CUST_03958,24,42,91.14542418642291,2634.1472268654247,Month-to-month,DSL,Yes,No,No,Yes,No,No,No
CUST_03959,39,50,34.76359640802637,5702.146971113336,One year,DSL,Yes,Yes,Yes,No,Yes,No,Yes
CUST_03960,72,18,65.60671449709238,8035.557479296823,One year,DSL,No,No,Yes,No,Yes,Yes,No
CUST_03961,50,20,23.858620080817843,7777.584678733609,Month-to-month,No,No,Yes,Yes,No,No,No,No
CUST_03962,34,23,21.779799672094928,5680.90468439574,Two year,No,Yes,No,No,No,No,Yes,No
CUST_03963,41,25,64.01304182738006,4357.8261556117,Month-to-month,No,Yes,Yes,Yes,No,Yes,No,No
CUST_03964,78,44,45.296049445762904,7036.847062109939,Month-to-month,Fiber optic,No,No,No,Yes,Yes,Yes,No
CUST_03965,78,27,88.33607948733628,7121.8723780119335,One year,No,Yes,Yes,No,Yes,Yes,No,No
CUST_03966,51,28,92.42407868134126,7068.413643685438,Two year,DSL,No,Yes,Yes,No,No,Yes,No
CUST_03967,45,16,109.54037245582556,1425.9058781029576,One year,DSL,Yes,No,No,No,Yes,No,No
CUST_03968,75,67,96.06825135390388,313.6316674402974,Two year,Fiber optic,No,No,No,Yes,Yes,No,No
CUST_03969,60,43,24.82441231365417,8358.824641884125,Month-to-month,No,Yes,Yes,No,Yes,No,Yes,No
CUST_03970,58,60,57.16230103577677,8161.095244056182,Two year,Fiber optic,No,Yes,No,No,Yes,No,Yes
CUST_03971,56,67,47.30233517521221,4840.77907146561,One year,Fiber optic,Yes,No,Yes,Yes,Yes,Yes,No
CUST_03972,39,24,58.613244982716125,8441.73522042583,Month-to-month,No,No,Yes,No,No,Yes,Yes,No
CUST_03973,66,66,36.00756589687016,6572.595176050029,Two year,Fiber optic,Yes,No,Yes,Yes,No,No,No
CUST_03974,34,1,29.770410369059345,4445.993541008984,Two year,No,Yes,Yes,No,Yes,Yes,Yes,Yes
CUST_03975,51,48,72.09845425084006,3370.380964003068,One year,No,Yes,No,No,No,No,Yes,Yes
CUST_03976,23,69,92.03813108663944,5080.050959745552,Two year,Fiber optic,No,No,Yes,No,Yes,Yes,Yes
CUST_03977,63,25,90.19109019319428,4432.737653990026,Month-to-month,DSL,Yes,No,No,Yes,No,No,No
CUST_03978,23,71,65.09443221762271,8447.941224290047,Two year,No,Yes,Yes,No,No,No,No,Yes
CUST_03979,51,26,72.22789862889461,4219.866654477591,One year,DSL,No,No,Yes,No,No,Yes,Yes
CUST_03980,18,17,71.63287225086414,7121.737123972121,Two year,DSL,Yes,No,No,No,No,Yes,No
CUST_03981,27,53,89.15703777680562,6934.440114361227,Month-to-month,No,Yes,No,Yes,No,No,No,Yes
CUST_03982,38,0,24.79251759560241,699.8126974486368,Month-to-month,DSL,Yes,No,Yes,Yes,No,No,Yes
CUST_03983,22,60,90.9896108871224,830.8568454093019,Two year,Fiber optic,Yes,No,No,Yes,Yes,Yes,No
CUST_03984,19,2,78.22009007572875,5642.404964331728,Two year,Fiber optic,Yes,Yes,Yes,Yes,No,No,No
CUST_03985,39,67,39.81087146715742,2276.5072565765313,Month-to-month,DSL,Yes,Yes,No,Yes,Yes,Yes,Yes
CUST_03986,65,40,24.90588537462645,5623.227091455695,One year,Fiber optic,Yes,Yes,No,Yes,Yes,Yes,Yes
CUST_03987,74,36,30.852779055788844,1314.8575122336522,Month-to-month,No,No,No,Yes,Yes,No,No,Yes
CUST_03988,19,50,72.46913414192696,3435.373108528753,Two year,No,Yes,Yes,No,No,Yes,Yes,No
CUST_03989,27,14,95.84085300912828,960.7502371349054,Two year,DSL,No,No,Yes,Yes,Yes,Yes,No
CUST_03990,51,7,53.465728712450115,2469.5818452513704,One year,Fiber optic,Yes,Yes,No,No,Yes,No,No
CUST_03991,33,37,57.91239107052217,841.7081569044386,Month-to-month,DSL,No,Yes,Yes,No,No,No,No
CUST_03992,65,55,113.41464150461124,8252.860703660503,Month-to-month,Fiber optic,No,Yes,Yes,No,Yes,No,No
CUST_03993,68,46,41.3013084032576,3418.4908499031108,One year,No,Yes,Yes,Yes,Yes,Yes,Yes,No
CUST_03994,78,9,30.374942457535163,7669.985650344763,Month-to-month,Fiber optic,No,No,Yes,Yes,Yes,No,Yes
CUST_03995,56,48,54.341011380001795,8257.842859842325,One year,Fiber optic,Yes,Yes,Yes,No,No,Yes,Yes
CUST_03996,39,40,94.59221194922738,7740.326345071604,Month-to-month,DSL,No,Yes,Yes,Yes,No,Yes,No
CUST_03997,29,29,82.60772910561319,3921.6611806761543,One year,No,No,No,No,Yes,Yes,Yes,No
CUST_03998,41,4,61.57954393695692,6642.737299689281,One year,Fiber optic,No,Yes,No,No,Yes,Yes,No
CUST_03999,64,70,116.47525328318305,1391.075663542218,One year,No,No,Yes,No,No,No,No,Yes
CUST_04000,57,30,93.49964382945733,896.5939560813541,Two year,Fiber optic,Yes,No,No,Yes,Yes,No,No
CUST_04001,55,51,26.186142438329377,7465.972329778115,Two year,No,Yes,Yes,Yes,Yes,Yes,Yes,No
CUST_04002,77,22,94.46314438540483,361.4092239072865,Two year,Fiber optic,No,Yes,Yes,Yes,No,Yes,No
CUST_04003,76,47,22.403855590585835,8267.549747536228,Month-to-month,No,No,No,Yes,Yes,Yes,No,No
CUST_04004,27,39,85.03233231174055,5745.9245925385485,One year,Fiber optic,Yes,No,Yes,No,Yes,Yes,No
CUST_04005,52,5,41.048283629265875,3624.7493797651146,Month-to-month,No,No,Yes,No,Yes,Yes,Yes,No
CUST_04006,68,37,89.64422090375577,1287.5527416008638,Month-to-month,Fiber optic,No,Yes,Yes,No,No,Yes,No
CUST_04007,66,40,50.97795666477961,6175.1416680195825,One year,Fiber optic,Yes,Yes,Yes,No,No,Yes,No
CUST_04008,49,26,107.30063079555649,4830.138736988164,Two year,No,No,No,Yes,No,No,Yes,No
CUST_04009,24,68,53.69138365914605,6073.466862551182,Month-to-month,DSL,No,No,No,No,No,No,No
CUST_04010,38,56,81.9695855404297,3610.5465272829365,Month-to-month,Fiber optic,No,Yes,No,Yes,Yes,No,No
CUST_04011,37,16,48.59275596539883,656.5846977116582,Month-to-month,Fiber optic,Yes,No,No,No,No,No,No
CUST_04012,43,70,111.72215451421782,2745.7664846261064,Two year,DSL,No,No,No,Yes,No,No,No
CUST_04013,21,46,98.09959810281724,2746.1743270034026,One year,Fiber optic,No,Yes,Yes,Yes,No,Yes,Yes
CUST_04014,63,12,44.33028763446031,172.90493003635126,One year,No,Yes,No,No,No,Yes,No,No
CUST_04015,69,10,114.87967125586596,180.48052683095744,Month-to-month,DSL,Yes,No,No,No,Yes,Yes,No
CUST_04016,39,23,55.715758957622825,2878.369612483724,One year,Fiber optic,Yes,No,Yes,Yes,No,Yes,Yes
CUST_04017,32,3,85.18649476671875,6212.036432313385,Two year,No,Yes,No,No,No,Yes,No,Yes
CUST_04018,73,45,94.28532311143964,5341.967335501749,One year,No,Yes,Yes,No,No,No,No,No
CUST_04019,57,17,22.290216146491233,2107.748232334676,Month-to-month,DSL,No,No,Yes,Yes,Yes,Yes,No
CUST_04020,38,42,115.89673461572463,5163.206278246238,Month-to-month,DSL,No,Yes,No,No,No,No,No
CUST_04021,32,32,54.44413060873649,5537.97180269973,One year,DSL,No,Yes,No,No,Yes,Yes,No
CUST_04022,39,9,38.97788934312243,4489.5873517299915,Month-to-month,No,No,Yes,No,No,No,Yes,No
CUST_04023,69,58,105.07077917284981,4479.373391569309,Two year,Fiber optic,No,Yes,No,Yes,Yes,Yes,No
CUST_04024,45,30,90.28992828234144,3205.8821337261697,Two year,No,Yes,No,Yes,No,Yes,No,No
CUST_04025,31,27,28.674327262335257,1136.5126555271888,Two year,No,Yes,Yes,Yes,Yes,No,Yes,No
CUST_04026,44,59,31.704458137676955,3338.0639204235667,Two year,DSL,Yes,Yes,No,Yes,No,No,No
CUST_04027,78,2,91.5191870653649,3000.808255633351,Month-to-month,Fiber optic,Yes,No,Yes,No,Yes,No,Yes
CUST_04028,58,54,27.478325595908398,5072.569780158889,Month-to-month,No,No,No,Yes,Yes,Yes,No,No
CUST_04029,57,13,111.71754351240651,7292.5854176395105,One year,DSL,Yes,No,No,No,No,Yes,No
CUST_04030,75,57,94.15401369476332,3253.1513846592343,Month-to-month,DSL,No,Yes,No,No,No,Yes,No
CUST_04031,45,14,53.54922059669888,6061.776334357355,One year,Fiber optic,No,Yes,Yes,Yes,Yes,Yes,No
CUST_04032,43,1,56.293877922533824,6919.375170970335,Month-to-month,Fiber optic,Yes,No,Yes,Yes,Yes,No,No
CUST_04033,66,23,70.64960962041013,1878.7127153386878,One year,DSL,No,No,No,No,No,Yes,No
CUST_04034,19,63,56.09694136485402,7673.861485789636,One year,Fiber optic,Yes,Yes,Yes,Yes,No,Yes,No
CUST_04035,42,70,98.34685514383158,691.737480706629,Two year,Fiber optic,Yes,No,Yes,Yes,Yes,No,No
CUST_04036,73,23,117.47369441016157,7674.442445900603,One year,No,Yes,No,No,Yes,Yes,Yes,Yes
CUST_04037,79,26,78.45215154381931,1474.516298085197,One year,Fiber optic,Yes,Yes,No,No,Yes,Yes,No
CUST_04038,20,36,64.6037327667529,2932.224663808251,One year,DSL,Yes,No,No,No,No,No,No
CUST_04039,25,38,42.27741402682172,5183.975849412572,One year,Fiber optic,No,No,No,No,Yes,Yes,No
CUST_04040,61,62,85.34334192478002,7707.740272474932,One year,No,No,No,Yes,No,No,Yes,Yes
CUST_04041,50,25,88.55768618153971,2247.892100747976,Two year,Fiber optic,No,No,No,No,Yes,Yes,No
CUST_04042,59,64,88.51906070143637,6514.020873119234,One year,No,Yes,No,Yes,Yes,Yes,Yes,Yes
CUST_04043,69,3,22.69850358684923,6067.660789223301,One year,Fiber optic,No,No,Yes,Yes,No,Yes,No
CUST_04044,52,28,109.9122100660471,1441.5536019942037,One year,Fiber optic,No,Yes,No,No,No,No,No
CUST_04045,23,0,53.81065634291767,4127.497134508355,Month-to-month,DSL,No,Yes,Yes,No,No,Yes,No
CUST_04046,56,49,94.41657624816091,4144.64278269211,Month-to-month,DSL,Yes,No,No,Yes,Yes,Yes,No
CUST_04047,69,10,95.98069071003198,2658.739243115861,Two year,Fiber optic,Yes,Yes,No,No,Yes,Yes,Yes
CUST_04048,40,58,85.05549788122396,6651.33905890068,One year,Fiber optic,No,No,Yes,No,No,Yes,No
CUST_04049,42,61,59.486652314429215,7877.844359934028,One year,No,No,Yes,Yes,Yes,Yes,Yes,No
CUST_04050,76,35,80.83842168165256,6119.208652263661,Month-to-month,No,No,No,Yes,No,No,Yes,Yes
CUST_04051,67,55,24.019869125787658,8272.819757391644,One year,DSL,No,Yes,No,No,Yes,No,No
CUST_04052,60,20,96.18957921879063,523.9351570855437,Two year,Fiber optic,Yes,No,No,No,Yes,No,No
CUST_04053,36,12,29.95886483283389,412.6705547509196,One year,Fiber optic,No,No,No,No,No,No,No
CUST_04054,22,8,59.67509257996017,7608.412890943273,Two year,No,No,No,Yes,Yes,No,Yes,No
CUST_04055,68,10,30.36187876649666,7641.52310545146,Month-to-month,Fiber optic,No,Yes,No,No,No,Yes,No
CUST_04056,28,69,103.70744458190946,999.8145947382119,Two year,Fiber optic,Yes,Yes,No,No,Yes,Yes,Yes
CUST_04057,73,0,75.03023934359592,3102.546812178967,Two year,Fiber optic,Yes,Yes,Yes,Yes,Yes,No,No
CUST_04058,29,69,89.09551201692724,7117.314456147967,Two year,No,No,No,Yes,Yes,Yes,No,No
CUST_04059,27,55,88.2582169842613,1179.7416910138254,Two year,No,Yes,Yes,No,No,Yes,No,No
CUST_04060,25,30,104.16062316585044,2346.3958099173396,Two year,No,Yes,Yes,No,No,No,No,No
CUST_04061,41,36,33.256940334513466,5820.366709606806,Two year,Fiber optic,Yes,No,No,Yes,No,No,No
CUST_04062,77,46,85.97281404048842,8347.952057615183,Two year,No,No,No,Yes,Yes,Yes,Yes,No
CUST_04063,45,46,77.51340544036574,6795.966256591295,Two year,DSL,Yes,Yes,No,Yes,No,No,No
CUST_04064,58,68,23.089712257131538,6629.468031640854,Two year,DSL,No,No,No,Yes,Yes,No,No
CUST_04065,53,57,40.14229088228026,2978.3663750055493,Month-to-month,No,Yes,Yes,Yes,Yes,No,No,No
CUST_04066,54,35,46.757154137822084,5655.281802040384,Two year,No,Yes,No,No,Yes,No,No,Yes
CUST_04067,38,31,27.255637542916617,1049.9416270189554,Two year,Fiber optic,No,No,No,Yes,Yes,No,No
CUST_04068,25,63,55.47198058988015,8435.043078741393,One year,No,No,Yes,No,Yes,Yes,Yes,No
CUST_04069,72,70,22.72025087154757,4136.908269133518,One year,No,Yes,No,Yes,No,No,Yes,Yes
CUST_04070,26,41,75.31834922577295,5465.986093420779,One year,DSL,Yes,No,Yes,No,Yes,No,Yes
CUST_04071,64,47,41.15009605797873,7459.843948924211,Two year,DSL,No,No,Yes,No,No,Yes,Yes
CUST_04072,32,29,48.70031055091986,108.10567948593746,Month-to-month,DSL,Yes,No,Yes,No,Yes,No,No
CUST_04073,65,20,111.04716261712841,8298.252391808988,Month-to-month,DSL,No,No,No,No,No,Yes,Yes
CUST_04074,63,59,70.28168491235255,3116.9382222296226,One year,No,No,No,Yes,No,Yes,No,No
CUST_04075,57,12,46.90139312444158,2952.5622277249413,One year,DSL,No,No,Yes,Yes,No,No,No
CUST_04076,35,0,79.84617582480662,1318.5320231782925,Two year,Fiber optic,Yes,No,Yes,No,Yes,No,Yes
CUST_04077,59,64,40.167143486749566,7308.749046381745,Month-to-month,Fiber optic,Yes,No,Yes,Yes,No,Yes,No
CUST_04078,77,32,27.439568576418488,7415.05210128482,Month-to-month,No,No,No,No,No,No,No,Yes
CUST_04079,37,37,22.090635440026865,267.90759113707816,One year,Fiber optic,Yes,No,Yes,No,Yes,Yes,No
CUST_04080,23,24,115.15290453762563,568.0918553358572,Month-to-month,DSL,No,No,No,No,No,No,No
CUST_04081,29,25,92.46108241431163,7814.069949322832,One year,DSL,Yes,Yes,Yes,No,Yes,No,No
CUST_04082,19,58,99.99481482923824,1132.0923111301731,One year,Fiber optic,Yes,No,No,No,Yes,Yes,No
CUST_04083,24,32,118.0917728178832,5315.790697322454,Two year,No,Yes,No,Yes,No,No,No,No
CUST_04084,33,40,113.16287034134395,5305.063781413854,One year,DSL,Yes,No,Yes,No,Yes,Yes,No
CUST_04085,20,29,93.69131986375159,7405.734814912696,Two year,DSL,No,Yes,Yes,No,Yes,No,No
CUST_04086,62,56,89.39870698193194,4910.294485575699,Month-to-month,Fiber optic,Yes,Yes,No,Yes,Yes,Yes,No
CUST_04087,20,48,53.68499969353766,3745.6958550092822,Month-to-month,No,No,Yes,Yes,No,Yes,Yes,No
CUST_04088,44,47,30.401725179510212,8284.798573764783,One year,No,Yes,Yes,No,No,Yes,No,No
CUST_04089,67,71,77.3722548367576,2022.049998391348,One year,Fiber optic,No,No,No,No,No,No,Yes
CUST_04090,60,48,77.62532950885922,2306.8313485387393,Two year,DSL,Yes,No,No,Yes,Yes,No,Yes
CUST_04091,57,46,115.2237285415744,812.065100308307,Two year,Fiber optic,No,No,Yes,Yes,Yes,No,No
CUST_04092,55,55,64.25708066617094,8292.66126410153,Month-to-month,Fiber optic,Yes,Yes,Yes,Yes,No,Yes,Yes
CUST_04093,50,64,89.08076243060684,6033.425754235969,Month-to-month,Fiber optic,No,No,Yes,Yes,Yes,Yes,Yes
CUST_04094,45,11,77.49706273967217,201.61553492776872,One year,DSL,Yes,Yes,Yes,Yes,Yes,Yes,Yes
CUST_04095,18,68,37.676022910104926,6016.237831663915,One year,DSL,Yes,Yes,Yes,Yes,No,Yes,No
CUST_04096,72,5,79.20643077549167,3494.7433333550152,Two year,Fiber optic,Yes,Yes,No,No,No,Yes,No
CUST_04097,25,64,74.011670936282,8227.417410576869,One year,No,No,No,Yes,No,No,No,No
CUST_04098,54,24,69.39059939093555,2430.0550181641015,Two year,Fiber optic,No,No,Yes,No,Yes,No,No
CUST_04099,49,0,71.34229336484748,6066.405245196746,Month-to-month,DSL,Yes,No,Yes,No,Yes,Yes,No
CUST_04100,77,31,36.39879719588705,5370.4468631449245,Month-to-month,No,No,No,No,Yes,No,No,Yes
CUST_04101,65,2,66.34777312306679,201.21978912848914,One year,No,Yes,Yes,Yes,Yes,No,Yes,No
CUST_04102,60,48,80.56532718215968,7535.8222063919375,Two year,DSL,Yes,No,Yes,No,No,Yes,No
CUST_04103,54,18,68.94491986855394,1272.7463469649185,One year,DSL,Yes,No,Yes,No,Yes,No,No
CUST_04104,21,59,68.86861951261473,5674.145743581798,One year,Fiber optic,No,No,Yes,Yes,No,Yes,No
CUST_04105,47,28,27.751770979298577,6614.606986672028,Two year,DSL,No,Yes,No,Yes,Yes,No,No
CUST_04106,23,49,39.07741520167197,5399.7922305870725,One year,No,Yes,Yes,No,Yes,No,No,No
CUST_04107,63,1,52.09726927755007,915.7564871147349,Two year,Fiber optic,No,No,Yes,No,Yes,Yes,No
CUST_04108,71,55,61.93469939259066,8291.504744539405,Two year,Fiber optic,No,No,No,Yes,No,Yes,No
CUST_04109,36,16,79.39374438586043,2089.2704819782675,One year,No,Yes,Yes,No,Yes,No,Yes,No
CUST_04110,49,59,106.33451045230606,5374.064067528499,Two year,DSL,Yes,Yes,No,No,No,No,No
CUST_04111,26,35,35.91647380886539,6796.295689395014,Month-to-month,Fiber optic,No,No,Yes,No,No,Yes,No
CUST_04112,29,60,21.508803021069493,7989.582483214698,Month-to-month,No,Yes,Yes,No,No,Yes,Yes,Yes
CUST_04113,28,16,64.92371307759157,5173.688445749625,Month-to-month,No,Yes,Yes,Yes,No,No,No,No
CUST_04114,63,48,63.21028974116281,2276.0548529701714,Month-to-month,No,No,Yes,Yes,Yes,No,No,No
CUST_04115,72,59,75.19012184951724,7127.767746218518,One year,DSL,No,Yes,No,Yes,No,No,No
CUST_04116,33,19,103.32217713715005,1471.0477139806005,Month-to-month,DSL,No,Yes,No,No,Yes,No,No
CUST_04117,18,49,100.23605509824779,287.17239579699316,Month-to-month,DSL,Yes,Yes,No,Yes,No,No,No
CUST_04118,62,2,30.00432844300112,7728.450410916174,Month-to-month,DSL,Yes,Yes,Yes,Yes,No,No,No
CUST_04119,72,42,113.39953666766738,4933.26724765869,Month-to-month,No,No,No,No,No,No,Yes,Yes
CUST_04120,70,56,31.04143946744447,684.9885228150766,One year,Fiber optic,No,Yes,Yes,No,Yes,No,No
CUST_04121,38,49,83.45705085342361,4969.726851833244,Month-to-month,No,Yes,No,No,Yes,Yes,No,No
CUST_04122,47,67,87.24062935955757,1318.1190139085684,Two year,Fiber optic,No,No,No,No,Yes,Yes,No
CUST_04123,30,49,87.98774872230882,363.6424537336665,Two year,Fiber optic,No,No,No,No,Yes,No,No
CUST_04124,51,36,46.53511716753909,1078.801998922335,One year,Fiber optic,Yes,No,Yes,Yes,Yes,Yes,Yes
CUST_04125,21,45,53.03450917649919,6610.90239945015,One year,DSL,Yes,No,No,No,Yes,Yes,No
CUST_04126,45,41,74.86768751493969,6447.551600434239,One year,No,No,No,Yes,Yes,No,Yes,No
CUST_04127,55,14,39.95874958000984,5176.272333288379,Month-to-month,Fiber optic,No,Yes,No,No,Yes,Yes,No
CUST_04128,75,32,22.03104678333512,1858.357635267568,One year,No,Yes,Yes,Yes,Yes,No,No,No
CUST_04129,48,10,76.21444545085757,6307.323352680592,Month-to-month,DSL,Yes,No,No,No,No,No,No
CUST_04130,76,19,66.52785720120073,3527.580244606568,One year,Fiber optic,Yes,No,No,No,No,No,No
CUST_04131,72,23,85.6731206223462,4390.330383861256,Two year,DSL,Yes,Yes,No,Yes,Yes,No,No
CUST_04132,44,63,34.67005758336599,7640.1818239410995,Two year,DSL,No,Yes,No,Yes,Yes,No,Yes
CUST_04133,22,64,104.09248945898514,3946.0031994002534,Month-to-month,No,Yes,No,No,No,No,Yes,Yes
CUST_04134,42,16,34.62214884605273,5361.475692352521,One year,Fiber optic,Yes,No,No,Yes,No,No,No
CUST_04135,20,60,109.13436048800236,8178.712531438427,Two year,DSL,No,No,Yes,Yes,No,No,Yes
CUST_04136,50,14,64.9521172595703,3891.675150205578,Month-to-month,No,No,Yes,No,No,Yes,No,Yes
CUST_04137,21,50,74.98052593726948,4810.114344818598,Two year,Fiber optic,No,Yes,No,No,No,No,Yes
CUST_04138,42,26,109.65813359639887,5009.082849020963,One year,Fiber optic,Yes,Yes,Yes,Yes,No,Yes,Yes
CUST_04139,37,60,49.9913048477067,2121.977094531136,Month-to-month,DSL,No,No,Yes,No,No,Yes,No
CUST_04140,51,57,38.18269962411515,6290.1453231768,Two year,DSL,Yes,Yes,No,No,Yes,Yes,No
CUST_04141,43,30,64.57516208194536,6203.751037500319,One year,DSL,Yes,No,Yes,No,Yes,Yes,Yes
CUST_04142,79,11,44.43672285277067,1893.8766285637291,Month-to-month,DSL,No,No,Yes,Yes,Yes,Yes,No
CUST_04143,79,45,72.78439115403171,212.039576609906,Two year,Fiber optic,Yes,Yes,No,Yes,Yes,Yes,Yes
CUST_04144,22,30,47.525786444431645,8491.109192775006,Two year,DSL,No,Yes,Yes,No,Yes,Yes,No
CUST_04145,52,31,106.4489535595457,4985.3369568697935,Month-to-month,DSL,No,Yes,No,Yes,No,No,No
CUST_04146,78,31,80.7324592257726,1620.6691559584112,One year,DSL,Yes,No,Yes,No,No,No,No
CUST_04147,45,52,20.02406697429023,2481.950053123307,Month-to-month,Fiber optic,Yes,Yes,Yes,Yes,No,No,Yes
CUST_04148,46,60,100.54737346798248,5289.453154556439,Two year,No,Yes,No,Yes,No,Yes,Yes,No
CUST_04149,26,45,53.02123367261459,1255.970880803875,Two year,No,No,Yes,No,Yes,No,No,Yes
CUST_04150,69,6,52.02079841549571,413.15735171523426,Two year,Fiber optic,No,No,No,Yes,Yes,No,Yes
CUST_04151,55,3,58.30628121344674,6807.230609419845,One year,No,No,Yes,No,Yes,Yes,Yes,No
CUST_04152,67,51,83.02625280840806,6113.108452556101,Two year,Fiber optic,Yes,No,No,No,No,No,Yes
CUST_04153,23,30,64.2060710394223,2700.6538443170616,Two year,DSL,No,Yes,No,Yes,No,No,No
CUST_04154,36,35,82.86355465697025,591.3275733063808,Month-to-month,No,No,No,No,No,No,Yes,No
CUST_04155,77,53,34.67807216357924,4184.675651123852,Two year,Fiber optic,No,Yes,Yes,No,Yes,Yes,No
CUST_04156,61,53,117.01644645240857,2419.964835374695,Month-to-month,Fiber optic,Yes,Yes,Yes,Yes,No,Yes,No
CUST_04157,74,16,92.9606287083864,3441.345425434641,Two year,DSL,Yes,Yes,No,No,No,No,Yes
CUST_04158,28,29,45.0207107178383,2401.342509555064,Month-to-month,Fiber optic,Yes,Yes,Yes,Yes,No,Yes,No
CUST_04159,19,21,92.41699080747759,1572.2480073777642,Month-to-month,No,No,No,No,Yes,Yes,No,No
CUST_04160,64,42,77.50254562616394,3350.7142094256665,Month-to-month,DSL,No,Yes,No,No,Yes,No,No
CUST_04161,61,26,30.918899640351466,8205.11063721365,Month-to-month,Fiber optic,Yes,No,Yes,No,No,No,No
CUST_04162,61,36,37.81964267881261,2336.314082883723,One year,DSL,Yes,Yes,Yes,No,Yes,No,Yes
CUST_04163,26,45,24.13081419214648,2922.11980999467,Two year,Fiber optic,No,Yes,No,No,No,No,No
CUST_04164,38,34,100.92380716746811,2865.6330816068976,One year,No,No,Yes,No,No,Yes,No,No
CUST_04165,41,3,75.1704752595235,4134.426086240539,Two year,No,No,Yes,Yes,Yes,No,Yes,Yes
CUST_04166,51,25,51.67486486502119,7185.446525859382,Month-to-month,DSL,Yes,No,Yes,No,Yes,No,No
CUST_04167,39,18,32.634490202820004,3477.8297690170184,Two year,Fiber optic,Yes,No,Yes,No,Yes,No,Yes
CUST_04168,20,44,68.40458759603791,6871.642897877552,Month-to-month,DSL,Yes,Yes,No,No,No,No,No
CUST_04169,29,25,72.52613467179387,1066.101719233312,Two year,DSL,Yes,No,No,No,Yes,Yes,Yes
CUST_04170,45,21,90.19485009805054,7617.2205193297505,Month-to-month,No,No,No,No,Yes,No,No,No
CUST_04171,47,57,116.99372104470915,1656.5543016010504,Two year,DSL,No,Yes,No,No,No,Yes,No
CUST_04172,43,62,63.49455304073747,429.29259229323065,Two year,Fiber optic,No,Yes,No,No,No,Yes,Yes
CUST_04173,65,27,60.60342065943693,1430.177635167332,Two year,No,Yes,No,Yes,No,Yes,Yes,Yes
CUST_04174,38,64,56.99300045901225,1702.2982468414764,Month-to-month,Fiber optic,Yes,No,No,No,Yes,No,No
CUST_04175,45,43,102.6923908966861,4371.434671952216,Two year,DSL,No,Yes,No,Yes,No,No,Yes
CUST_04176,73,42,35.63172213992379,3879.481659125668,Month-to-month,No,Yes,Yes,No,No,No,Yes,No
CUST_04177,43,36,54.381290363508946,6113.3451022263525,One year,Fiber optic,Yes,Yes,Yes,Yes,Yes,Yes,No
CUST_04178,79,65,92.4970804875391,527.9891206667733,Two year,Fiber optic,No,Yes,No,No,No,Yes,No
CUST_04179,50,16,21.56949353424465,4280.732511559109,Month-to-month,DSL,Yes,Yes,Yes,Yes,No,Yes,Yes
CUST_04180,38,39,48.938072360569464,2892.7583061563987,Month-to-month,Fiber optic,Yes,Yes,No,Yes,No,No,Yes
CUST_04181,52,37,84.14471627547098,5397.933189564471,Month-to-month,DSL,No,Yes,No,Yes,No,Yes,No
CUST_04182,69,60,38.59520980008047,467.0776826501549,One year,DSL,No,Yes,Yes,No,Yes,No,Yes
CUST_04183,51,8,50.27105691242712,393.4523949125387,Month-to-month,DSL,No,Yes,Yes,No,No,Yes,No
CUST_04184,58,60,68.60450744832292,3688.9134517288912,One year,DSL,Yes,Yes,No,Yes,Yes,Yes,No
CUST_04185,68,15,62.20235659696871,6915.251625292701,One year,No,No,No,Yes,Yes,Yes,No,No
CUST_04186,64,1,30.602718995537884,5737.190138736307,Month-to-month,Fiber optic,No,No,Yes,Yes,Yes,Yes,No
CUST_04187,35,71,113.82353222556326,240.33117205715365,Two year,Fiber optic,Yes,No,Yes,Yes,Yes,Yes,No
CUST_04188,75,42,24.42927205820928,1599.1655913986278,One year,No,Yes,Yes,No,Yes,No,No,No
CUST_04189,28,41,94.9742756422818,2004.544301946521,Month-to-month,DSL,No,No,No,No,No,No,No
CUST_04190,74,56,27.142277109115746,3653.6949913796357,One year,DSL,No,Yes,No,No,No,No,Yes
CUST_04191,40,66,66.72958030250794,5028.411744943116,Month-to-month,DSL,Yes,Yes,No,Yes,No,Yes,No
CUST_04192,65,29,37.54112916554111,1918.2654607372333,Month-to-month,DSL,Yes,Yes,Yes,No,Yes,No,No
CUST_04193,39,12,34.109779642892526,3313.1194855673,One year,No,Yes,No,No,No,Yes,No,No
CUST_04194,34,18,32.58979765417251,5005.124509547619,Month-to-month,Fiber optic,No,Yes,Yes,No,Yes,No,Yes
CUST_04195,22,6,65.27866366953424,3320.856552773852,One year,DSL,Yes,Yes,No,No,No,Yes,Yes
CUST_04196,61,8,71.54849093872923,1302.6231396309104,Month-to-month,DSL,No,No,No,No,Yes,No,No
CUST_04197,28,53,33.33844935428399,4229.953454521078,Two year,DSL,No,Yes,Yes,Yes,Yes,Yes,Yes
CUST_04198,47,60,117.93957302662395,2821.5512460119653,Two year,Fiber optic,No,No,No,No,No,No,No
CUST_04199,32,1,45.77658868622231,7359.18224546062,One year,Fiber optic,Yes,No,No,No,Yes,Yes,No
CUST_04200,44,49,65.88413396027832,6615.249227988208,One year,No,Yes,Yes,No,No,Yes,Yes,Yes
CUST_04201,52,30,41.6269557601908,1698.3107747629913,One year,Fiber optic,No,No,Yes,No,No,No,No
CUST_04202,50,32,69.39226454495456,1382.1406471790926,One year,Fiber optic,No,No,No,No,Yes,Yes,No
CUST_04203,37,10,95.6016582465182,3020.4840558418005,Two year,DSL,Yes,Yes,Yes,No,Yes,No,No
CUST_04204,78,32,72.11020142944952,3562.265803726176,One year,Fiber optic,No,Yes,Yes,No,Yes,Yes,No
CUST_04205,33,6,48.56488707180552,7928.952471127716,Month-to-month,DSL,Yes,Yes,No,No,Yes,Yes,Yes
CUST_04206,51,30,44.83966087339381,2633.6141915167973,Month-to-month,No,No,Yes,No,No,Yes,Yes,No
CUST_04207,19,47,95.89344062270534,7387.708564935329,One year,DSL,Yes,No,No,Yes,No,Yes,No
CUST_04208,52,46,31.823817572626325,4344.597946571212,Month-to-month,No,No,Yes,No,Yes,Yes,Yes,No
CUST_04209,57,52,56.99664944058695,7539.239294682073,One year,Fiber optic,No,No,Yes,No,Yes,Yes,No
CUST_04210,73,18,35.148271665388535,5996.411729560126,Month-to-month,No,No,Yes,Yes,No,No,No,Yes
CUST_04211,45,5,45.7975829294482,6050.467332118699,Month-to-month,DSL,Yes,No,No,Yes,No,No,No
CUST_04212,64,48,35.26832324849522,4457.898894967642,One year,Fiber optic,Yes,Yes,No,No,Yes,No,No
CUST_04213,56,49,108.67725085424267,7158.553949256374,One year,Fiber optic,Yes,No,No,Yes,No,Yes,No
CUST_04214,23,11,93.19041990130319,2237.1683640302435,Two year,DSL,No,Yes,Yes,Yes,Yes,Yes,No
CUST_04215,26,22,76.09272460442614,7721.750680741699,One year,Fiber optic,No,No,No,Yes,Yes,No,Yes
CUST_04216,37,53,42.442522249553306,5448.917182302125,Two year,DSL,Yes,Yes,No,Yes,No,Yes,No
CUST_04217,77,68,71.02268271991949,3785.154772537216,One year,No,Yes,No,No,No,Yes,No,No
CUST_04218,18,58,72.08332064475724,8350.395188690678,Month-to-month,No,Yes,Yes,Yes,Yes,No,No,No
CUST_04219,25,35,79.04037256539061,7340.9184980577775,Two year,Fiber optic,No,Yes,Yes,No,Yes,No,No
CUST_04220,72,2,26.008515722273145,6584.976507786276,Month-to-month,DSL,Yes,Yes,No,No,No,Yes,No
CUST_04221,40,57,117.29019711967062,2400.780756979128,One year,DSL,Yes,Yes,Yes,No,No,No,Yes
CUST_04222,20,54,66.54389706003232,8279.421883632142,One year,No,No,Yes,No,Yes,Yes,Yes,No
CUST_04223,21,56,112.65317740991033,6341.095023738029,One year,DSL,Yes,No,No,Yes,No,No,No
CUST_04224,75,16,20.980811471397637,5183.825185843949,One year,Fiber optic,Yes,No,Yes,Yes,Yes,Yes,No
CUST_04225,42,38,44.75583956353089,7843.113523711996,Two year,Fiber optic,Yes,No,No,No,Yes,Yes,No
CUST_04226,64,67,30.39955703133356,1462.3261282046851,Two year,No,Yes,Yes,Yes,No,Yes,No,Yes
CUST_04227,55,54,96.96161773547716,1267.7348432199246,One year,DSL,Yes,Yes,Yes,Yes,Yes,Yes,Yes
CUST_04228,32,44,52.01250495947112,4835.1926808823855,Month-to-month,Fiber optic,No,No,No,No,No,Yes,Yes
CUST_04229,38,0,104.04925084157469,576.39421171813,Two year,Fiber optic,Yes,Yes,No,Yes,Yes,No,No
CUST_04230,52,20,103.2385365715857,5677.489639682932,Month-to-month,Fiber optic,Yes,No,No,Yes,No,No,Yes
CUST_04231,74,20,86.77947928065699,2122.2255601712063,One year,DSL,Yes,Yes,No,No,No,No,Yes
CUST_04232,70,51,86.57818035439772,1099.8232547217995,Two year,No,Yes,No,No,No,Yes,Yes,Yes
CUST_04233,70,42,90.0159692073135,3539.7651382484155,Two year,No,No,No,Yes,Yes,Yes,No,No
CUST_04234,63,51,87.37638346297746,4013.976861470735,Two year,Fiber optic,Yes,No,Yes,Yes,Yes,Yes,No
CUST_04235,69,66,58.69083576843491,1532.072856726997,Month-to-month,No,No,Yes,Yes,No,Yes,No,No
CUST_04236,31,43,88.2827644568546,448.89627603151035,One year,Fiber optic,Yes,No,Yes,No,No,No,No
CUST_04237,53,31,109.74069691923586,3578.0669664060347,One year,Fiber optic,Yes,No,Yes,No,No,No,No
CUST_04238,29,9,53.25734918766236,6480.021222302811,Two year,DSL,Yes,Yes,No,No,No,No,No
CUST_04239,34,63,114.48890262149536,7443.278073048581,Two year,Fiber optic,No,Yes,Yes,Yes,Yes,Yes,No
CUST_04240,56,68,21.358158789876974,919.4056706844376,One year,Fiber optic,Yes,Yes,No,Yes,Yes,Yes,No
CUST_04241,26,67,54.90825382652372,4507.273889294543,Month-to-month,DSL,Yes,No,No,Yes,Yes,Yes,No
CUST_04242,52,27,33.209840172874024,2312.5851059736324,Two year,DSL,Yes,Yes,Yes,Yes,No,No,No
CUST_04243,77,52,32.661982904502366,3246.9245046640785,Month-to-month,No,Yes,Yes,Yes,Yes,Yes,Yes,No
CUST_04244,30,50,101.54294940115683,7940.911369983214,Month-to-month,DSL,Yes,Yes,Yes,Yes,No,Yes,No
CUST_04245,32,52,111.83683147501229,3057.4280927434343,One year,Fiber optic,No,Yes,No,Yes,Yes,Yes,No
CUST_04246,35,3,97.77582542329856,3168.9058134979455,One year,DSL,Yes,Yes,No,Yes,No,Yes,No
CUST_04247,68,16,117.66157189925599,1858.9249362579267,Month-to-month,DSL,No,No,No,No,Yes,Yes,Yes
CUST_04248,50,66,41.63289701662707,8164.154711417186,Month-to-month,No,No,No,Yes,No,Yes,No,No
CUST_04249,23,46,34.07999122096905,3934.4937959463805,One year,DSL,No,Yes,No,Yes,No,Yes,No
CUST_04250,76,55,72.07037820396135,4891.293926076809,Two year,Fiber optic,Yes,Yes,No,No,No,Yes,No
CUST_04251,44,22,102.9037614742618,3906.611975331758,Month-to-month,Fiber optic,No,Yes,Yes,Yes,No,No,No
CUST_04252,40,17,23.98390908380597,2224.520244816459,Two year,Fiber optic,Yes,No,No,Yes,No,Yes,No
CUST_04253,76,0,119.5565660999882,6907.4659503842895,Month-to-month,DSL,No,No,No,No,No,No,No
CUST_04254,44,34,80.22459292053227,339.15829736529776,One year,DSL,Yes,No,Yes,Yes,No,Yes,No
CUST_04255,51,63,117.89418121813775,5898.0448127702275,Two year,Fiber optic,Yes,Yes,No,No,No,Yes,No
CUST_04256,73,57,56.508163323377694,5091.89160903456,One year,DSL,Yes,No,Yes,Yes,No,Yes,Yes
CUST_04257,63,58,65.80238205335893,1311.957465785493,Month-to-month,No,Yes,No,Yes,Yes,No,No,Yes
CUST_04258,55,0,95.23614423973922,1493.6023721257911,One year,No,Yes,No,No,No,No,Yes,Yes
CUST_04259,31,2,99.27004505613186,5637.494938367303,Two year,No,No,Yes,No,No,No,No,No
CUST_04260,53,66,43.30330533502403,2721.9658499714806,One year,No,Yes,No,Yes,Yes,Yes,No,No
CUST_04261,70,36,112.98010863077228,2332.199856591705,Two year,Fiber optic,No,No,No,No,No,Yes,No
CUST_04262,25,28,106.74231218347286,596.911202513146,One year,DSL,Yes,No,No,No,No,Yes,No
CUST_04263,79,32,21.820530310319857,6538.457950311387,One year,No,Yes,Yes,Yes,No,No,Yes,No
CUST_04264,52,60,32.8568105855183,7514.444256525421,Two year,Fiber optic,Yes,No,Yes,No,No,No,No
CUST_04265,36,3,69.60971064070674,6986.692554496164,Two year,No,Yes,Yes,Yes,No,No,Yes,Yes
CUST_04266,47,13,66.09555141131827,4014.68660380031,Two year,DSL,Yes,Yes,Yes,Yes,Yes,No,No
CUST_04267,31,32,90.83908550348353,4585.233832076725,Month-to-month,No,Yes,No,Yes,Yes,Yes,No,No
CUST_04268,76,21,28.971137605303404,2135.120029471382,One year,No,Yes,Yes,Yes,No,No,Yes,Yes
CUST_04269,37,47,84.48553066971266,1551.9798111178036,Two year,No,Yes,No,No,No,No,No,Yes
CUST_04270,66,2,81.63699311345823,7013.209869087295,Month-to-month,No,Yes,No,No,Yes,No,No,No
CUST_04271,42,22,43.361959847804435,6806.090948576574,Month-to-month,DSL,No,Yes,Yes,No,No,Yes,No
CUST_04272,57,67,74.23939642683995,6629.822558869892,Two year,Fiber optic,No,No,Yes,No,Yes,Yes,No
CUST_04273,41,20,42.220720699598196,3992.218173740132,Two year,No,No,No,Yes,No,No,No,No
CUST_04274,31,42,34.69230271006063,7361.865191094297,Two year,Fiber optic,Yes,No,Yes,Yes,Yes,Yes,No
CUST_04275,43,25,77.31349346540705,7880.349382546843,Month-to-month,DSL,No,Yes,Yes,Yes,Yes,No,Yes
CUST_04276,55,40,117.74742783005703,2858.0924950889357,Month-to-month,DSL,Yes,Yes,No,Yes,Yes,No,No
CUST_04277,40,37,43.693334917174504,1987.433730954989,One year,No,Yes,Yes,Yes,No,Yes,No,No
CUST_04278,39,10,55.53361493551519,3999.809458518259,Month-to-month,Fiber optic,Yes,No,No,No,No,No,No
CUST_04279,65,28,45.65732259900467,1606.341396066577,Two year,No,No,No,Yes,Yes,Yes,No,No
CUST_04280,74,59,46.645982164649475,7525.624235175133,One year,DSL,No,Yes,No,No,No,Yes,No
CUST_04281,36,66,60.419213418668065,2939.120200653263,One year,No,Yes,Yes,No,No,Yes,Yes,No
CUST_04282,63,64,90.18555106506201,4939.843006940845,One year,No,Yes,No,Yes,No,No,No,Yes
CUST_04283,68,60,23.880452403094516,5095.6437656198505,One year,Fiber optic,No,Yes,Yes,Yes,No,Yes,Yes
CUST_04284,20,18,115.71241956855602,4425.89819490553,Two year,DSL,No,No,Yes,No,Yes,Yes,No
CUST_04285,59,45,24.627987948924748,1414.8159591540257,One year,No,No,Yes,No,Yes,Yes,Yes,No
CUST_04286,36,48,108.12531819445597,8424.40537678432,Two year,No,No,No,Yes,No,Yes,Yes,No
CUST_04287,26,21,109.43780987619989,1549.8671256254895,Month-to-month,No,No,No,Yes,No,Yes,No,Yes
CUST_04288,45,56,72.44891875915232,6412.661828795643,Two year,Fiber optic,No,No,No,No,No,No,No
CUST_04289,37,13,33.69968286189675,6747.448142063336,One year,DSL,No,Yes,No,Yes,Yes,Yes,Yes
CUST_04290,62,43,76.51459705569438,1319.3751502346904,Month-to-month,No,No,No,Yes,No,Yes,No,No
CUST_04291,24,15,82.86321599028497,7938.573497018994,Month-to-month,No,No,Yes,Yes,No,No,No,No
CUST_04292,31,11,105.77589578071112,4197.173606072918,Month-to-month,No,Yes,No,Yes,Yes,No,No,No
CUST_04293,26,54,75.08953757695697,5382.616851968568,One year,DSL,Yes,No,Yes,No,No,No,No
CUST_04294,76,50,61.07093959033382,5494.362870692288,Two year,Fiber optic,Yes,No,Yes,No,No,No,No
CUST_04295,77,38,103.82911938541139,4341.623054975326,Two year,Fiber optic,Yes,Yes,Yes,No,No,Yes,Yes
CUST_04296,72,32,118.0951797352619,1292.9851706176912,One year,No,No,No,Yes,Yes,Yes,No,Yes
CUST_04297,74,32,84.51032051579332,6414.728206286913,One year,No,Yes,Yes,No,Yes,Yes,No,Yes
CUST_04298,77,28,107.43870373028095,4987.001015037335,Month-to-month,Fiber optic,Yes,No,No,Yes,Yes,No,No
CUST_04299,36,68,79.87351128290642,1096.9171681620214,Two year,Fiber optic,Yes,No,No,No,No,Yes,No
CUST_04300,64,69,88.97879914103056,5982.704536522312,One year,Fiber optic,No,Yes,No,No,Yes,Yes,No
CUST_04301,69,30,88.81671175489188,6003.211390774521,One year,No,No,Yes,Yes,Yes,Yes,No,No
CUST_04302,31,30,90.47869868402653,4707.2861472056875,Two year,No,No,No,Yes,Yes,Yes,No,Yes
CUST_04303,73,45,52.10134439286336,860.6100064491715,Month-to-month,Fiber optic,Yes,Yes,No,Yes,No,Yes,Yes
CUST_04304,55,51,77.56613962717122,3062.2098615485256,Month-to-month,Fiber optic,Yes,No,No,Yes,No,No,No
CUST_04305,70,9,79.41355839737955,527.7625040642881,Month-to-month,DSL,Yes,Yes,Yes,Yes,Yes,Yes,No
CUST_04306,78,40,51.5071626713232,4111.806558141687,Two year,No,Yes,No,Yes,Yes,Yes,No,No
CUST_04307,53,2,54.98523677036637,7714.155907909964,One year,DSL,No,Yes,No,Yes,Yes,No,No
CUST_04308,57,58,96.22467650167147,118.92505394855931,One year,Fiber optic,No,Yes,No,No,Yes,No,No
CUST_04309,34,51,78.27238406172492,2339.7646855562625,One year,No,Yes,Yes,No,No,No,No,Yes
CUST_04310,47,33,34.92111479631686,6818.816449643914,One year,No,Yes,Yes,No,Yes,No,Yes,No
CUST_04311,26,48,103.76369886828724,182.83100410149476,Two year,DSL,No,No,Yes,No,No,No,No
CUST_04312,50,27,108.31142870743197,185.45687118645634,Month-to-month,DSL,Yes,Yes,Yes,Yes,No,Yes,No
CUST_04313,73,12,66.6141147957814,5230.876123192952,Month-to-month,DSL,No,Yes,Yes,No,No,Yes,No
CUST_04314,69,68,40.8907432022927,6729.277957108109,Month-to-month,DSL,No,Yes,No,No,Yes,Yes,Yes
CUST_04315,42,66,114.76064954049053,6622.645506720034,Month-to-month,No,No,No,Yes,Yes,No,Yes,No
CUST_04316,31,60,108.22695645195763,6648.455374294011,One year,Fiber optic,Yes,No,No,No,No,Yes,No
CUST_04317,28,59,44.43817463418385,3132.4532964683917,One year,Fiber optic,No,Yes,Yes,No,Yes,No,No
CUST_04318,70,70,29.55937363026974,7514.882811905453,Two year,Fiber optic,Yes,No,No,No,No,Yes,Yes
CUST_04319,52,23,64.06536075491067,207.8190517325899,Month-to-month,DSL,Yes,No,No,No,Yes,Yes,No
CUST_04320,58,62,87.63969864937395,2722.3853888873236,One year,Fiber optic,No,Yes,Yes,Yes,No,No,No
CUST_04321,76,60,37.538858521994406,2932.3766366172754,One year,DSL,Yes,No,Yes,Yes,No,Yes,Yes
CUST_04322,31,22,71.3212658431748,1490.7974568841455,One year,DSL,Yes,Yes,Yes,No,No,Yes,No
CUST_04323,47,29,62.54154942725167,2924.2981731336336,Month-to-month,Fiber optic,No,Yes,No,No,Yes,No,Yes
CUST_04324,58,59,109.05511487694656,5021.426692437716,One year,Fiber optic,Yes,No,No,Yes,Yes,Yes,No
CUST_04325,21,17,62.95666328071286,4470.346226658013,Month-to-month,Fiber optic,Yes,No,No,No,Yes,Yes,No
CUST_04326,76,55,73.37763937350377,2783.189812110135,Month-to-month,No,Yes,Yes,Yes,Yes,No,No,Yes
CUST_04327,21,52,115.52861960018222,6394.351114932627,Two year,DSL,Yes,Yes,No,No,Yes,Yes,Yes
CUST_04328,45,6,49.96917658745646,6104.240858877581,Two year,No,Yes,Yes,Yes,No,Yes,Yes,No
CUST_04329,25,68,48.89909319419414,2457.8504074756997,Month-to-month,Fiber optic,Yes,No,No,No,No,No,No
CUST_04330,19,71,99.95950799420427,2815.118499334507,Month-to-month,No,Yes,No,Yes,Yes,No,No,No
CUST_04331,58,51,47.75389861439687,2515.1696685098723,Month-to-month,No,Yes,No,No,No,No,Yes,No
CUST_04332,78,3,103.1865870073205,1182.3497986942104,One year,Fiber optic,Yes,No,Yes,Yes,No,No,No
CUST_04333,63,33,29.553560936164494,6423.36580087118,One year,Fiber optic,Yes,Yes,Yes,Yes,Yes,Yes,No
CUST_04334,39,68,31.12612473094684,488.7226883280921,One year,DSL,No,No,No,Yes,Yes,Yes,No
CUST_04335,58,32,110.13233741627718,1364.8761504687513,Two year,DSL,Yes,No,No,Yes,Yes,No,No
CUST_04336,73,68,74.08122824824352,984.5579490819184,Month-to-month,No,No,No,No,No,No,Yes,No
CUST_04337,72,37,91.88142666942387,7032.847394404408,One year,Fiber optic,Yes,Yes,No,Yes,No,No,Yes
CUST_04338,33,25,42.52888918625443,469.67152924870834,One year,DSL,Yes,No,Yes,Yes,No,No,No
CUST_04339,46,0,36.627436838210826,5682.869235299094,Two year,DSL,Yes,Yes,No,Yes,Yes,No,No
CUST_04340,79,3,103.49542622326402,473.5866266507492,Two year,No,No,No,Yes,Yes,Yes,No,Yes
CUST_04341,66,38,55.86234070232488,6706.124592943114,Month-to-month,No,Yes,Yes,No,No,Yes,No,No
CUST_04342,65,53,65.50326191219943,7766.7983257074875,Month-to-month,No,Yes,Yes,No,Yes,Yes,Yes,No
CUST_04343,47,32,22.797189727535898,4189.482593010316,One year,Fiber optic,Yes,Yes,Yes,Yes,No,Yes,Yes
CUST_04344,29,32,58.58807341929664,6858.151128503284,One year,DSL,Yes,Yes,No,Yes,No,Yes,No
CUST_04345,52,71,97.04378081249784,6033.848475941918,One year,DSL,No,No,No,Yes,No,No,Yes
CUST_04346,28,19,102.12751772861694,6783.336454257124,One year,DSL,Yes,No,No,No,Yes,No,No
CUST_04347,63,15,89.87547888825418,6540.911676018303,One year,No,No,No,No,Yes,Yes,No,No
CUST_04348,67,20,89.21797335437422,1825.0902234053483,Two year,Fiber optic,Yes,Yes,No,No,Yes,No,No
CUST_04349,38,44,70.62392665971579,4296.295685300232,Month-to-month,No,Yes,Yes,No,Yes,Yes,No,No
CUST_04350,38,61,73.8329329259823,8167.479171861641,Two year,No,No,Yes,Yes,No,No,Yes,No
CUST_04351,22,30,94.26317468131435,2985.67673448453,Month-to-month,Fiber optic,No,Yes,Yes,Yes,No,No,Yes
CUST_04352,65,41,44.73017988277228,8252.09156135134,Month-to-month,Fiber optic,Yes,No,No,Yes,Yes,No,No
CUST_04353,37,11,43.1517068246056,4998.558376043381,Month-to-month,No,No,No,Yes,Yes,Yes,No,Yes
CUST_04354,54,64,114.99248239140546,3977.53590839253,Two year,Fiber optic,Yes,Yes,No,Yes,Yes,Yes,No
CUST_04355,20,2,22.768988675877537,5625.162706220098,One year,No,Yes,No,No,No,No,Yes,No
CUST_04356,61,8,33.94654636651815,6953.049037892627,Month-to-month,DSL,Yes,Yes,No,Yes,Yes,Yes,No
CUST_04357,50,50,77.03324262012481,3411.3485007462937,Month-to-month,Fiber optic,No,No,Yes,No,Yes,No,No
CUST_04358,70,15,93.78348386983485,376.8150709629587,Two year,DSL,No,No,Yes,Yes,Yes,No,No
CUST_04359,78,2,73.78910829850118,6053.972902951456,Two year,Fiber optic,Yes,Yes,No,Yes,Yes,No,No
CUST_04360,26,23,55.506399616488416,8131.800989778035,One year,No,Yes,No,No,No,No,Yes,No
CUST_04361,78,12,117.79761193529676,5349.8878623212395,One year,No,Yes,Yes,No,Yes,No,No,Yes
CUST_04362,26,1,90.38526851328459,1682.681619781976,Month-to-month,No,No,No,Yes,No,No,No,No
CUST_04363,21,70,103.13908410670791,2185.2372703213273,Two year,No,No,Yes,Yes,Yes,No,Yes,Yes
CUST_04364,52,20,24.024687418820406,7741.906036503544,One year,No,Yes,Yes,No,Yes,No,Yes,Yes
CUST_04365,34,18,43.59201104733837,213.92160307755336,One year,No,Yes,Yes,No,No,Yes,Yes,Yes
CUST_04366,51,46,57.417109359158005,4709.471989892707,One year,Fiber optic,No,No,No,Yes,Yes,Yes,Yes
CUST_04367,41,21,38.260139808227805,1432.8922196292285,Two year,Fiber optic,No,No,No,No,Yes,Yes,No
CUST_04368,49,32,27.28992727091472,2475.221255823467,Two year,DSL,No,Yes,Yes,Yes,Yes,Yes,No
CUST_04369,18,31,42.50916645946802,2678.6458557433853,Two year,Fiber optic,No,Yes,Yes,Yes,Yes,Yes,No
CUST_04370,25,63,73.36356312370427,1941.9750810019516,Two year,Fiber optic,Yes,No,Yes,No,Yes,Yes,No
CUST_04371,62,38,89.57452483567053,6755.757326731708,Two year,DSL,No,Yes,Yes,Yes,No,No,No
CUST_04372,40,71,97.4020922965081,2890.557061421574,Month-to-month,DSL,No,Yes,No,Yes,Yes,Yes,No
CUST_04373,64,41,24.293615486771706,3002.073926630519,Month-to-month,No,Yes,No,Yes,No,Yes,No,No
CUST_04374,57,8,62.798617221259114,3905.257235025056,Two year,DSL,No,Yes,No,No,No,Yes,Yes
CUST_04375,29,24,32.221158358536734,7679.280425419549,Month-to-month,DSL,No,Yes,Yes,Yes,No,No,Yes
CUST_04376,71,1,63.120038644467186,5880.653469024137,Two year,Fiber optic,Yes,Yes,Yes,No,No,No,Yes
CUST_04377,29,18,63.39758491202951,618.6975150093326,Month-to-month,No,Yes,No,Yes,No,Yes,No,No
CUST_04378,63,19,69.82116867122437,429.8001367072225,Month-to-month,DSL,Yes,No,No,No,Yes,No,No
CUST_04379,64,69,109.28306262632394,4857.669528447013,One year,No,Yes,Yes,Yes,Yes,No,Yes,No
CUST_04380,32,16,100.50955026240895,7551.308718508546,Two year,No,No,Yes,Yes,Yes,No,Yes,No
CUST_04381,58,67,83.67208451363919,2815.3123984049653,Month-to-month,DSL,Yes,No,Yes,Yes,No,No,No
CUST_04382,36,2,108.54073229335307,2181.2833627782147,Month-to-month,DSL,Yes,Yes,Yes,No,No,No,No
CUST_04383,43,50,87.84686165046233,6384.804780629865,One year,DSL,No,Yes,Yes,Yes,Yes,Yes,Yes
CUST_04384,69,25,101.88549607630752,5157.56747834655,Month-to-month,DSL,Yes,Yes,Yes,Yes,No,Yes,No
CUST_04385,46,55,76.37783009841266,4846.229675797163,One year,No,Yes,No,No,Yes,No,Yes,No
CUST_04386,39,63,72.52182516309006,1354.1300728057454,Month-to-month,Fiber optic,Yes,No,No,Yes,Yes,No,Yes
CUST_04387,57,7,92.40972427723847,1578.0750767522793,One year,No,No,No,No,Yes,Yes,No,No
CUST_04388,38,36,21.96893119757511,2467.017317761804,One year,No,No,Yes,No,No,No,Yes,No
CUST_04389,68,26,89.03775716314235,1837.4470513282702,Two year,No,No,Yes,Yes,No,Yes,Yes,No
CUST_04390,55,44,113.45182184043647,8260.135858390062,Two year,DSL,No,No,No,No,Yes,No,Yes
CUST_04391,37,3,91.39420798267541,256.33253739172187,Month-to-month,DSL,Yes,Yes,No,Yes,No,Yes,No
CUST_04392,74,36,23.67937242972185,5358.873242806322,Two year,Fiber optic,No,No,No,No,No,Yes,No
CUST_04393,46,70,57.78856407727239,4447.830128953681,Two year,Fiber optic,No,Yes,Yes,Yes,Yes,Yes,No
CUST_04394,68,32,100.9581302271286,2815.310381546865,Two year,Fiber optic,Yes,No,Yes,No,No,No,Yes
CUST_04395,21,30,115.860855004442,7555.745181673393,Month-to-month,No,No,No,Yes,Yes,No,No,No
CUST_04396,72,54,57.016335563637725,5729.36565132997,Month-to-month,Fiber optic,No,No,No,Yes,Yes,Yes,No
CUST_04397,24,11,104.1194055876908,8486.176551115102,Two year,No,No,Yes,No,No,Yes,No,No
CUST_04398,45,10,106.3809875301513,1516.710058342477,Two year,DSL,No,Yes,Yes,No,Yes,Yes,No
CUST_04399,45,71,32.328639932605,838.0898212897615,Month-to-month,No,No,No,Yes,No,Yes,No,Yes
CUST_04400,21,31,104.57884667186873,1270.9370467172891,Two year,DSL,Yes,Yes,No,No,Yes,Yes,No
CUST_04401,39,56,52.42498956386151,2362.0441277106083,One year,DSL,Yes,No,No,Yes,No,No,No
CUST_04402,29,37,79.32377215654174,3601.010729170831,Month-to-month,Fiber optic,Yes,No,Yes,Yes,Yes,No,Yes
CUST_04403,62,59,73.8962119356421,7345.867594016321,Month-to-month,DSL,No,No,Yes,Yes,No,No,Yes
CUST_04404,20,18,86.30538637361207,2482.1708371626473,One year,Fiber optic,Yes,No,No,No,No,Yes,Yes
CUST_04405,39,55,94.04646509447302,7788.04380423253,Two year,Fiber optic,Yes,Yes,Yes,Yes,No,Yes,Yes
CUST_04406,61,13,64.08810976185801,3988.4245825996195,One year,Fiber optic,No,No,Yes,Yes,No,No,No
CUST_04407,19,32,108.83108221491324,5535.3881557274535,Two year,No,Yes,Yes,Yes,Yes,No,Yes,No
CUST_04408,41,9,100.94984215615612,2321.0247980699864,Two year,Fiber optic,Yes,No,Yes,Yes,Yes,Yes,Yes
CUST_04409,51,63,98.54210926478598,1410.5160545977185,Month-to-month,Fiber optic,No,No,Yes,No,No,No,No
CUST_04410,44,63,65.82468419342918,7403.4383015276135,Month-to-month,DSL,Yes,No,No,No,No,Yes,No
CUST_04411,72,61,23.757288584461016,1019.8519163693769,Two year,No,Yes,No,No,No,Yes,No,No
CUST_04412,58,67,69.22564063789444,6601.77896844299,One year,Fiber optic,No,No,Yes,No,No,Yes,No
CUST_04413,18,42,109.8445534144183,4980.268171045603,Month-to-month,Fiber optic,No,No,No,Yes,Yes,No,No
CUST_04414,25,58,39.04501556075189,7333.557366102331,Two year,Fiber optic,No,No,No,Yes,No,No,No
CUST_04415,40,51,118.25924720105878,6129.674661624687,Month-to-month,DSL,No,Yes,Yes,No,Yes,No,No
CUST_04416,55,18,100.76906200131714,2465.978457736951,Month-to-month,DSL,No,Yes,Yes,No,Yes,Yes,No
CUST_04417,23,20,90.98297922820647,4925.19181696112,Month-to-month,DSL,No,Yes,No,No,No,No,Yes
CUST_04418,39,21,87.71599579223208,209.81840468575717,One year,Fiber optic,No,Yes,No,Yes,Yes,No,Yes
CUST_04419,42,8,78.70258819337626,4091.8340759284038,One year,Fiber optic,Yes,Yes,No,No,Yes,No,No
CUST_04420,35,8,92.0670323249132,822.5145388050996,Two year,Fiber optic,No,No,Yes,Yes,No,No,No
CUST_04421,34,26,62.19055562193205,3703.1379816067692,One year,Fiber optic,No,No,Yes,Yes,No,Yes,No
CUST_04422,78,16,104.52881080201297,1020.7391871888885,Two year,Fiber optic,Yes,Yes,No,No,No,Yes,No
CUST_04423,29,43,89.63459560952808,8126.0303783414865,Two year,DSL,No,No,Yes,No,No,No,No
CUST_04424,23,44,97.1253112379549,4493.770842224913,Month-to-month,Fiber optic,No,No,No,No,No,Yes,No
CUST_04425,43,7,99.24874221659796,7771.031076323804,Month-to-month,No,No,No,Yes,No,No,Yes,Yes
CUST_04426,44,17,29.207004570890255,287.87627291243314,One year,Fiber optic,Yes,Yes,Yes,No,Yes,Yes,No
CUST_04427,25,32,25.564077268773794,5456.287584607942,Two year,DSL,Yes,Yes,Yes,No,No,Yes,No
CUST_04428,36,0,100.09858684847359,2678.41781618361,Two year,Fiber optic,Yes,Yes,No,Yes,No,No,No
CUST_04429,77,5,45.93840210382462,3727.3635661079848,Month-to-month,No,Yes,No,Yes,No,No,No,No
CUST_04430,59,40,78.19698075118143,7433.9341198033935,Month-to-month,Fiber optic,No,Yes,Yes,No,No,Yes,No
CUST_04431,18,54,64.37108552189862,8332.177195973456,Month-to-month,No,Yes,No,Yes,Yes,No,No,No
CUST_04432,74,4,22.203920366763423,2170.5324172401597,One year,No,Yes,No,Yes,Yes,No,No,No
CUST_04433,46,58,24.02812581662715,8065.327596967734,Two year,DSL,Yes,No,Yes,Yes,No,Yes,No
CUST_04434,62,17,102.71252422787957,5885.30637060644,Two year,No,No,No,No,No,No,Yes,No
CUST_04435,66,48,80.7677561488724,8091.876880601074,Two year,Fiber optic,Yes,No,Yes,Yes,No,No,No
CUST_04436,52,64,72.38430787368449,4823.882788418164,Month-to-month,No,No,Yes,Yes,Yes,Yes,Yes,Yes
CUST_04437,57,53,114.43520834717502,8170.352793928353,One year,Fiber optic,No,Yes,No,No,Yes,No,Yes
CUST_04438,31,60,37.31150259288449,7596.6258484384425,One year,Fiber optic,No,Yes,Yes,No,Yes,No,Yes
CUST_04439,52,7,45.79708396587985,1180.1706262937466,Month-to-month,Fiber optic,Yes,No,Yes,Yes,No,Yes,Yes
CUST_04440,65,2,95.67390782356273,2710.635387654536,One year,Fiber optic,No,Yes,Yes,No,No,Yes,No
CUST_04441,62,24,97.52352279579294,2141.7308087050997,One year,DSL,No,Yes,Yes,No,Yes,Yes,No
CUST_04442,37,68,60.489719643916445,4905.634338822159,Two year,Fiber optic,Yes,No,No,No,No,Yes,No
CUST_04443,73,54,115.097843464376,6843.515224649772,Month-to-month,DSL,Yes,Yes,Yes,Yes,Yes,No,No
CUST_04444,66,39,113.82545777151707,6479.056153849802,Month-to-month,No,No,No,Yes,No,No,Yes,No
CUST_04445,30,49,21.240971506015953,6204.692711181205,Month-to-month,Fiber optic,No,No,Yes,No,No,No,No
CUST_04446,78,32,37.2327902340725,3252.2249561789213,Month-to-month,No,No,No,Yes,Yes,No,Yes,Yes
CUST_04447,55,17,102.02194416838712,1272.9498056737548,Two year,DSL,No,No,No,Yes,No,Yes,No
CUST_04448,66,56,53.52166848260083,1868.9018504802339,One year,Fiber optic,No,Yes,Yes,Yes,Yes,Yes,No
CUST_04449,63,15,29.546267869982838,6330.090661045994,One year,Fiber optic,Yes,Yes,Yes,Yes,No,Yes,No
CUST_04450,66,37,98.49991744235835,1339.2884481003314,Two year,DSL,No,No,No,No,Yes,Yes,Yes
CUST_04451,79,40,65.45835055752094,1972.7523214415771,One year,No,No,Yes,Yes,No,No,Yes,No
CUST_04452,25,6,69.2410786715372,3666.242284137326,Month-to-month,DSL,Yes,Yes,No,No,Yes,No,No
CUST_04453,60,52,38.63693888161713,705.744417774689,Two year,No,No,No,Yes,No,No,No,No
CUST_04454,37,62,86.08950539389278,1886.6133104690905,Two year,No,No,No,No,No,No,Yes,Yes
CUST_04455,77,31,75.12413181226177,1358.0522696663872,Month-to-month,No,No,No,No,No,No,Yes,No
CUST_04456,50,37,40.66729377890758,8091.10297645946,Month-to-month,Fiber optic,Yes,Yes,No,No,No,Yes,No
CUST_04457,43,21,54.03315084392068,1708.8174385770687,Month-to-month,DSL,No,Yes,No,Yes,Yes,Yes,No
CUST_04458,56,15,79.6879287336172,7338.865565431307,One year,Fiber optic,Yes,No,Yes,No,Yes,No,No
CUST_04459,38,51,112.48722554334101,1064.3048066395104,Month-to-month,DSL,Yes,No,Yes,No,Yes,No,No
CUST_04460,70,28,112.03763503214917,7405.254311341061,Two year,No,Yes,No,No,Yes,Yes,No,No
CUST_04461,66,15,48.7905904397483,5135.243804697145,One year,Fiber optic,No,Yes,No,No,Yes,No,No
CUST_04462,79,16,93.56209777598849,7237.529755086791,One year,Fiber optic,Yes,No,No,Yes,No,No,No
CUST_04463,59,63,97.55190805238095,7385.728983713802,Two year,Fiber optic,No,Yes,Yes,Yes,Yes,Yes,No
CUST_04464,60,12,100.88230999827948,5109.537657606236,One year,No,No,No,No,No,Yes,Yes,No
CUST_04465,71,71,77.07622847514801,7808.630888518202,Month-to-month,DSL,Yes,Yes,Yes,Yes,Yes,No,No
CUST_04466,79,55,21.05079980995878,5017.765648470833,Month-to-month,No,No,Yes,Yes,No,No,No,No
CUST_04467,58,4,96.16762854462486,6085.546654178353,Month-to-month,Fiber optic,Yes,No,No,Yes,Yes,Yes,Yes
CUST_04468,26,11,30.659744982935003,3595.0760082181946,Month-to-month,Fiber optic,Yes,Yes,No,Yes,Yes,Yes,Yes
CUST_04469,41,40,31.687138622040184,7778.168633556294,One year,No,No,Yes,Yes,No,Yes,Yes,No
CUST_04470,54,2,80.56248026461526,7022.965326861024,Two year,Fiber optic,No,Yes,No,No,Yes,No,Yes
CUST_04471,66,32,118.35205210253017,1500.3901375821908,One year,Fiber optic,No,No,No,Yes,No,Yes,No
CUST_04472,58,49,44.25394732657998,4941.65794171947,Two year,DSL,No,Yes,Yes,Yes,No,No,Yes
CUST_04473,34,55,84.58108800512076,7633.3495643303495,Two year,DSL,No,Yes,No,No,Yes,No,No
CUST_04474,41,8,50.365364573760104,6761.741746735188,Month-to-month,DSL,Yes,Yes,No,No,No,No,No
CUST_04475,38,49,109.87261136105296,8185.44335755513,One year,DSL,No,No,Yes,Yes,No,No,No
CUST_04476,68,28,79.3516892113864,2042.934170359796,Month-to-month,DSL,No,No,No,No,Yes,No,Yes
CUST_04477,76,38,40.747732765647086,3186.6609182960156,One year,DSL,No,No,No,Yes,No,No,No
CUST_04478,56,44,46.21310504454283,4360.411859352303,One year,Fiber optic,Yes,Yes,Yes,No,No,No,No
CUST_04479,72,16,63.2480730418121,2054.4210282290255,Month-to-month,Fiber optic,Yes,No,No,No,No,No,Yes
CUST_04480,58,55,32.20435620298127,3409.98014358608,One year,DSL,Yes,No,Yes,Yes,No,No,No
CUST_04481,56,45,27.873336826348165,4615.329317164393,Month-to-month,No,No,No,No,No,No,No,Yes
CUST_04482,30,66,88.00613957479561,1707.2493052112616,Two year,DSL,Yes,No,Yes,Yes,No,Yes,Yes
CUST_04483,28,68,60.71650620891203,2256.177677101677,Month-to-month,Fiber optic,Yes,Yes,Yes,Yes,No,Yes,No
CUST_04484,63,13,92.6225791870277,1148.6769983938736,One year,No,No,No,No,Yes,No,Yes,No
CUST_04485,36,66,31.00582004376215,6092.403843040287,One year,No,No,No,Yes,Yes,Yes,Yes,No
CUST_04486,28,22,80.98655479010958,3137.0361829035173,Two year,No,No,No,No,No,No,Yes,No
CUST_04487,30,60,64.33067933697404,1950.2356867438225,Two year,Fiber optic,Yes,No,Yes,No,No,Yes,Yes
CUST_04488,63,22,25.799865445702856,4361.522853120001,Two year,No,Yes,Yes,No,Yes,No,Yes,No
CUST_04489,62,26,74.48019782759769,673.2941677560805,Month-to-month,Fiber optic,Yes,Yes,Yes,No,Yes,No,No
CUST_04490,18,53,28.280427471454576,7856.615493074516,Month-to-month,Fiber optic,No,No,Yes,No,Yes,No,Yes
CUST_04491,57,9,102.77197477910082,2573.52717772102,One year,DSL,No,Yes,No,No,No,No,No
CUST_04492,61,15,83.19574653900288,7546.300524744442,Two year,Fiber optic,Yes,Yes,No,No,Yes,No,No
CUST_04493,36,40,75.69675337604484,4280.008548727034,Two year,No,Yes,No,Yes,No,Yes,No,Yes
CUST_04494,29,54,33.346900446965904,7241.264180769381,Month-to-month,Fiber optic,Yes,Yes,Yes,No,No,Yes,No
CUST_04495,25,60,48.7457113504083,2175.341302633014,One year,Fiber optic,No,No,Yes,Yes,Yes,Yes,No
CUST_04496,25,48,69.28758971352994,1572.2730588391255,Two year,DSL,No,Yes,Yes,No,Yes,Yes,No
CUST_04497,78,51,83.3283513639688,7235.059147172558,Month-to-month,DSL,Yes,No,Yes,No,Yes,Yes,Yes
CUST_04498,70,1,38.32307187421556,1888.5606119223714,Month-to-month,Fiber optic,No,Yes,Yes,Yes,Yes,Yes,Yes
CUST_04499,62,49,20.886627813362338,6368.040934116473,Two year,Fiber optic,No,Yes,Yes,Yes,Yes,Yes,No
CUST_04500,29,42,54.47601872692956,2994.503875140912,Two year,Fiber optic,No,No,Yes,Yes,Yes,Yes,No
CUST_04501,78,7,68.28714545562435,6384.827302055355,One year,DSL,Yes,Yes,No,No,Yes,No,No
CUST_04502,65,58,38.443350559680304,7724.228634301974,Two year,DSL,Yes,No,No,Yes,No,Yes,No
CUST_04503,50,64,69.21655058552058,8345.762822813262,Month-to-month,No,No,Yes,No,Yes,Yes,No,Yes
CUST_04504,62,11,53.848585856926874,3122.399609056521,Two year,No,No,No,No,No,Yes,Yes,No
CUST_04505,43,3,65.50896661064078,3187.2170109805884,Two year,No,Yes,Yes,Yes,Yes,Yes,No,No
CUST_04506,56,40,54.7457750578594,8343.656988992778,One year,No,Yes,Yes,Yes,No,No,Yes,No
CUST_04507,45,6,82.84678497868,7336.8362945035215,Month-to-month,DSL,Yes,Yes,No,No,No,Yes,No
CUST_04508,75,68,24.289701099357167,478.7725640555755,Two year,DSL,Yes,Yes,Yes,No,No,Yes,No
CUST_04509,22,68,37.09052899442736,4916.979884302772,Month-to-month,Fiber optic,No,Yes,Yes,No,Yes,Yes,No
CUST_04510,25,29,63.27508691109996,1622.456081006882,One year,No,Yes,No,No,No,No,No,No
CUST_04511,42,5,55.62967155518567,8449.705303183035,Month-to-month,Fiber optic,Yes,No,No,No,Yes,No,Yes
CUST_04512,44,18,59.16319559538171,1266.9533039161793,Two year,Fiber optic,Yes,No,No,No,No,No,Yes
CUST_04513,63,65,100.37606948804797,4798.519945360079,Two year,DSL,Yes,No,Yes,No,Yes,No,No
CUST_04514,40,9,108.63316582473657,5687.666308245139,One year,Fiber optic,Yes,Yes,Yes,Yes,Yes,No,Yes
CUST_04515,47,15,44.866878349757,7971.343099094073,One year,Fiber optic,No,No,No,Yes,Yes,No,No
CUST_04516,62,36,103.63910602863055,7216.96981781117,One year,DSL,No,No,No,No,No,Yes,No
CUST_04517,64,31,65.87898652903579,2164.3400791533772,Month-to-month,DSL,No,Yes,No,No,No,Yes,Yes
CUST_04518,40,46,47.38206192862208,4910.041190857038,Month-to-month,DSL,Yes,No,No,No,No,No,No
CUST_04519,66,71,118.54560710046783,8110.021246409419,Month-to-month,DSL,Yes,Yes,Yes,No,No,No,No
CUST_04520,64,42,102.48017914341673,6280.021515681477,Month-to-month,No,No,No,No,No,No,No,No
CUST_04521,37,35,119.4253319086536,5882.025326391107,One year,No,Yes,Yes,Yes,Yes,Yes,No,No
CUST_04522,35,25,36.819078442825464,6441.169065961715,Month-to-month,No,Yes,Yes,No,Yes,Yes,Yes,Yes
CUST_04523,35,9,34.384267394785866,2809.0519874976862,Month-to-month,Fiber optic,Yes,Yes,Yes,No,No,No,Yes
CUST_04524,19,30,70.33779529442393,6225.719062987184,Month-to-month,No,Yes,No,Yes,Yes,Yes,Yes,No
CUST_04525,21,28,83.86437600345539,2055.9799121540937,Month-to-month,DSL,Yes,Yes,No,Yes,No,Yes,No
CUST_04526,47,4,37.10600925333516,3696.0632756251284,One year,No,Yes,No,Yes,No,Yes,Yes,No
CUST_04527,50,0,106.04306680885426,7575.402064383455,One year,DSL,No,Yes,No,No,Yes,Yes,No
CUST_04528,53,2,73.20134786633633,259.35763052231437,Two year,No,Yes,Yes,No,No,No,No,Yes
CUST_04529,35,66,61.09418332206475,3580.2766621197125,Two year,No,No,Yes,No,Yes,Yes,Yes,No
CUST_04530,54,70,80.20536729270452,2341.3028406081003,Month-to-month,DSL,Yes,Yes,Yes,No,No,No,No
CUST_04531,36,34,83.49537129722893,1768.152778546319,Month-to-month,DSL,Yes,Yes,No,No,Yes,No,No
CUST_04532,64,14,24.27832809837941,7144.033540369103,One year,Fiber optic,Yes,Yes,Yes,No,Yes,No,No
CUST_04533,45,66,119.98926667050493,5950.588011897816,Two year,Fiber optic,Yes,No,No,Yes,Yes,Yes,No
CUST_04534,57,29,56.391957680447554,1046.1148514564468,Month-to-month,Fiber optic,No,Yes,Yes,Yes,Yes,No,No
CUST_04535,37,42,26.15426469098962,4253.491942609991,Two year,No,Yes,Yes,No,No,No,No,No
CUST_04536,66,59,105.23231747755152,4022.0084833477335,Two year,No,No,No,No,No,No,No,No
CUST_04537,50,39,119.30186792123122,1297.2334698470315,Two year,DSL,No,No,Yes,Yes,Yes,Yes,No
CUST_04538,29,64,101.63585092160902,6818.00668832615,One year,DSL,No,Yes,Yes,Yes,No,No,Yes
CUST_04539,75,28,105.18824898598457,3180.061360215278,Month-to-month,Fiber optic,No,Yes,Yes,No,No,Yes,No
CUST_04540,68,18,82.5935114219451,6500.277311347313,Month-to-month,DSL,Yes,Yes,No,No,No,No,No
CUST_04541,32,2,112.23255782209328,1713.3259666905847,One year,No,No,Yes,Yes,Yes,Yes,Yes,No
CUST_04542,58,35,23.573855172746754,2746.6170775561914,One year,DSL,Yes,No,Yes,Yes,No,Yes,No
CUST_04543,56,42,96.6723862954201,899.4359607023933,One year,DSL,No,No,Yes,Yes,No,No,Yes
CUST_04544,19,14,87.07102283340755,1305.225865863109,Two year,DSL,No,No,Yes,Yes,No,Yes,No
CUST_04545,46,40,24.958497052400226,7518.741318962956,Two year,DSL,No,No,No,Yes,No,No,No
CUST_04546,58,35,74.39735789764794,1016.5462111588513,Month-to-month,DSL,Yes,No,Yes,No,Yes,No,No
CUST_04547,27,32,71.50603457578696,904.1421412019229,Month-to-month,Fiber optic,No,Yes,Yes,No,Yes,No,No
CUST_04548,19,4,89.15342250769767,7999.169411027943,Two year,Fiber optic,Yes,No,No,No,No,No,No
CUST_04549,68,13,27.753141160917252,5525.589061150447,Two year,No,No,Yes,No,Yes,No,No,Yes
CUST_04550,28,67,100.5278785328412,947.6942618571234,One year,Fiber optic,No,No,No,No,No,No,Yes
CUST_04551,30,46,33.94034420115047,8262.420608154833,Two year,DSL,No,No,Yes,No,Yes,No,No
CUST_04552,27,53,61.866461346187265,1335.640088227696,Month-to-month,Fiber optic,Yes,Yes,Yes,No,No,Yes,No
CUST_04553,31,3,108.1288007501636,6537.304092397595,Month-to-month,No,Yes,Yes,Yes,No,No,No,No
CUST_04554,35,8,76.05316054954963,392.7514377725263,One year,Fiber optic,Yes,Yes,Yes,Yes,Yes,No,No
CUST_04555,68,52,57.95909137547343,5346.151097654417,One year,No,No,Yes,Yes,No,Yes,Yes,Yes
CUST_04556,71,59,24.820224204583678,4692.312525664325,Month-to-month,No,No,Yes,No,Yes,No,Yes,No
CUST_04557,26,45,87.22735172017217,1847.2320075725295,Two year,No,No,Yes,Yes,No,Yes,Yes,No
CUST_04558,74,53,118.6546765306784,5502.427598851496,Two year,DSL,No,No,Yes,Yes,Yes,Yes,No
CUST_04559,56,36,111.17963987583829,5283.245142690064,Month-to-month,No,Yes,No,Yes,No,Yes,Yes,No
CUST_04560,45,22,91.72960775734279,6806.154409897405,Two year,Fiber optic,No,No,Yes,No,Yes,No,No
CUST_04561,20,26,30.529285825594503,7457.342092243741,Two year,Fiber optic,Yes,No,Yes,Yes,Yes,No,No
CUST_04562,37,69,43.944009340039415,4384.881501489955,Month-to-month,Fiber optic,Yes,No,Yes,Yes,Yes,No,No
CUST_04563,23,65,38.684901945328704,4218.479625266955,Month-to-month,No,Yes,No,No,Yes,Yes,No,No
CUST_04564,44,60,55.54616402556453,5321.404475935461,One year,No,No,No,No,Yes,Yes,Yes,No
CUST_04565,70,50,43.55172277915355,6225.34374953043,Month-to-month,DSL,Yes,No,No,No,No,Yes,No
CUST_04566,19,49,44.44394459716932,3091.8378485117464,One year,No,Yes,Yes,No,No,No,No,No
CUST_04567,46,18,81.67299353754056,4338.991820276318,One year,Fiber optic,Yes,No,No,Yes,Yes,No,No
CUST_04568,55,0,51.870265596138346,5014.875160914657,Two year,DSL,No,No,No,No,No,No,No
CUST_04569,20,39,87.71628764724731,8402.375904221653,Month-to-month,Fiber optic,Yes,Yes,Yes,No,No,No,No
CUST_04570,33,31,114.78896591461805,5036.7824502297,Two year,DSL,Yes,Yes,Yes,No,No,Yes,No
CUST_04571,47,21,83.8477916613239,1983.1670262349562,Month-to-month,No,Yes,No,No,Yes,Yes,Yes,No
CUST_04572,57,65,95.16566772103712,5039.11480921819,Month-to-month,DSL,Yes,Yes,No,No,No,No,No
CUST_04573,19,39,95.15804152828379,6983.796496771753,Two year,No,Yes,Yes,Yes,No,No,Yes,Yes
CUST_04574,34,37,53.0702788399311,7302.190912094003,One year,No,Yes,Yes,Yes,Yes,No,No,Yes
CUST_04575,58,47,21.49579945934355,6822.103818581299,Month-to-month,Fiber optic,No,Yes,No,Yes,No,Yes,Yes
CUST_04576,79,54,25.504796299421443,7560.959088426272,One year,No,Yes,No,No,No,Yes,Yes,Yes
CUST_04577,29,54,48.206025088455846,2912.037271784671,Two year,No,No,Yes,No,No,No,Yes,No
CUST_04578,52,50,88.9543183657598,4363.593216002361,Two year,No,No,No,Yes,Yes,No,Yes,No
CUST_04579,60,59,110.66831386482926,6648.56520646337,Month-to-month,Fiber optic,No,Yes,No,No,No,No,Yes
CUST_04580,18,7,115.87982621907463,2321.3795863764262,Two year,No,No,Yes,No,Yes,Yes,No,Yes
CUST_04581,72,67,22.584866384007345,3221.284077954289,Month-to-month,Fiber optic,Yes,Yes,No,No,No,No,No
CUST_04582,62,71,119.00872456327711,7081.707498270501,Month-to-month,DSL,No,Yes,No,Yes,Yes,No,No
CUST_04583,32,8,52.249721835669376,6568.7194568120585,Month-to-month,Fiber optic,Yes,Yes,Yes,Yes,Yes,Yes,Yes
CUST_04584,43,1,104.29562282351154,8258.076370495148,Month-to-month,Fiber optic,Yes,Yes,No,No,Yes,No,No
CUST_04585,54,69,38.029546069678034,8466.182091523062,Month-to-month,No,Yes,Yes,Yes,Yes,No,No,Yes
CUST_04586,38,58,26.28982576068592,2122.254194559584,Two year,Fiber optic,No,Yes,Yes,No,Yes,No,No
CUST_04587,79,18,57.83554240626875,7663.779883858856,Month-to-month,DSL,Yes,Yes,No,No,Yes,No,Yes
CUST_04588,66,27,105.8925388530693,893.9302113405807,One year,Fiber optic,Yes,No,No,No,Yes,Yes,Yes
CUST_04589,48,71,42.082491587781604,6062.321755298066,Month-to-month,No,No,No,Yes,No,No,No,Yes
CUST_04590,42,13,35.39573257518422,1948.8348564746277,Month-to-month,DSL,Yes,No,Yes,No,No,Yes,No
CUST_04591,40,23,110.98043289501905,2622.613718149527,Month-to-month,No,Yes,Yes,Yes,Yes,Yes,Yes,No
CUST_04592,41,43,113.8337202621459,8049.097892382151,Two year,No,Yes,Yes,Yes,No,No,Yes,Yes
CUST_04593,74,55,21.25481991889089,2310.4703885673803,One year,Fiber optic,No,Yes,Yes,No,No,Yes,No
CUST_04594,55,50,92.74357374154816,5754.694100949294,One year,No,Yes,No,No,No,No,Yes,No
CUST_04595,45,31,50.92077365293267,1596.2794660513518,One year,DSL,Yes,Yes,No,Yes,Yes,No,Yes
CUST_04596,38,49,57.47043699671896,884.475811592096,Two year,DSL,Yes,No,No,Yes,No,Yes,No
CUST_04597,71,40,66.910297495149,2950.263012888461,Two year,DSL,Yes,No,Yes,Yes,No,Yes,No
CUST_04598,60,65,62.67909701745195,5343.247246631643,Month-to-month,DSL,No,Yes,Yes,Yes,Yes,Yes,Yes
CUST_04599,35,24,71.49737849821052,2182.739207534282,Two year,Fiber optic,No,No,Yes,No,Yes,No,No
CUST_04600,53,60,78.23617157400163,2621.4179088420615,One year,DSL,No,Yes,Yes,No,No,Yes,No
CUST_04601,52,65,66.55955048379242,6053.330476294223,One year,Fiber optic,Yes,No,No,Yes,No,No,No
CUST_04602,62,41,90.15635404895175,963.4865930434999,Two year,No,Yes,Yes,No,Yes,Yes,Yes,No
CUST_04603,72,64,91.8601662842142,3854.0027711494627,Two year,No,Yes,Yes,Yes,Yes,No,No,No
CUST_04604,26,35,64.03591974261951,8010.570051010683,One year,Fiber optic,No,Yes,Yes,Yes,Yes,Yes,No
CUST_04605,70,8,34.246314808710856,3434.56196427949,One year,No,No,Yes,No,No,Yes,No,No
CUST_04606,55,35,84.06389213201227,3747.2886350104905,One year,No,Yes,Yes,No,Yes,No,No,No
CUST_04607,75,37,97.2956712350709,6300.916150301227,One year,DSL,Yes,No,No,No,Yes,No,No
CUST_04608,47,32,83.81095212039497,6643.696785075914,One year,No,Yes,Yes,Yes,No,No,No,No
CUST_04609,77,41,78.80547658468156,6564.693674156406,Two year,No,No,Yes,No,Yes,No,Yes,No
CUST_04610,61,60,42.941199123460635,8482.083009274005,Two year,Fiber optic,Yes,No,Yes,No,Yes,No,No
CUST_04611,51,45,84.51370408192582,700.1891348912814,Month-to-month,DSL,No,No,No,No,No,No,No
CUST_04612,49,60,53.48562145762119,8350.927590917194,Month-to-month,No,No,Yes,No,Yes,No,Yes,No
CUST_04613,20,17,111.9558862813285,8081.59278277815,Month-to-month,No,Yes,No,No,No,Yes,Yes,No
CUST_04614,20,69,85.37200927599808,7257.966762180288,Two year,Fiber optic,Yes,Yes,Yes,Yes,No,No,No
CUST_04615,45,14,47.81796767083027,3914.6548371571503,Month-to-month,No,Yes,Yes,Yes,Yes,Yes,Yes,No
CUST_04616,61,47,67.29269093639302,7415.579921724965,Month-to-month,DSL,No,Yes,No,Yes,Yes,No,No
CUST_04617,32,71,104.65812758850444,1954.9922633711994,Two year,DSL,Yes,No,Yes,No,No,No,No
CUST_04618,58,12,53.54639511826475,6749.909017257774,One year,DSL,No,Yes,No,No,No,No,Yes
CUST_04619,40,42,72.54405701523811,1656.001746216855,Two year,Fiber optic,No,Yes,Yes,Yes,No,Yes,Yes
CUST_04620,57,59,87.96699732515225,6949.04082915791,Two year,DSL,Yes,Yes,No,Yes,No,Yes,No
CUST_04621,28,56,95.45293388267417,5262.044719418078,One year,DSL,Yes,Yes,Yes,No,Yes,No,No
CUST_04622,65,70,37.38921750647449,923.4627479136144,Month-to-month,DSL,No,Yes,Yes,No,No,No,No
CUST_04623,49,16,76.51523046772891,7620.684265000693,Two year,DSL,No,Yes,No,Yes,No,No,No
CUST_04624,75,49,111.21999004962014,4954.8404418240525,Two year,DSL,Yes,Yes,No,No,No,Yes,No
CUST_04625,76,31,116.8359781509694,5612.485536351763,One year,DSL,No,No,Yes,No,Yes,Yes,No
CUST_04626,74,21,85.61450425593583,2481.4842994735245,Two year,Fiber optic,Yes,Yes,No,No,Yes,Yes,No
CUST_04627,71,54,118.36608041599857,7421.738232951575,Month-to-month,DSL,Yes,Yes,No,No,Yes,Yes,Yes
CUST_04628,53,56,77.07352489761408,4679.686175289933,One year,No,Yes,Yes,No,No,No,No,No
CUST_04629,77,12,64.26050297809333,3637.4103880486296,Two year,Fiber optic,Yes,No,No,Yes,Yes,No,No
CUST_04630,50,46,75.15874589482459,4587.966659917867,Month-to-month,No,No,No,Yes,Yes,Yes,No,Yes
CUST_04631,41,61,31.571239426352207,6007.829884329323,Month-to-month,No,Yes,Yes,No,Yes,No,No,No
CUST_04632,56,53,60.17159196853878,5938.402155873869,Two year,DSL,Yes,Yes,Yes,Yes,No,Yes,No
CUST_04633,51,28,65.84050530305288,3103.6476480456267,Month-to-month,No,No,No,Yes,Yes,Yes,No,No
CUST_04634,73,21,104.86277987209782,3336.1695528925884,One year,No,No,Yes,Yes,Yes,Yes,Yes,No
CUST_04635,45,64,95.86485927424472,4822.800819842788,Month-to-month,No,Yes,Yes,Yes,No,No,Yes,No
CUST_04636,54,28,80.14265852248008,7865.0198140226985,One year,DSL,Yes,Yes,No,No,No,Yes,No
CUST_04637,24,47,54.727723487626996,6361.614242514194,One year,DSL,No,Yes,Yes,Yes,Yes,No,No
CUST_04638,21,4,38.703458569265706,3379.4858770706755,One year,DSL,No,No,No,No,Yes,No,Yes
CUST_04639,54,34,54.77650209146279,2931.0740630347937,Two year,Fiber optic,Yes,Yes,No,Yes,Yes,No,No
CUST_04640,73,70,87.9804070959132,4498.548062753442,Month-to-month,DSL,No,No,Yes,Yes,Yes,No,No
CUST_04641,18,45,46.303779908503316,7407.9274988825955,Two year,DSL,No,Yes,No,Yes,Yes,No,No
CUST_04642,18,34,62.688669570916595,172.90562940535156,Two year,No,No,No,Yes,No,No,Yes,No
CUST_04643,64,44,58.6770234881682,6068.0829736323385,One year,DSL,No,Yes,No,No,No,No,No
CUST_04644,37,12,96.55900637910602,2573.9029456772423,Two year,No,Yes,Yes,No,No,Yes,No,No
CUST_04645,36,9,108.37870622601443,1850.538833815827,Month-to-month,DSL,Yes,No,No,No,No,No,No
CUST_04646,46,65,89.93709568109769,201.9591732607745,Two year,DSL,Yes,Yes,Yes,Yes,No,No,No
CUST_04647,27,69,54.160226093303415,7631.3612132540065,Two year,DSL,Yes,No,Yes,No,No,Yes,Yes
CUST_04648,77,71,63.317704897588726,7762.887148054101,One year,DSL,No,No,Yes,No,No,Yes,Yes
CUST_04649,35,24,34.33501540537215,615.906509808089,One year,DSL,No,Yes,No,No,No,Yes,No
CUST_04650,45,43,36.809744776660985,4483.2487136314285,Two year,DSL,No,Yes,Yes,Yes,Yes,No,No
CUST_04651,52,59,36.4292567526515,1381.625452858323,One year,DSL,No,No,No,Yes,Yes,Yes,No
CUST_04652,60,46,33.058635756131025,6472.975459045502,Two year,No,Yes,No,No,No,No,No,No
CUST_04653,64,39,37.958122850913014,5689.288362835634,Month-to-month,Fiber optic,Yes,No,No,No,Yes,Yes,No
CUST_04654,48,6,40.26882025783576,2595.898828823212,Month-to-month,Fiber optic,No,Yes,No,No,No,No,Yes
CUST_04655,44,45,31.18459437976329,1082.4663607390692,One year,DSL,Yes,Yes,Yes,Yes,No,No,No
CUST_04656,79,22,84.0260721884227,7082.2535675820645,Month-to-month,Fiber optic,Yes,Yes,Yes,No,Yes,Yes,No
CUST_04657,28,45,119.04015345821996,5763.720825992748,Month-to-month,No,No,No,No,Yes,No,Yes,Yes
CUST_04658,66,12,107.9186744652256,157.2875380214434,Two year,No,Yes,Yes,No,Yes,Yes,Yes,No
CUST_04659,66,20,24.560272382608623,5374.122959863284,One year,No,Yes,No,No,No,No,No,No
CUST_04660,55,0,62.305880919672475,6906.486632649306,Month-to-month,Fiber optic,No,No,Yes,Yes,No,No,Yes
CUST_04661,22,18,105.93105792327724,5062.451700442456,One year,Fiber optic,No,No,No,No,No,No,No
CUST_04662,25,59,33.467481799199646,3667.5948840844453,One year,Fiber optic,No,Yes,Yes,No,Yes,No,No
CUST_04663,51,32,104.76451466520427,5004.914379755446,One year,DSL,Yes,Yes,Yes,No,Yes,No,No
CUST_04664,65,3,79.27006378378994,5305.581276677717,Month-to-month,No,No,No,Yes,No,No,Yes,No
CUST_04665,69,2,113.12985525961118,5476.290841113899,One year,No,No,No,No,Yes,Yes,No,No
CUST_04666,73,51,107.60391142644252,8223.178452796654,One year,DSL,Yes,No,Yes,No,No,No,No
CUST_04667,29,27,87.70343220587175,1600.6414154902097,Two year,Fiber optic,Yes,No,Yes,No,Yes,Yes,Yes
CUST_04668,55,69,85.78226598726955,5333.982269436809,Two year,No,No,Yes,Yes,Yes,No,Yes,No
CUST_04669,18,69,41.31642023919082,1679.1438848893495,Two year,Fiber optic,Yes,Yes,Yes,Yes,No,No,No
CUST_04670,48,54,31.675296715800854,1863.636450091699,Two year,DSL,Yes,No,Yes,No,No,No,No
CUST_04671,21,56,61.53934299687984,5721.766223141882,One year,Fiber optic,No,Yes,No,Yes,Yes,No,No
CUST_04672,66,15,38.65800394931247,7794.0143137646555,Two year,DSL,No,Yes,No,No,No,No,No
CUST_04673,62,23,30.241671767775895,1435.9716756336293,Two year,Fiber optic,Yes,Yes,Yes,No,Yes,No,No
CUST_04674,67,68,50.23267332728935,8184.710483553979,Month-to-month,DSL,No,Yes,No,No,Yes,Yes,No
CUST_04675,22,40,106.04899427966485,2782.7275385363237,Two year,No,Yes,No,Yes,Yes,Yes,No,Yes
CUST_04676,47,46,21.714815401836123,3387.037965037121,Two year,DSL,Yes,Yes,No,No,Yes,Yes,No
CUST_04677,73,68,49.26376817221757,1390.9189210862353,Month-to-month,Fiber optic,Yes,No,No,Yes,Yes,Yes,No
CUST_04678,41,30,62.40521852144923,5273.0232891538635,One year,No,Yes,Yes,Yes,Yes,No,No,No
CUST_04679,76,29,71.05697496152865,5109.932154841325,One year,Fiber optic,No,No,Yes,No,No,Yes,Yes
CUST_04680,20,17,38.157750838298924,3815.0658420622535,Month-to-month,Fiber optic,Yes,No,No,No,Yes,No,No
CUST_04681,28,43,116.42201998380311,4099.167675028421,Month-to-month,DSL,No,Yes,No,No,Yes,No,No
CUST_04682,62,26,77.88730435721895,5332.997356609882,One year,DSL,Yes,Yes,No,Yes,No,Yes,No
CUST_04683,21,25,72.21105470570441,5001.37089370061,Two year,Fiber optic,Yes,Yes,Yes,Yes,No,Yes,No
CUST_04684,43,59,20.882258893034116,3243.812405846657,Month-to-month,DSL,No,Yes,Yes,No,Yes,Yes,No
CUST_04685,44,17,68.57153793960072,7526.56083651888,Month-to-month,Fiber optic,No,No,No,Yes,Yes,No,Yes
CUST_04686,63,55,103.7670629455184,5708.34839426979,Month-to-month,DSL,Yes,No,Yes,Yes,Yes,Yes,Yes
CUST_04687,71,30,41.96445430512427,1825.4131770383933,One year,DSL,Yes,Yes,No,Yes,Yes,Yes,Yes
CUST_04688,60,58,55.1207568386413,2787.18514544811,One year,Fiber optic,No,No,Yes,No,No,Yes,Yes
CUST_04689,44,1,22.057146468769556,6718.17605430733,One year,No,No,No,Yes,No,No,Yes,No
CUST_04690,59,38,117.69275142337952,978.0132005688354,One year,DSL,No,Yes,Yes,Yes,Yes,Yes,No
CUST_04691,68,60,26.665179712804083,6401.948789284094,One year,Fiber optic,Yes,Yes,No,Yes,Yes,Yes,No
CUST_04692,67,62,109.82211239095695,3114.276505624681,Two year,No,No,No,No,No,Yes,Yes,No
CUST_04693,23,17,51.29877141804547,4734.204787310859,Two year,DSL,Yes,Yes,No,Yes,Yes,Yes,No
CUST_04694,76,16,78.75564019858786,2456.688184251853,One year,DSL,No,Yes,Yes,Yes,No,No,Yes
CUST_04695,78,38,87.93155399660034,8386.235203291593,One year,Fiber optic,No,No,Yes,No,Yes,No,No
CUST_04696,32,70,34.082916743111454,7709.058453995355,One year,DSL,No,No,No,No,No,Yes,No
CUST_04697,70,53,64.37593777803355,7898.978630331715,Month-to-month,Fiber optic,Yes,Yes,No,No,Yes,No,No
CUST_04698,47,34,52.54661002466423,1652.1143510111401,Month-to-month,Fiber optic,No,No,Yes,Yes,No,No,No
CUST_04699,59,10,25.660246560546533,7170.196806078827,One year,DSL,No,No,Yes,No,Yes,No,No
CUST_04700,54,60,103.31936543931808,4597.335648602358,One year,No,Yes,Yes,Yes,Yes,Yes,Yes,No
CUST_04701,75,43,24.51677564974777,6046.017282298565,Month-to-month,DSL,No,No,Yes,No,No,No,No
CUST_04702,78,67,85.32579594838668,1927.0341606197499,Month-to-month,No,Yes,Yes,Yes,No,No,No,Yes
CUST_04703,54,24,51.4077376419847,6080.671026225414,Month-to-month,DSL,Yes,Yes,Yes,No,No,Yes,No
CUST_04704,59,47,39.21293272018666,7779.844854407287,Month-to-month,No,Yes,No,No,No,Yes,Yes,No
CUST_04705,77,31,86.70860513355453,2346.843641129919,Month-to-month,DSL,No,No,Yes,No,No,No,No
CUST_04706,54,3,77.45377145262059,2060.2227530158552,One year,No,No,Yes,No,No,Yes,No,Yes
CUST_04707,52,37,51.52562573748298,977.0822071772131,One year,No,Yes,No,Yes,Yes,Yes,No,No
CUST_04708,40,62,71.29607482592392,2341.1760726179527,Month-to-month,DSL,Yes,No,Yes,No,No,Yes,No
CUST_04709,23,46,44.62371012062094,4600.654999251145,One year,DSL,Yes,Yes,No,Yes,No,Yes,No
CUST_04710,21,0,106.36964590026922,7094.816848075508,Month-to-month,Fiber optic,No,No,Yes,No,No,No,No
CUST_04711,35,2,51.38187803271616,2441.9222063241714,Month-to-month,No,Yes,No,No,Yes,Yes,No,Yes
CUST_04712,77,61,44.51530295515314,5317.612868182233,Month-to-month,DSL,Yes,No,No,Yes,Yes,Yes,No
CUST_04713,26,63,95.18337110596511,4128.561873053535,One year,Fiber optic,No,Yes,No,Yes,Yes,Yes,No
CUST_04714,66,16,21.75924879939149,2524.0639411892816,One year,DSL,No,No,Yes,No,No,Yes,No
CUST_04715,46,61,46.80117320860753,4387.016282035037,One year,No,Yes,Yes,No,Yes,No,No,Yes
CUST_04716,30,34,57.53952206511732,1510.8841297253682,One year,DSL,Yes,No,No,No,Yes,No,No
CUST_04717,76,12,108.22379617913818,5472.451502727553,Two year,DSL,Yes,No,Yes,Yes,No,Yes,No
CUST_04718,64,34,115.04418025483442,1071.5668579443459,Month-to-month,Fiber optic,Yes,Yes,No,No,Yes,Yes,No
CUST_04719,79,42,91.64779669139499,6240.2364112031155,Month-to-month,DSL,No,No,No,Yes,No,No,No
CUST_04720,69,1,69.25317810096598,1592.7864984382604,One year,Fiber optic,Yes,No,Yes,Yes,No,No,No
CUST_04721,34,55,84.06215490576886,8484.536887861723,One year,No,No,No,No,No,No,No,No
CUST_04722,62,50,61.40010516813331,7018.84979598746,Two year,No,No,Yes,Yes,Yes,Yes,No,No
CUST_04723,49,53,49.88258318486679,2988.2585524216674,Month-to-month,DSL,Yes,Yes,No,Yes,No,No,No
CUST_04724,65,15,115.06880681396285,3680.1200872302234,Month-to-month,Fiber optic,No,Yes,Yes,Yes,Yes,No,Yes
CUST_04725,39,17,31.53902290099238,2277.204577304583,One year,No,Yes,No,No,Yes,Yes,Yes,Yes
CUST_04726,21,6,54.6393568050109,6543.762313911993,One year,DSL,No,Yes,No,No,Yes,Yes,Yes
CUST_04727,22,44,109.90889599605931,3298.1065476453014,Two year,DSL,Yes,No,Yes,Yes,Yes,Yes,Yes
CUST_04728,54,35,92.31414305874169,6443.558282484099,Month-to-month,DSL,No,No,No,No,No,No,Yes
CUST_04729,58,40,22.910145132297657,254.57305931351675,Two year,DSL,No,Yes,No,No,Yes,No,Yes
CUST_04730,66,41,22.309967342424713,1239.2160598386042,Month-to-month,DSL,Yes,Yes,No,Yes,No,Yes,No
CUST_04731,30,6,71.65124626245746,3165.784411501576,One year,Fiber optic,No,No,Yes,Yes,Yes,No,No
CUST_04732,51,14,68.42530562300217,1014.8316805145788,Two year,DSL,No,Yes,Yes,No,No,Yes,No
CUST_04733,62,59,64.29915386563182,5149.475135288423,One year,DSL,No,Yes,Yes,Yes,Yes,Yes,No
CUST_04734,39,39,50.23437618390089,526.9896276866357,Month-to-month,DSL,No,No,No,Yes,No,Yes,Yes
CUST_04735,70,36,118.66387198136391,7322.009154550481,Month-to-month,DSL,No,No,Yes,No,Yes,Yes,No
CUST_04736,76,65,47.19873229833814,6494.987189550252,Two year,DSL,No,No,No,No,Yes,Yes,No
CUST_04737,40,54,69.0040206440562,1916.5544255148004,One year,DSL,No,Yes,Yes,Yes,No,No,No
CUST_04738,68,55,60.489309682306626,4163.852011489629,Month-to-month,DSL,No,No,Yes,Yes,No,Yes,No
CUST_04739,20,43,37.02494259617421,3895.2298586517327,Month-to-month,No,No,Yes,Yes,Yes,No,No,No
CUST_04740,59,56,40.261881912527855,6188.862768859173,Two year,No,Yes,No,Yes,Yes,No,No,Yes
CUST_04741,51,5,111.83027420097729,3472.674763985875,Two year,DSL,No,Yes,No,No,Yes,Yes,No
CUST_04742,49,31,105.82797228559551,376.65650177070404,One year,Fiber optic,No,Yes,Yes,No,No,No,No
CUST_04743,62,17,39.90443058203524,2399.3812143386444,Two year,DSL,Yes,No,No,Yes,Yes,Yes,No
CUST_04744,68,67,107.56626239095135,4016.0447639911536,Month-to-month,Fiber optic,No,Yes,Yes,No,No,No,Yes
CUST_04745,75,6,40.91861300808425,8285.734615749367,One year,Fiber optic,No,Yes,No,No,No,No,No
CUST_04746,66,7,82.65463217476972,7501.732802416501,One year,Fiber optic,Yes,Yes,No,No,Yes,No,Yes
CUST_04747,38,63,28.12805233206938,1623.8116096183999,One year,Fiber optic,No,No,Yes,Yes,No,Yes,No
CUST_04748,63,6,108.03696262591181,6175.517900122477,Month-to-month,Fiber optic,Yes,Yes,No,No,No,No,Yes
CUST_04749,61,40,25.150029946546695,7969.333973324216,Two year,No,Yes,No,No,Yes,No,Yes,Yes
CUST_04750,38,39,75.49428892511366,173.85794949617207,One year,DSL,No,No,Yes,No,No,No,Yes
CUST_04751,61,2,97.9711525180385,6155.943658834938,Month-to-month,No,Yes,Yes,Yes,No,No,No,No
CUST_04752,28,16,31.68347364106812,3958.4013631337216,Two year,No,Yes,Yes,Yes,Yes,No,No,No
CUST_04753,56,65,60.44802675001885,5813.984048778134,One year,DSL,No,No,No,Yes,No,Yes,No
CUST_04754,21,51,24.19501514900501,5186.9498980030385,Two year,No,No,No,Yes,Yes,No,No,No
CUST_04755,68,21,88.27525773399591,8371.190153427893,Two year,DSL,Yes,Yes,Yes,Yes,No,No,No
CUST_04756,18,3,50.744959496135195,2526.04941290209,Two year,DSL,No,No,No,Yes,No,Yes,No
CUST_04757,45,5,75.939524463847,6703.601047701824,Month-to-month,DSL,Yes,No,Yes,Yes,Yes,No,Yes
CUST_04758,41,37,113.27322704203617,2070.975061829714,One year,DSL,Yes,No,Yes,Yes,No,Yes,Yes
CUST_04759,78,25,50.585810799484236,3759.107011421452,One year,Fiber optic,No,Yes,No,No,No,No,No
CUST_04760,52,10,24.86274716352777,8293.199341326259,One year,Fiber optic,Yes,Yes,Yes,No,No,No,No
CUST_04761,30,16,87.56277676987004,6535.544886518882,Month-to-month,No,No,No,No,No,No,Yes,Yes
CUST_04762,64,30,98.68411345141675,2752.898552781896,Two year,DSL,No,Yes,Yes,Yes,Yes,No,No
CUST_04763,51,34,115.7868559877576,5302.70197797238,Month-to-month,DSL,No,Yes,No,No,No,Yes,Yes
CUST_04764,28,15,35.78008770256658,517.4135014233099,One year,DSL,No,No,No,Yes,No,No,No
CUST_04765,53,17,59.21399251161498,2337.7172996161453,Two year,DSL,Yes,No,Yes,No,Yes,Yes,Yes
CUST_04766,68,61,104.41404600254748,6134.480112670362,Month-to-month,Fiber optic,No,Yes,Yes,Yes,No,Yes,No
CUST_04767,78,26,100.68713932688794,4888.785984541929,Month-to-month,Fiber optic,No,Yes,No,Yes,No,Yes,No
CUST_04768,34,34,82.47957073338625,4045.2519650048876,Month-to-month,Fiber optic,No,Yes,No,Yes,Yes,No,No
CUST_04769,52,44,46.93685452026939,5903.35890413409,Month-to-month,No,Yes,Yes,No,No,Yes,No,No
CUST_04770,77,34,48.40352906507776,3447.0546828865386,Two year,DSL,No,Yes,Yes,No,No,Yes,Yes
CUST_04771,35,27,32.40029946241425,319.7116140722701,Month-to-month,Fiber optic,Yes,Yes,No,No,No,Yes,Yes
CUST_04772,57,8,112.18536737859097,3804.6236375307653,Two year,Fiber optic,Yes,Yes,No,Yes,No,No,No
CUST_04773,39,14,37.29315146394453,7677.885215263397,Month-to-month,DSL,Yes,No,Yes,No,No,No,No
CUST_04774,74,20,77.28866011799064,7295.567077838618,One year,Fiber optic,Yes,Yes,Yes,No,No,No,No
CUST_04775,41,51,78.43514169821128,3535.5763574399084,Month-to-month,DSL,No,Yes,No,No,Yes,No,No
CUST_04776,75,34,56.96054411952689,286.6601023872145,Month-to-month,DSL,No,Yes,No,No,No,Yes,No
CUST_04777,36,50,55.251846100545514,5444.981090010652,One year,Fiber optic,Yes,Yes,No,Yes,Yes,Yes,No
CUST_04778,54,54,86.85884185582796,6326.033193376063,Two year,No,Yes,No,Yes,Yes,Yes,No,Yes
CUST_04779,56,43,58.829777794853904,2571.646039107909,Month-to-month,DSL,No,No,Yes,Yes,No,Yes,No
CUST_04780,38,64,45.51153933380007,4103.977596804424,Month-to-month,No,Yes,No,No,No,No,Yes,No
CUST_04781,25,24,59.91317024000309,8431.59708008075,One year,Fiber optic,Yes,Yes,Yes,Yes,No,Yes,No
CUST_04782,45,46,100.7662077665546,4941.281309045428,Two year,DSL,Yes,Yes,Yes,Yes,Yes,No,Yes
CUST_04783,22,55,116.64784551311855,3049.0292075571597,One year,DSL,No,No,Yes,Yes,Yes,No,No
CUST_04784,34,37,83.59502304538448,5370.906563777118,Month-to-month,Fiber optic,Yes,No,Yes,No,Yes,No,No
CUST_04785,54,10,98.21012254841064,1612.1873776583097,Two year,No,Yes,Yes,Yes,Yes,No,Yes,No
CUST_04786,53,66,73.28248613126101,1773.719935506472,Month-to-month,Fiber optic,Yes,Yes,Yes,No,No,No,No
CUST_04787,71,14,82.48231420934378,7869.367603597742,One year,Fiber optic,No,Yes,No,Yes,Yes,No,No
CUST_04788,36,0,118.80866567365598,2109.280345822378,Month-to-month,Fiber optic,Yes,No,No,No,No,Yes,No
CUST_04789,44,6,63.84188647019115,2710.6307854122506,One year,No,No,Yes,Yes,Yes,Yes,No,No
CUST_04790,70,0,26.625469695419994,4667.728832545932,One year,DSL,No,No,No,No,No,Yes,No
CUST_04791,51,48,115.70069178193546,7657.418010331893,Two year,DSL,No,No,No,No,No,Yes,Yes
CUST_04792,28,28,99.30617209035476,6664.170673639721,One year,Fiber optic,No,No,No,No,No,No,No
CUST_04793,71,25,59.83103678635713,467.7849336269492,Two year,Fiber optic,Yes,Yes,Yes,No,Yes,No,Yes
CUST_04794,62,44,118.23950536227687,5921.449218746302,Two year,No,Yes,Yes,Yes,No,Yes,No,No
CUST_04795,64,70,54.55357503486262,4334.11645454554,Two year,Fiber optic,No,No,No,Yes,No,Yes,No
CUST_04796,29,11,57.21201960080287,4094.643872819997,Two year,No,Yes,No,No,No,Yes,Yes,No
CUST_04797,71,31,80.97313531899208,5909.090281334563,Two year,No,Yes,No,No,Yes,Yes,No,Yes
CUST_04798,38,19,47.43473861553567,1748.3491882399705,One year,No,No,Yes,No,No,Yes,No,No
CUST_04799,71,50,89.85714851307327,8344.504774758447,One year,Fiber optic,No,Yes,No,Yes,No,No,No
CUST_04800,28,35,35.28503039505059,5520.574854288571,Two year,DSL,Yes,Yes,No,Yes,No,Yes,No
CUST_04801,56,66,30.802531935815352,3171.511866739592,One year,No,Yes,No,Yes,Yes,No,Yes,No
CUST_04802,45,0,73.48780075641557,5141.698547789354,Two year,DSL,Yes,Yes,No,No,Yes,Yes,No
CUST_04803,22,26,75.54936823944011,1918.3552516328105,One year,No,Yes,Yes,Yes,Yes,Yes,Yes,No
CUST_04804,34,39,30.66550696296906,5424.271664781632,Two year,Fiber optic,No,Yes,No,No,Yes,Yes,Yes
CUST_04805,73,13,116.4176261131151,337.02398219749773,Month-to-month,No,No,Yes,No,No,Yes,Yes,No
CUST_04806,37,68,77.32866576070838,2965.9280558302758,Month-to-month,No,No,No,No,Yes,Yes,No,No
CUST_04807,58,5,35.10349924969261,6379.141932679054,Two year,DSL,Yes,Yes,Yes,No,Yes,No,No
CUST_04808,63,32,51.1442524332299,6887.013932558775,One year,Fiber optic,No,Yes,Yes,Yes,No,No,No
CUST_04809,75,54,100.02342139331627,2224.523071837332,Two year,No,Yes,No,No,No,No,Yes,No
CUST_04810,29,18,72.32315278655318,4631.039474751886,One year,Fiber optic,No,No,Yes,Yes,No,Yes,No
CUST_04811,23,28,38.81483485465556,4539.340273388591,Two year,DSL,Yes,Yes,Yes,No,No,No,No
CUST_04812,34,60,30.284897206180474,3640.230789564956,Two year,Fiber optic,Yes,Yes,Yes,Yes,Yes,Yes,Yes
CUST_04813,68,69,63.07744122374848,2018.8370551250196,One year,Fiber optic,No,No,No,No,Yes,Yes,No
CUST_04814,36,23,53.74147086864342,6007.117159121692,One year,DSL,No,No,No,No,Yes,Yes,Yes
CUST_04815,43,22,85.59173524819735,2219.838126662365,Two year,No,Yes,Yes,No,Yes,Yes,No,No
CUST_04816,65,9,112.52469869511654,7752.616192115572,Month-to-month,No,Yes,Yes,Yes,No,No,No,No
CUST_04817,61,53,44.77302857741588,4539.410845395422,Month-to-month,Fiber optic,No,Yes,Yes,No,No,No,No
CUST_04818,61,40,105.52339332828451,7412.018033409224,Month-to-month,No,Yes,No,No,No,No,Yes,No
CUST_04819,69,48,112.04619784452005,2542.238854754977,Month-to-month,DSL,Yes,No,No,No,No,No,No
CUST_04820,49,16,110.20025994699014,6879.4649125733495,Month-to-month,Fiber optic,Yes,Yes,Yes,Yes,No,Yes,No
CUST_04821,23,55,115.20773299454353,1054.774113159937,One year,Fiber optic,No,Yes,No,No,Yes,No,No
CUST_04822,72,44,104.21086221292752,6541.374872862105,Month-to-month,No,Yes,No,No,Yes,Yes,No,No
CUST_04823,75,29,79.34860053966702,3350.3451393725386,One year,No,Yes,No,No,Yes,No,No,Yes
CUST_04824,53,43,60.98460987102419,4047.9167460761296,Month-to-month,No,Yes,No,No,No,No,Yes,Yes
CUST_04825,55,54,69.16877860337712,1501.1814901804114,One year,Fiber optic,No,No,Yes,No,Yes,Yes,Yes
CUST_04826,28,18,107.26121748775853,256.47258360489565,Month-to-month,No,No,Yes,No,Yes,No,Yes,No
CUST_04827,50,28,50.139837741718246,5696.058942277566,Month-to-month,Fiber optic,No,Yes,No,Yes,Yes,Yes,Yes
CUST_04828,79,1,35.92616943410944,5036.833580563513,One year,No,Yes,No,Yes,No,Yes,Yes,No
CUST_04829,41,35,34.081921813379516,5328.396477385122,One year,Fiber optic,Yes,No,Yes,No,Yes,Yes,No
CUST_04830,40,18,102.69946099050004,2242.0147674261266,Two year,Fiber optic,Yes,No,No,No,No,No,Yes
CUST_04831,32,6,96.14856863300977,2109.930688218091,Month-to-month,Fiber optic,Yes,No,No,Yes,No,Yes,No
CUST_04832,44,25,69.76453410463415,7074.48901466168,Month-to-month,No,Yes,Yes,Yes,Yes,Yes,No,No
CUST_04833,28,37,47.487142809215314,6494.523121783158,One year,No,Yes,No,No,No,Yes,No,No
CUST_04834,74,2,87.76131755426114,2929.0369730674292,One year,DSL,No,Yes,Yes,Yes,Yes,No,No
CUST_04835,68,65,23.84330974324698,5457.5680141957155,Month-to-month,Fiber optic,Yes,Yes,No,No,Yes,No,No
CUST_04836,67,70,76.82278156666614,7056.460035018037,Month-to-month,No,No,Yes,No,Yes,Yes,No,No
CUST_04837,34,42,59.842516873946366,7566.16731463077,One year,DSL,Yes,Yes,No,Yes,Yes,Yes,No
CUST_04838,68,61,117.78596338119685,148.77259163763813,One year,DSL,Yes,Yes,No,Yes,Yes,Yes,No
CUST_04839,70,70,70.7560249110526,6933.084102331683,Month-to-month,No,No,No,No,No,No,No,No
CUST_04840,31,23,75.22677524502677,3043.295607674177,One year,Fiber optic,No,Yes,No,Yes,Yes,Yes,No
CUST_04841,44,38,91.23626634428192,6134.377592119883,One year,DSL,Yes,No,Yes,Yes,Yes,Yes,Yes
CUST_04842,35,67,68.45384811256467,3219.7714626399966,Month-to-month,DSL,Yes,No,Yes,No,No,Yes,No
CUST_04843,45,43,42.45686192767514,5192.492329069725,Two year,Fiber optic,Yes,Yes,No,No,No,No,Yes
CUST_04844,68,4,73.72778465484481,5532.972496050556,One year,No,No,No,Yes,Yes,Yes,Yes,No
CUST_04845,64,54,114.42688708907204,3501.9392756962993,Two year,Fiber optic,Yes,No,Yes,Yes,No,No,No
CUST_04846,64,29,60.991098816847185,4407.396781557057,One year,Fiber optic,Yes,No,Yes,No,Yes,No,No
CUST_04847,21,28,87.9640954999673,6201.032324121014,Two year,No,No,Yes,No,No,Yes,No,No
CUST_04848,24,25,117.8034188885685,4100.964257036841,One year,DSL,No,Yes,Yes,Yes,No,Yes,No
CUST_04849,62,25,102.99223129834905,217.4360747153993,Two year,Fiber optic,Yes,Yes,Yes,No,Yes,No,No
CUST_04850,52,36,85.90341330833238,208.39525477913247,Two year,DSL,Yes,No,Yes,No,No,Yes,No
CUST_04851,65,52,93.59964883305143,5655.011140414907,One year,DSL,No,No,No,No,No,Yes,Yes
CUST_04852,26,29,113.6483248017075,7216.795314627024,Two year,DSL,Yes,No,No,No,No,No,Yes
CUST_04853,25,2,115.97521044003567,6696.29771511757,Month-to-month,No,No,No,Yes,Yes,No,No,No
CUST_04854,69,42,116.89681303219957,2707.3625362385733,Month-to-month,DSL,No,Yes,No,No,Yes,No,No
CUST_04855,62,6,82.56416282025219,4057.4742339744175,Month-to-month,Fiber optic,Yes,Yes,No,No,Yes,No,No
CUST_04856,34,48,58.471164986523654,2066.950216854003,Two year,Fiber optic,No,Yes,No,No,Yes,Yes,No
CUST_04857,34,40,33.315312895629994,8408.85924960005,One year,Fiber optic,No,No,No,Yes,Yes,No,No
CUST_04858,66,53,58.55480013404029,2288.2541737859483,Two year,No,Yes,No,Yes,No,No,Yes,No
CUST_04859,50,68,114.2955454735619,3596.5973799346793,One year,Fiber optic,No,No,No,Yes,No,No,No
CUST_04860,49,26,108.97970805923896,5821.483191124146,Two year,No,No,No,Yes,No,No,No,No
CUST_04861,25,7,72.36596620628787,7458.548425066519,One year,DSL,Yes,Yes,Yes,Yes,No,Yes,Yes
CUST_04862,36,31,73.70072865939241,532.3957461639469,Two year,DSL,Yes,No,No,Yes,Yes,Yes,No
CUST_04863,55,63,50.892034959496954,2628.56527862782,Two year,No,No,Yes,No,No,No,Yes,No
CUST_04864,20,9,65.45078900704814,4879.481122901468,Month-to-month,No,Yes,Yes,No,Yes,No,Yes,No
CUST_04865,76,12,91.4448493939395,5293.829883559941,Two year,No,No,No,Yes,No,No,No,No
CUST_04866,22,62,60.24307256477919,688.2304833988309,Month-to-month,DSL,No,Yes,No,Yes,No,No,Yes
CUST_04867,30,34,38.79838720760338,5678.261397873415,One year,No,No,Yes,No,Yes,No,No,No
CUST_04868,64,60,74.08595788250777,4535.740671112024,One year,DSL,Yes,No,No,Yes,Yes,Yes,Yes
CUST_04869,63,53,42.5336911454328,7052.069986642015,Month-to-month,DSL,No,Yes,Yes,No,Yes,No,Yes
CUST_04870,78,7,117.42875560126001,1966.389080149726,Two year,Fiber optic,No,No,No,Yes,Yes,Yes,No
CUST_04871,48,28,59.03399140119541,1738.2266741837593,One year,DSL,Yes,No,Yes,Yes,No,Yes,Yes
CUST_04872,72,40,110.96649716091162,6764.032664194829,Two year,No,Yes,Yes,No,Yes,No,No,Yes
CUST_04873,33,29,42.555399660362426,6012.500683092777,Two year,No,Yes,No,No,No,No,Yes,No
CUST_04874,67,20,38.92090053057764,6750.056228852467,Two year,No,Yes,Yes,No,No,No,Yes,Yes
CUST_04875,49,10,81.69011290397373,6668.246784635868,One year,DSL,No,Yes,No,Yes,Yes,Yes,Yes
CUST_04876,39,1,97.93790783033207,973.6056769758698,One year,DSL,Yes,Yes,Yes,Yes,Yes,Yes,Yes
CUST_04877,46,49,76.67645638523757,2440.097597312867,Two year,Fiber optic,Yes,Yes,Yes,No,No,Yes,No
CUST_04878,39,40,42.97956836052594,2284.715143546149,Month-to-month,Fiber optic,No,Yes,Yes,No,No,Yes,No
CUST_04879,60,65,23.789436288399607,7950.533163901453,Month-to-month,No,No,Yes,Yes,Yes,Yes,No,No
CUST_04880,20,2,81.82888211910051,4194.719222022903,Month-to-month,DSL,Yes,No,No,No,Yes,Yes,No
CUST_04881,71,50,33.10372253655483,1032.8799146801462,Two year,No,Yes,Yes,Yes,No,Yes,No,No
CUST_04882,27,67,54.31763870323312,2532.4544098121573,Month-to-month,No,Yes,Yes,No,No,No,Yes,No
CUST_04883,59,24,87.57847536712315,7423.97384753836,One year,No,Yes,No,Yes,Yes,No,No,No
CUST_04884,79,29,29.802344058293187,7215.357576588632,Month-to-month,Fiber optic,No,No,Yes,Yes,No,No,Yes
CUST_04885,38,10,32.72514797839558,7662.851660900514,Month-to-month,No,Yes,Yes,No,Yes,Yes,No,Yes
CUST_04886,33,16,26.166620730740412,3363.641690990968,Two year,Fiber optic,No,No,No,Yes,No,Yes,No
CUST_04887,29,25,119.60791289068266,5487.264076515971,One year,DSL,No,Yes,No,Yes,No,No,Yes
CUST_04888,19,22,58.707676860158124,2436.660926952719,One year,No,Yes,No,Yes,No,Yes,No,No
CUST_04889,58,55,110.57951677346345,1618.9327816799405,Month-to-month,Fiber optic,No,No,Yes,No,Yes,No,No
CUST_04890,41,51,49.35856384242821,283.96903778149056,Two year,DSL,Yes,No,No,Yes,Yes,No,Yes
CUST_04891,52,47,95.32025651404958,1976.9039773905356,Two year,Fiber optic,Yes,Yes,Yes,No,No,No,Yes
CUST_04892,73,19,41.90666163123789,5176.742749895093,Month-to-month,No,Yes,No,No,No,No,Yes,No
CUST_04893,47,1,69.83247096482503,7695.366634297059,One year,DSL,Yes,No,No,No,Yes,Yes,Yes
CUST_04894,74,30,102.46157392957795,1220.732647009711,One year,DSL,No,Yes,No,No,No,Yes,No
CUST_04895,47,26,101.63343988950827,7811.2971121097125,One year,DSL,Yes,Yes,Yes,Yes,No,No,No
CUST_04896,64,1,99.42807173626744,3001.2359729224595,Two year,Fiber optic,No,No,No,No,No,No,No
CUST_04897,52,3,102.37344130385529,3685.358623960294,Month-to-month,Fiber optic,Yes,No,No,Yes,Yes,Yes,No
CUST_04898,36,12,41.147228130587926,3165.819739937473,Two year,Fiber optic,No,No,No,No,Yes,No,No
CUST_04899,67,34,68.22162725603864,3532.3083753255128,One year,DSL,No,Yes,Yes,No,Yes,No,No
CUST_04900,25,71,68.48714745971586,2277.2224531763877,Two year,No,Yes,Yes,Yes,No,Yes,No,No
CUST_04901,43,65,109.05024873479125,5968.279297816084,One year,No,Yes,No,No,Yes,No,No,No
CUST_04902,66,5,49.68918293994288,6468.7381262694025,Month-to-month,DSL,No,Yes,Yes,Yes,No,No,No
CUST_04903,57,30,113.14958933890483,7014.148283159025,One year,No,No,No,Yes,No,Yes,No,No
CUST_04904,24,9,65.0795736306099,2966.8325002237234,Month-to-month,DSL,No,No,Yes,No,Yes,Yes,No
CUST_04905,47,20,86.97870031774188,6522.8658846334765,Two year,No,Yes,Yes,Yes,No,No,No,No
CUST_04906,24,22,46.888311227933436,5456.473002805247,Two year,No,Yes,Yes,Yes,Yes,No,No,No
CUST_04907,20,2,61.02981068313073,8146.495129459299,Two year,No,Yes,Yes,Yes,Yes,Yes,Yes,Yes
CUST_04908,18,31,90.98009320691403,3668.1954002678,One year,Fiber optic,Yes,Yes,Yes,Yes,No,Yes,No
CUST_04909,53,19,71.27471418510093,8435.40171422018,Month-to-month,Fiber optic,No,No,No,No,Yes,Yes,Yes
CUST_04910,42,28,113.07080116883338,6319.30985206612,Two year,DSL,No,No,Yes,No,No,Yes,Yes
CUST_04911,54,51,93.71249658974774,6620.733141655578,Two year,Fiber optic,No,Yes,No,Yes,Yes,Yes,No
CUST_04912,18,45,76.44029255106,315.9208249211524,Month-to-month,DSL,No,No,No,Yes,No,Yes,No
CUST_04913,32,33,108.66697566522082,4278.14615122321,One year,Fiber optic,No,Yes,Yes,Yes,Yes,Yes,No
CUST_04914,54,60,86.55563887887443,4538.028383421011,Two year,No,Yes,Yes,No,No,Yes,No,No
CUST_04915,30,71,84.73204734204323,441.0408561330366,One year,Fiber optic,Yes,No,No,No,No,Yes,No
CUST_04916,57,70,44.63713331476273,2721.902277320662,One year,Fiber optic,No,Yes,No,No,Yes,Yes,No
CUST_04917,25,69,59.48569655282109,8127.411117273488,One year,Fiber optic,Yes,No,No,Yes,No,Yes,No
CUST_04918,22,10,88.33036526040215,3679.336065425139,Two year,DSL,Yes,Yes,Yes,Yes,Yes,Yes,No
CUST_04919,77,62,109.17917114831579,1668.2966702897825,Two year,DSL,Yes,No,Yes,No,Yes,No,No
CUST_04920,26,20,51.55474736449152,4412.045139021829,Month-to-month,No,Yes,Yes,No,No,Yes,No,No
CUST_04921,18,2,41.54856219429847,383.6308486519081,Month-to-month,No,Yes,No,No,No,Yes,No,No
CUST_04922,53,9,79.36959788158558,4434.305079755201,One year,No,No,Yes,No,No,Yes,No,Yes
CUST_04923,52,26,26.71970981027131,5091.853770652738,Two year,Fiber optic,No,Yes,Yes,No,Yes,Yes,No
CUST_04924,19,11,91.45417014500052,3104.6326454452524,One year,No,Yes,Yes,No,No,No,No,No
CUST_04925,57,6,90.31385432874808,6505.6400639859,Month-to-month,DSL,No,No,Yes,Yes,Yes,Yes,No
CUST_04926,40,16,55.49660309861551,1239.998246808445,One year,No,No,Yes,Yes,Yes,No,No,No
CUST_04927,26,64,109.26776533449016,7476.740642997852,One year,No,Yes,Yes,No,Yes,No,No,No
CUST_04928,51,63,70.21811415391275,8125.73724727953,Two year,No,Yes,Yes,No,Yes,No,Yes,No
CUST_04929,63,25,84.57649506929368,110.37000666426367,One year,No,Yes,Yes,Yes,No,No,Yes,Yes
CUST_04930,31,14,40.95784819383378,7178.861944362538,One year,No,Yes,Yes,No,Yes,No,No,Yes
CUST_04931,21,32,61.734033516000004,4351.2832508216015,Two year,DSL,No,No,No,Yes,No,No,Yes
CUST_04932,47,61,106.2417540269768,3975.8073242435407,Two year,Fiber optic,Yes,No,No,Yes,Yes,No,Yes
CUST_04933,48,46,41.29395476323428,2104.904497744801,Month-to-month,No,Yes,No,Yes,No,No,No,No
CUST_04934,55,34,59.05743775924688,3857.530345337748,Two year,Fiber optic,No,Yes,No,Yes,Yes,No,No
CUST_04935,28,64,51.80765444281299,8083.588056893154,One year,No,Yes,No,Yes,Yes,Yes,Yes,No
CUST_04936,52,71,35.11101848647801,1870.616125216823,Month-to-month,Fiber optic,No,Yes,No,No,Yes,No,No
CUST_04937,25,24,48.97179181275355,1603.9464029864039,Month-to-month,DSL,No,No,Yes,No,Yes,No,No
CUST_04938,20,56,43.27722835752167,2131.9289540993627,Month-to-month,Fiber optic,Yes,No,Yes,No,Yes,No,No
CUST_04939,31,31,112.35936304613274,4735.407232433038,Month-to-month,No,No,No,No,Yes,No,Yes,No
CUST_04940,77,62,94.1078804542796,7914.518449639719,One year,Fiber optic,Yes,Yes,Yes,Yes,Yes,No,Yes
CUST_04941,30,11,51.61015817828243,4920.605362428164,One year,Fiber optic,No,Yes,No,No,Yes,Yes,No
CUST_04942,62,62,96.33390532427097,2145.2528034888956,One year,No,Yes,Yes,No,Yes,No,Yes,No
CUST_04943,49,0,22.21399530338714,3799.7994486986013,One year,Fiber optic,Yes,No,No,Yes,No,Yes,No
CUST_04944,51,50,72.652471077114,3379.361107000264,Month-to-month,No,No,Yes,No,Yes,Yes,No,No
CUST_04945,62,69,45.03345637346731,491.183546844473,One year,DSL,Yes,Yes,No,Yes,No,Yes,Yes
CUST_04946,78,7,31.432207180851417,4389.391527644092,Month-to-month,No,No,No,No,No,No,No,No
CUST_04947,36,67,108.37585283384885,1158.45364772286,Two year,DSL,No,No,Yes,Yes,Yes,No,No
CUST_04948,76,4,39.93405342625726,7174.84995350455,One year,Fiber optic,Yes,Yes,Yes,No,Yes,No,Yes
CUST_04949,55,38,102.23910929462824,4711.288438085533,Two year,No,No,No,No,Yes,Yes,No,No
CUST_04950,33,22,61.32226774917712,7194.694453985957,Two year,Fiber optic,Yes,Yes,Yes,No,Yes,Yes,No
CUST_04951,19,67,21.429077004070034,8130.775373975545,One year,DSL,No,No,No,Yes,No,Yes,No
CUST_04952,57,51,93.25328293010253,8022.781642302322,Month-to-month,DSL,Yes,Yes,No,Yes,No,No,No
CUST_04953,34,3,79.6359758219368,943.6064081834514,Two year,Fiber optic,No,Yes,Yes,Yes,Yes,No,No
CUST_04954,72,46,54.41718831678193,8036.463401020059,One year,No,No,No,Yes,No,Yes,Yes,No
CUST_04955,51,20,48.15459339262634,6784.276545431885,Two year,No,No,No,No,Yes,Yes,Yes,No
CUST_04956,59,55,27.369125237043473,6632.328084190644,Two year,No,No,Yes,No,No,Yes,No,No
CUST_04957,77,65,114.14255948352722,857.0797382526735,One year,No,No,No,No,Yes,Yes,No,No
CUST_04958,33,58,69.39848846920856,1607.9234991822325,Two year,DSL,Yes,Yes,No,Yes,Yes,Yes,No
CUST_04959,55,6,28.552451757610804,8291.372391284054,Month-to-month,No,Yes,No,Yes,Yes,No,No,No
CUST_04960,77,48,106.86797177444706,1892.3093201044728,Month-to-month,Fiber optic,No,Yes,Yes,No,Yes,Yes,No
CUST_04961,19,15,47.88331728178167,1520.0479734061655,Two year,DSL,Yes,No,No,No,No,No,Yes
CUST_04962,19,16,40.36027157346548,3143.75359715953,Two year,Fiber optic,Yes,Yes,Yes,No,Yes,No,No
CUST_04963,43,33,48.093743834221875,7772.192059293078,One year,Fiber optic,Yes,No,Yes,Yes,No,No,No
CUST_04964,30,32,76.45714586071114,4100.025093875067,Month-to-month,Fiber optic,No,Yes,Yes,Yes,Yes,No,Yes
CUST_04965,73,25,27.405648449703648,7832.903240348327,Two year,DSL,Yes,Yes,Yes,Yes,No,No,No
CUST_04966,64,65,68.17569091226764,2908.4457554879796,Month-to-month,No,Yes,No,No,No,No,No,No
CUST_04967,48,62,109.57434451243125,2002.8406199067945,Two year,Fiber optic,No,No,No,No,Yes,No,No
CUST_04968,77,40,38.817159584612384,4259.705274348698,One year,Fiber optic,No,Yes,No,Yes,Yes,No,No
CUST_04969,51,57,53.11887721522439,5270.005878199864,One year,No,No,Yes,Yes,Yes,Yes,Yes,No
CUST_04970,56,9,59.61219650516527,3388.591588353871,Month-to-month,No,No,No,Yes,No,Yes,No,No
CUST_04971,20,14,78.62207115272452,3006.6562805940666,Month-to-month,No,No,No,No,No,Yes,Yes,No
CUST_04972,25,41,111.92542465263115,1931.697992095272,Two year,No,Yes,Yes,No,Yes,No,Yes,No
CUST_04973,40,56,59.45392082424255,2410.05683626288,Two year,Fiber optic,Yes,Yes,No,No,Yes,No,Yes
CUST_04974,31,16,26.915284067776362,5754.190890479326,Two year,DSL,Yes,Yes,No,No,No,No,Yes
CUST_04975,73,59,54.79508614309924,3206.9377243548943,Month-to-month,No,No,No,Yes,No,No,Yes,Yes
CUST_04976,79,8,39.00854125998448,769.9591504566393,One year,No,Yes,No,No,No,Yes,No,No
CUST_04977,72,35,85.17744788191034,1260.5052756012908,One year,Fiber optic,No,Yes,No,No,Yes,Yes,No
CUST_04978,44,35,22.92621091673322,3227.98518248533,Month-to-month,No,Yes,No,No,Yes,Yes,Yes,Yes
CUST_04979,71,47,49.192997107307335,7865.82041072204,One year,Fiber optic,Yes,Yes,Yes,Yes,Yes,Yes,No
CUST_04980,46,50,74.51735072326198,3283.8541978262347,Month-to-month,Fiber optic,No,Yes,Yes,No,No,Yes,No
CUST_04981,56,69,47.73342060495543,609.3934505940722,Two year,Fiber optic,Yes,No,No,Yes,No,Yes,No
CUST_04982,70,67,75.09952833452542,3611.1517661921334,Month-to-month,Fiber optic,Yes,No,Yes,No,No,No,No
CUST_04983,56,21,31.47123221871832,5718.067789265393,One year,No,No,No,Yes,Yes,No,Yes,No
CUST_04984,18,5,114.28054879896224,5086.207533565056,Month-to-month,DSL,Yes,Yes,No,Yes,Yes,Yes,Yes
CUST_04985,34,25,49.09068073298867,2441.9448840426526,Month-to-month,No,Yes,No,No,Yes,No,No,Yes
CUST_04986,58,2,112.30008393898834,5879.94695360903,Month-to-month,DSL,Yes,No,Yes,No,Yes,Yes,No
CUST_04987,47,51,52.58354395041454,5397.244740468793,Month-to-month,No,No,No,No,Yes,No,No,No
CUST_04988,70,59,98.18401911729877,1546.2529381633362,One year,Fiber optic,No,Yes,Yes,Yes,No,No,No
CUST_04989,30,62,44.618735746125296,1462.018029973258,Two year,No,Yes,Yes,Yes,No,No,Yes,No
CUST_04990,38,64,86.97689023896012,4696.337889370702,One year,Fiber optic,Yes,Yes,Yes,Yes,No,No,No
CUST_04991,36,51,52.371621382276714,5639.283913375271,One year,No,No,No,Yes,Yes,Yes,Yes,No
CUST_04992,70,13,70.91591292096588,8180.04891282619,Two year,Fiber optic,No,Yes,No,No,Yes,No,Yes
CUST_04993,36,71,87.38141457636807,3644.21729814695,One year,DSL,No,Yes,No,Yes,No,No,Yes
CUST_04994,74,67,78.88825052029605,6525.489613244072,Two year,Fiber optic,Yes,Yes,No,No,Yes,No,No
CUST_04995,42,27,77.62805932836943,1078.7742772475617,Two year,No,Yes,No,No,No,No,Yes,No
CUST_04996,39,70,26.56808356576173,7572.715829451437,Month-to-month,Fiber optic,No,Yes,Yes,No,No,No,No
CUST_04997,48,9,44.90768321715918,5418.103347750255,One year,DSL,No,Yes,Yes,No,No,Yes,No
CUST_04998,34,56,77.18392898565416,5383.854783350477,Two year,DSL,Yes,Yes,Yes,Yes,Yes,Yes,Yes
CUST_04999,72,65,21.831720721572506,1296.5181241924581,One year,No,No,No,Yes,No,No,Yes,No
CUST_05000,40,49,45.06442551159796,432.50332801754274,One year,Fiber optic,Yes,Yes,No,Yes,Yes,No,No
CUST_05001,49,13,42.91852394311967,5992.172759070805,Two year,No,No,Yes,Yes,No,No,No,Yes
CUST_05002,79,15,44.98561101608344,1083.2742553025275,Month-to-month,Fiber optic,No,Yes,Yes,No,Yes,No,No
CUST_05003,27,53,73.56094995666537,1166.5492556650347,Two year,DSL,Yes,No,No,Yes,No,No,Yes
CUST_05004,27,42,78.19603540191925,1675.0012293146738,Month-to-month,No,No,No,No,No,No,No,Yes
CUST_05005,53,41,110.89979943728113,921.0704583726605,Two year,DSL,No,Yes,Yes,No,Yes,No,Yes
CUST_05006,25,21,58.60310490262192,5353.297171614577,Two year,Fiber optic,Yes,Yes,Yes,No,No,No,No
CUST_05007,71,67,112.65789171431258,3644.840369128139,Month-to-month,DSL,Yes,Yes,No,No,No,No,No
CUST_05008,69,18,85.19543449841703,2335.207176240205,Month-to-month,Fiber optic,Yes,No,No,Yes,No,No,No
CUST_05009,37,65,111.26603959005557,3802.2949631212437,One year,No,Yes,No,No,No,No,No,Yes
CUST_05010,49,38,103.34721016800484,7190.776017347678,Two year,Fiber optic,Yes,No,Yes,Yes,No,Yes,No
CUST_05011,67,18,88.75824434076875,7887.467002366544,One year,Fiber optic,No,No,Yes,No,Yes,No,Yes
CUST_05012,31,15,55.610589951895946,4194.799615088909,One year,No,No,Yes,Yes,No,Yes,No,No
CUST_05013,67,53,44.11104476852185,4860.724486947541,Month-to-month,No,Yes,Yes,No,Yes,Yes,Yes,No
CUST_05014,45,24,42.23914355120322,2260.479414854932,Month-to-month,DSL,Yes,No,No,Yes,No,Yes,No
CUST_05015,63,17,115.21738374562813,4414.243180551802,One year,Fiber optic,No,No,No,Yes,Yes,No,No
CUST_05016,69,22,115.8573843129358,6384.2046982559505,Month-to-month,Fiber optic,Yes,No,Yes,No,No,Yes,No
CUST_05017,70,10,92.48313735243089,4233.953014711824,Two year,DSL,Yes,Yes,Yes,No,No,No,No
CUST_05018,41,38,108.37959840764773,2637.4123666290257,Month-to-month,Fiber optic,Yes,No,No,Yes,Yes,Yes,Yes
CUST_05019,32,67,111.89961630790606,4989.088516689656,Month-to-month,Fiber optic,No,No,No,No,No,Yes,No
CUST_05020,39,24,71.15561965193122,8051.910659441095,Two year,No,Yes,No,No,No,Yes,No,No
CUST_05021,47,62,82.90596906251722,7559.064373458139,Month-to-month,No,No,No,Yes,Yes,Yes,Yes,No
CUST_05022,21,29,61.875449792021456,6561.635985073833,One year,No,No,No,Yes,Yes,No,No,No
CUST_05023,30,44,61.84907642852631,2420.160914387756,One year,DSL,Yes,Yes,No,Yes,Yes,No,Yes
CUST_05024,76,60,23.84289186446146,2129.099860617772,One year,No,Yes,No,No,No,Yes,Yes,Yes
CUST_05025,40,50,63.38214604848055,7143.712394299821,Month-to-month,DSL,Yes,No,Yes,Yes,No,No,No
CUST_05026,25,8,87.34898115131833,1623.0667990896598,Month-to-month,No,No,Yes,No,Yes,Yes,Yes,Yes
CUST_05027,35,1,62.19821661065711,5187.1349828878065,Month-to-month,Fiber optic,Yes,No,No,No,Yes,No,Yes
CUST_05028,29,4,107.24096768769564,3787.0115260968996,One year,Fiber optic,No,No,No,Yes,No,No,No
CUST_05029,72,61,53.25629524070182,4031.0863252561453,Month-to-month,No,No,No,Yes,No,Yes,Yes,No
CUST_05030,48,68,33.26820465608495,3918.1645812313427,Two year,No,No,Yes,Yes,Yes,No,No,No
CUST_05031,31,51,101.15586907290594,7659.581232478745,Month-to-month,DSL,Yes,No,Yes,Yes,No,Yes,No
CUST_05032,51,4,87.3947918328592,831.5917075218217,One year,Fiber optic,No,Yes,Yes,No,Yes,Yes,No
CUST_05033,35,58,44.18194823205818,6676.372175431228,Two year,No,No,Yes,Yes,Yes,No,No,No
CUST_05034,73,67,73.6451256042233,7114.10644123238,Two year,No,Yes,No,Yes,Yes,No,Yes,Yes
CUST_05035,51,8,60.185233859379245,8020.168036089317,One year,Fiber optic,Yes,Yes,Yes,Yes,Yes,No,No
CUST_05036,28,21,113.88597764356578,3901.839621476775,Two year,No,Yes,No,No,No,No,No,No
CUST_05037,58,26,80.7332090920629,4300.5476118501,Two year,Fiber optic,No,Yes,No,No,No,Yes,No
CUST_05038,29,9,35.83892611869916,8174.873977583699,Two year,No,No,Yes,Yes,Yes,Yes,Yes,No
CUST_05039,66,60,70.21484526369852,3950.988911972969,Two year,Fiber optic,Yes,Yes,No,No,Yes,No,No
CUST_05040,32,50,106.25568325238507,4329.807173000566,Two year,DSL,No,No,Yes,No,No,No,No
CUST_05041,74,9,87.14966700324617,2890.9362727908256,Month-to-month,No,No,No,Yes,No,No,No,No
CUST_05042,48,5,104.24520760986563,365.6705857510591,One year,No,Yes,Yes,Yes,No,Yes,No,No
CUST_05043,66,61,45.03993138656403,3737.658234796538,One year,No,No,No,No,Yes,No,Yes,Yes
CUST_05044,75,4,108.83513770475419,5602.767011118041,Month-to-month,DSL,No,Yes,Yes,Yes,Yes,Yes,No
CUST_05045,46,69,95.56113318241721,5895.54564915388,Month-to-month,No,Yes,No,No,Yes,No,No,Yes
CUST_05046,43,62,92.89137554380787,154.67263383071983,One year,No,Yes,Yes,Yes,Yes,No,Yes,Yes
CUST_05047,35,55,54.65410697635244,6828.843308091761,One year,Fiber optic,No,No,No,No,No,Yes,No
CUST_05048,49,58,108.76580637605281,4236.2911586797945,Month-to-month,No,No,Yes,Yes,Yes,No,No,No
CUST_05049,39,62,83.79793773932165,4474.26103564402,Month-to-month,No,Yes,No,No,Yes,No,Yes,No
CUST_05050,55,58,105.18394768628025,8178.646980631086,Two year,Fiber optic,Yes,No,Yes,Yes,No,No,No
CUST_05051,34,50,56.09714559862718,2489.47373270887,Month-to-month,DSL,Yes,No,No,Yes,Yes,Yes,Yes
CUST_05052,40,49,34.56520910643565,6497.876707332605,Month-to-month,DSL,Yes,No,No,Yes,No,No,No
CUST_05053,41,3,53.233718022032235,4928.120463647075,Two year,Fiber optic,Yes,No,No,Yes,No,Yes,No
CUST_05054,67,47,65.52643473751826,5986.7070770875225,Two year,DSL,Yes,Yes,Yes,No,No,No,No
CUST_05055,25,31,73.34073751454923,3609.666594961444,One year,DSL,Yes,Yes,No,No,Yes,No,No
CUST_05056,58,50,71.08092157115374,2445.3433272998545,One year,No,Yes,No,Yes,Yes,No,No,No
CUST_05057,23,51,74.60545924365644,4687.457999899049,Month-to-month,No,No,No,Yes,Yes,Yes,No,No
CUST_05058,22,33,104.17057652229475,3249.5056293622347,Two year,No,Yes,Yes,No,Yes,No,No,No
CUST_05059,61,35,37.01012461881699,1972.4539021691771,Two year,DSL,Yes,No,No,No,Yes,Yes,Yes
CUST_05060,74,69,51.60512951688709,7149.583644155605,One year,No,Yes,No,No,No,No,Yes,No
CUST_05061,46,42,108.86084904354514,4096.985398010846,One year,DSL,No,No,No,Yes,No,Yes,No
CUST_05062,45,15,76.04582045583302,7217.452226003555,Month-to-month,No,No,No,Yes,Yes,No,Yes,No
CUST_05063,28,58,78.3389870369572,4081.8652918989305,Two year,DSL,Yes,Yes,No,No,No,No,Yes
CUST_05064,74,52,67.80625446139523,4777.100660784227,One year,Fiber optic,Yes,No,No,Yes,No,No,Yes
CUST_05065,18,18,74.89746349861392,8460.354027037221,Month-to-month,Fiber optic,No,Yes,Yes,Yes,No,Yes,No
CUST_05066,60,40,39.80797305601012,8092.635381095342,Month-to-month,No,Yes,Yes,No,No,Yes,No,No
CUST_05067,36,46,74.68668994181283,2382.1949136018816,Month-to-month,DSL,No,Yes,Yes,No,No,Yes,Yes
CUST_05068,26,53,119.71731279111168,7396.705246173464,One year,Fiber optic,Yes,Yes,No,No,No,Yes,No
CUST_05069,44,54,76.60475729241843,3379.3892630564233,One year,Fiber optic,Yes,No,No,Yes,Yes,No,No
CUST_05070,51,18,24.440246560603036,698.4893984472992,One year,No,No,Yes,No,No,Yes,Yes,No
CUST_05071,61,61,99.64356443506597,4936.560524533363,One year,No,No,No,No,No,No,Yes,No
CUST_05072,21,58,59.64754287233876,8307.235619415576,One year,DSL,No,No,Yes,Yes,Yes,Yes,No
CUST_05073,53,64,35.36761485015619,8284.234970844394,Two year,Fiber optic,No,Yes,No,No,Yes,No,No
CUST_05074,35,67,106.25198062266914,1162.3091765647316,Two year,DSL,No,Yes,Yes,No,Yes,Yes,Yes
CUST_05075,32,27,39.79732555349676,6578.387999589939,Two year,DSL,No,No,Yes,No,Yes,Yes,No
CUST_05076,68,17,112.07673898585332,6843.7975717017425,Two year,No,No,No,No,Yes,Yes,No,No
CUST_05077,30,25,64.17964904426054,3197.456188259944,Month-to-month,DSL,No,Yes,No,Yes,Yes,No,Yes
CUST_05078,36,18,94.27908347497,5632.199521983159,Month-to-month,DSL,No,Yes,No,No,Yes,No,No
CUST_05079,66,54,74.69958503385206,4200.539617528662,Two year,Fiber optic,Yes,No,No,Yes,No,No,Yes
CUST_05080,23,56,45.662680391522784,2014.3020207633845,One year,DSL,Yes,Yes,No,Yes,No,No,No
CUST_05081,65,5,87.10901744959187,6494.619962289896,Two year,Fiber optic,Yes,Yes,Yes,Yes,No,No,No
CUST_05082,73,0,115.7912550890148,2307.12274562427,Two year,Fiber optic,Yes,No,Yes,No,Yes,No,No
CUST_05083,29,7,96.96369667914125,2959.7611255499373,Month-to-month,DSL,Yes,No,No,Yes,No,Yes,No
CUST_05084,68,50,80.40179965751781,1696.154601289873,One year,DSL,No,No,No,Yes,No,No,No
CUST_05085,54,24,119.06281082658566,6141.878951825116,Month-to-month,Fiber optic,Yes,No,Yes,Yes,No,Yes,No
CUST_05086,34,46,46.532666734268474,3953.2820521768667,One year,DSL,Yes,No,Yes,No,No,Yes,No
CUST_05087,75,54,26.234148790944737,3824.3353406470387,Month-to-month,Fiber optic,Yes,No,No,Yes,Yes,No,Yes
CUST_05088,40,63,23.21308661159311,5178.328081876106,Two year,DSL,No,Yes,Yes,Yes,Yes,Yes,No
CUST_05089,43,9,91.06878795587983,1421.0129568776335,One year,Fiber optic,No,No,No,Yes,Yes,Yes,Yes
CUST_05090,46,55,103.02323647341706,7644.492672856379,Month-to-month,Fiber optic,No,No,Yes,Yes,Yes,No,Yes
CUST_05091,50,11,83.51005374845266,4006.9152323818203,Two year,No,Yes,No,No,No,Yes,Yes,Yes
CUST_05092,77,32,110.50265974431983,3178.8256129290507,Month-to-month,DSL,Yes,Yes,No,Yes,Yes,Yes,No
CUST_05093,44,70,89.79760473399205,1164.2011148036167,Month-to-month,Fiber optic,Yes,Yes,No,No,No,Yes,No
CUST_05094,42,16,57.09546464090205,1510.8153166862799,Month-to-month,Fiber optic,Yes,No,Yes,Yes,No,No,No
CUST_05095,73,60,38.12582916298816,7831.026636876425,Two year,DSL,Yes,No,Yes,No,Yes,No,No
CUST_05096,72,9,112.46474785591563,3935.583080557667,One year,DSL,Yes,Yes,Yes,Yes,No,No,No
CUST_05097,27,30,30.35971499974795,6166.34492261779,Month-to-month,DSL,No,Yes,Yes,No,No,Yes,No
CUST_05098,64,59,74.29884037464055,776.3373623316787,Two year,No,No,No,No,No,Yes,Yes,No
CUST_05099,40,69,51.40079252735116,5505.102170662464,Month-to-month,DSL,No,Yes,No,No,No,No,Yes
CUST_05100,38,16,47.14150075196725,7840.761215634338,One year,No,No,Yes,Yes,Yes,Yes,No,No
CUST_05101,38,49,84.58348519168963,2619.6929874045254,Month-to-month,DSL,Yes,Yes,Yes,No,No,Yes,No
CUST_05102,60,36,43.12369373910362,4964.78020599289,Two year,No,Yes,No,No,Yes,Yes,Yes,Yes
CUST_05103,30,61,111.63651067423957,7997.8404762531445,Month-to-month,DSL,Yes,Yes,No,No,Yes,Yes,Yes
CUST_05104,54,71,60.60439090991241,6142.30945195965,Month-to-month,No,Yes,Yes,Yes,Yes,Yes,Yes,Yes
CUST_05105,50,28,87.7375346729679,623.5342200262494,One year,Fiber optic,Yes,No,Yes,Yes,No,Yes,No
CUST_05106,41,31,92.77557173285845,3281.3920369876864,One year,No,Yes,Yes,Yes,No,No,No,No
CUST_05107,61,10,88.29416946253303,820.4911511332226,One year,No,Yes,Yes,No,Yes,No,No,No
CUST_05108,28,5,110.34002408930235,7335.067808073063,Month-to-month,Fiber optic,Yes,Yes,No,Yes,No,Yes,No
CUST_05109,34,34,43.11308636059981,5321.96669011037,Two year,DSL,No,No,No,No,Yes,Yes,No
CUST_05110,21,32,28.60545446861012,8133.60665660464,Month-to-month,Fiber optic,Yes,No,No,Yes,Yes,Yes,No
CUST_05111,64,17,25.546569726504934,265.95316516078015,Month-to-month,Fiber optic,No,No,Yes,Yes,No,No,No
CUST_05112,42,36,107.78441504750248,3653.933906772796,Month-to-month,Fiber optic,Yes,Yes,No,Yes,No,No,Yes
CUST_05113,47,12,117.32870499391821,976.6584361729158,Month-to-month,No,Yes,Yes,Yes,No,No,Yes,No
CUST_05114,26,63,50.25265412047126,3044.097710007267,One year,Fiber optic,No,Yes,No,Yes,Yes,Yes,No
CUST_05115,38,0,89.35139235749692,1459.8493161953309,One year,DSL,Yes,No,Yes,No,No,Yes,Yes
CUST_05116,37,62,20.891278417174888,2861.8675839447296,One year,No,Yes,No,Yes,No,Yes,No,Yes
CUST_05117,36,33,38.863151011598774,6981.800839665044,One year,No,No,Yes,No,No,No,No,No
CUST_05118,36,9,88.92743824616144,1449.8743424547101,Two year,Fiber optic,Yes,No,Yes,No,No,No,Yes
CUST_05119,29,6,26.58871393152328,4078.7839583983814,Month-to-month,No,No,No,Yes,Yes,No,Yes,No
CUST_05120,54,55,66.85100499198245,7841.298326108422,Month-to-month,DSL,Yes,Yes,No,Yes,No,Yes,No
CUST_05121,59,36,86.25832643739489,8489.746017976173,Month-to-month,No,Yes,Yes,Yes,Yes,Yes,No,No
CUST_05122,34,28,96.59581713055174,2205.3853926706997,Two year,Fiber optic,No,No,No,Yes,Yes,No,No
CUST_05123,54,11,65.38159137243704,7958.772634435242,Two year,Fiber optic,Yes,No,No,Yes,Yes,No,Yes
CUST_05124,71,16,83.02840394963431,2295.6649187286143,One year,Fiber optic,No,No,No,No,Yes,No,No
CUST_05125,65,47,73.95756295620613,3573.639391462184,Month-to-month,No,Yes,Yes,Yes,No,Yes,Yes,No
CUST_05126,56,25,25.23057720833211,7474.55834275995,Month-to-month,Fiber optic,Yes,No,Yes,No,No,Yes,No
CUST_05127,45,11,94.28046872598465,6703.879281363685,Two year,No,No,Yes,No,Yes,No,Yes,No
CUST_05128,58,20,37.236191588537494,7302.895480679376,Month-to-month,Fiber optic,Yes,No,No,No,No,Yes,No
CUST_05129,52,41,23.180553123384133,6822.156106157386,Two year,Fiber optic,No,No,Yes,Yes,Yes,No,Yes
CUST_05130,64,60,65.11679162883723,2074.5124420843476,One year,Fiber optic,Yes,Yes,No,Yes,Yes,Yes,Yes
CUST_05131,65,57,106.56375872815103,4793.878969617058,Two year,DSL,No,Yes,No,Yes,No,No,Yes
CUST_05132,35,53,35.082943766102865,3336.1060342401443,Month-to-month,DSL,No,No,No,No,Yes,No,No
CUST_05133,31,33,21.2857534116975,3961.5721349662967,Two year,Fiber optic,No,No,Yes,No,No,Yes,No
CUST_05134,52,6,30.997923576541712,1393.2329378384984,Two year,Fiber optic,No,Yes,Yes,No,No,No,Yes
CUST_05135,61,34,56.36591143316067,2752.4474974914324,One year,No,Yes,No,Yes,No,No,No,No
CUST_05136,58,14,78.01718699913037,7304.23581994637,Month-to-month,No,No,Yes,No,No,Yes,Yes,No
CUST_05137,77,64,39.301213398589255,7639.490643043778,Month-to-month,DSL,Yes,Yes,No,Yes,Yes,Yes,No
CUST_05138,24,24,100.19640050225706,5225.2859047527645,One year,No,Yes,No,No,No,Yes,Yes,No
CUST_05139,58,58,95.3297120549082,4285.4449588063235,Two year,No,Yes,Yes,No,No,Yes,Yes,No
CUST_05140,30,5,89.58636165986992,6087.853380454123,Two year,No,No,Yes,Yes,No,No,No,No
CUST_05141,35,51,68.7469808315544,5214.3673018664995,Month-to-month,No,No,No,Yes,Yes,No,Yes,No
CUST_05142,54,20,56.521695513398534,8362.870053321634,Two year,DSL,Yes,No,No,No,No,Yes,No
CUST_05143,30,70,57.55866209648108,1696.7458541793073,One year,DSL,Yes,No,Yes,No,Yes,Yes,No
CUST_05144,53,31,70.30705349557333,3871.9757004704456,Month-to-month,No,Yes,No,No,Yes,Yes,No,No
CUST_05145,48,52,27.73146868826545,7813.220219198651,Two year,No,No,No,No,No,Yes,Yes,Yes
CUST_05146,19,58,88.23054628670612,7783.791303231604,One year,DSL,No,No,Yes,Yes,No,No,No
CUST_05147,33,68,55.150754400930204,4260.913511113858,One year,Fiber optic,No,No,Yes,Yes,Yes,No,No
CUST_05148,26,61,42.47587779386886,1232.3956168116042,Month-to-month,No,Yes,No,No,No,Yes,No,No
CUST_05149,26,3,47.83270704986389,6945.646926940381,Month-to-month,Fiber optic,No,No,No,No,Yes,No,No
CUST_05150,55,17,38.02942852862178,5015.38756662812,Two year,No,No,Yes,Yes,No,No,No,No
CUST_05151,28,55,110.15680855277886,6594.594533200957,Two year,DSL,No,No,Yes,Yes,No,Yes,No
CUST_05152,71,23,36.90375163625511,3985.1985038489584,Two year,No,No,Yes,Yes,No,No,Yes,Yes
CUST_05153,73,65,108.29261188948627,1812.6249442693434,One year,Fiber optic,Yes,No,No,Yes,No,No,No
CUST_05154,39,12,77.22433959684514,301.511022827975,One year,DSL,Yes,No,Yes,Yes,Yes,No,Yes
CUST_05155,50,61,106.74509553888602,4796.761458253918,Two year,No,Yes,Yes,Yes,No,No,No,Yes
CUST_05156,53,53,67.40642169055121,1452.7879026053524,Month-to-month,No,Yes,Yes,Yes,No,Yes,Yes,No
CUST_05157,62,14,112.76337194810736,1671.9525522217002,One year,DSL,No,Yes,No,Yes,No,Yes,Yes
CUST_05158,40,68,41.149074360835016,3764.9673000401804,One year,No,Yes,Yes,Yes,No,No,No,No
CUST_05159,62,2,75.46917528472746,3813.4474168867414,Two year,DSL,Yes,No,Yes,Yes,No,No,No
CUST_05160,62,36,32.58386905136692,2404.8515577279245,Month-to-month,No,Yes,No,Yes,No,Yes,No,No
CUST_05161,51,36,64.72202852023644,1208.1465507571352,One year,DSL,Yes,No,Yes,No,No,Yes,Yes
CUST_05162,26,2,76.99036966468424,8037.6031153076365,Month-to-month,No,Yes,No,No,No,No,No,No
CUST_05163,41,62,80.5675222173172,1205.7811733773833,One year,DSL,No,No,Yes,No,Yes,No,No
CUST_05164,25,34,56.55287969072791,3046.4897106494877,Month-to-month,DSL,Yes,No,No,Yes,Yes,No,Yes
CUST_05165,24,51,27.633564216645283,2660.8911379025485,Month-to-month,No,No,Yes,Yes,Yes,No,Yes,No
CUST_05166,53,27,85.53260713826526,7377.238334451836,One year,DSL,No,No,Yes,Yes,Yes,No,No
CUST_05167,35,17,68.84318604532778,3544.5245672199926,Month-to-month,No,No,Yes,Yes,Yes,No,No,No
CUST_05168,20,35,33.68788666372569,1141.9653935686601,One year,No,Yes,No,Yes,Yes,No,No,No
CUST_05169,45,32,113.58759694060996,186.19263859776123,One year,No,Yes,No,Yes,Yes,Yes,No,No
CUST_05170,23,63,115.56686621834433,6164.376669186009,Month-to-month,DSL,No,Yes,Yes,No,No,Yes,Yes
CUST_05171,61,25,105.66062798313689,6101.809177569942,One year,No,Yes,No,No,No,Yes,No,No
CUST_05172,61,47,104.38683005175974,3609.382839031113,Month-to-month,DSL,No,No,No,Yes,No,No,No
CUST_05173,38,39,29.867127586805612,1160.9872026235182,One year,Fiber optic,No,Yes,No,Yes,No,No,No
CUST_05174,45,16,119.34201095825678,3221.724025611082,Month-to-month,Fiber optic,Yes,Yes,No,Yes,No,Yes,No
CUST_05175,57,39,60.03806798637316,5055.012587703059,One year,Fiber optic,Yes,No,No,Yes,No,No,No
CUST_05176,71,6,36.31211158671135,6013.120711177465,One year,No,No,Yes,Yes,Yes,Yes,No,No
CUST_05177,71,56,101.21017282172211,757.2150964479201,Two year,DSL,Yes,Yes,Yes,Yes,Yes,No,No
CUST_05178,18,7,42.57307684630578,4772.982753163304,One year,No,No,Yes,Yes,No,No,Yes,No
CUST_05179,53,55,72.61753206695914,2419.4422589643555,One year,DSL,No,No,Yes,No,Yes,Yes,No
CUST_05180,38,30,32.80160652034363,5285.036811922598,Month-to-month,Fiber optic,Yes,Yes,No,Yes,Yes,Yes,No
CUST_05181,77,58,67.46457232758885,5544.3770320639915,Month-to-month,Fiber optic,No,No,No,Yes,No,Yes,Yes
CUST_05182,60,57,75.81414934029422,7749.071094907636,Month-to-month,Fiber optic,Yes,Yes,Yes,No,No,No,Yes
CUST_05183,52,11,64.59239599513427,3547.1783532672634,Month-to-month,No,Yes,Yes,Yes,No,No,No,Yes
CUST_05184,30,47,26.9486824752653,4615.761545136667,Two year,No,No,Yes,No,No,Yes,No,No
CUST_05185,74,30,68.49390305827633,2353.0070311882782,Two year,DSL,Yes,Yes,No,No,No,Yes,No
CUST_05186,66,62,66.89428434408158,2507.0790028190704,Month-to-month,DSL,No,No,Yes,No,No,Yes,No
CUST_05187,71,38,46.16202772906738,486.68376511544506,Month-to-month,Fiber optic,Yes,No,No,Yes,No,Yes,No
CUST_05188,71,19,112.16015996574365,2502.979115307453,Month-to-month,No,No,No,Yes,No,Yes,Yes,No
CUST_05189,27,47,61.77923326982561,636.1609925615264,Month-to-month,No,No,Yes,Yes,No,Yes,Yes,Yes
CUST_05190,70,70,106.41157961963852,8196.892640920969,One year,DSL,No,Yes,No,No,Yes,No,No
CUST_05191,61,53,30.966382963344188,5343.811177159278,Month-to-month,DSL,Yes,Yes,No,No,No,Yes,Yes
CUST_05192,64,70,51.887728420618146,1554.4479139648702,One year,No,No,No,Yes,No,Yes,No,No
CUST_05193,70,28,37.633085376804004,1080.837422490815,Month-to-month,No,No,Yes,No,No,Yes,Yes,No
CUST_05194,27,47,60.84107878481925,3209.0300120113648,Two year,DSL,No,Yes,No,No,No,Yes,Yes
CUST_05195,63,55,31.16366871708786,2684.2375267982675,Two year,No,Yes,No,Yes,No,No,No,Yes
CUST_05196,30,16,64.10348058456205,2445.740159681405,Month-to-month,No,No,Yes,Yes,No,Yes,No,No
CUST_05197,54,8,55.38707434482363,4032.846777420578,Two year,Fiber optic,No,No,Yes,No,Yes,No,Yes
CUST_05198,55,33,42.33150472740052,7768.140281002293,Two year,No,No,No,No,No,Yes,No,Yes
CUST_05199,41,44,84.2179411950315,4871.622136985449,Two year,No,Yes,No,Yes,Yes,Yes,Yes,No
CUST_05200,19,8,115.0911488147832,4478.344638527601,Two year,No,No,Yes,Yes,No,No,Yes,No
CUST_05201,39,6,40.71134735495869,6875.006855352887,One year,DSL,Yes,Yes,Yes,No,No,Yes,Yes
CUST_05202,34,15,91.17908398984504,133.80673741386894,One year,Fiber optic,Yes,Yes,No,Yes,Yes,Yes,No
CUST_05203,53,18,94.23808892567429,1758.0396209039611,One year,DSL,Yes,No,No,No,No,Yes,No
CUST_05204,31,5,69.81205164258624,4267.961848866223,One year,Fiber optic,Yes,Yes,Yes,No,No,Yes,Yes
CUST_05205,27,10,109.7668346100567,6024.59610838536,Month-to-month,Fiber optic,Yes,No,No,No,Yes,Yes,No
CUST_05206,52,60,116.63900660648402,4174.236837492962,Two year,No,No,No,No,Yes,Yes,No,No
CUST_05207,42,41,56.224645205384945,1475.214242927368,Two year,Fiber optic,No,Yes,Yes,Yes,Yes,Yes,Yes
CUST_05208,20,12,85.10332980031876,7911.855668357242,Month-to-month,Fiber optic,Yes,Yes,No,Yes,No,No,No
CUST_05209,64,11,86.22126179001123,2860.7871012857404,Month-to-month,No,Yes,No,No,No,Yes,No,No
CUST_05210,55,19,60.363552625250456,6721.011723713834,One year,No,No,No,Yes,Yes,Yes,No,No
CUST_05211,34,49,51.67910744946142,7587.872010619947,One year,Fiber optic,No,Yes,No,No,No,Yes,No
CUST_05212,29,35,113.37441982278135,3010.174772584798,Two year,DSL,No,Yes,No,Yes,Yes,No,No
CUST_05213,71,68,98.99815493126752,7200.618963172879,Month-to-month,Fiber optic,Yes,No,No,No,No,Yes,No
CUST_05214,69,36,31.446456597454414,6070.498938601098,Two year,DSL,No,No,No,Yes,Yes,No,Yes
CUST_05215,41,11,31.9884071584887,7695.959027960851,Month-to-month,DSL,No,Yes,No,Yes,No,No,No
CUST_05216,46,39,112.25427688528266,2211.009894473012,One year,Fiber optic,Yes,No,Yes,No,No,No,No
CUST_05217,60,53,28.140976502692443,7922.731891561516,Two year,DSL,Yes,Yes,Yes,No,Yes,No,No
CUST_05218,42,1,88.84213462431659,648.5744040274144,Two year,Fiber optic,No,Yes,No,No,Yes,Yes,No
CUST_05219,53,49,42.675824694441175,6766.838796567451,Month-to-month,DSL,No,No,Yes,No,Yes,No,Yes
CUST_05220,75,40,23.518534274161865,3759.5861738937147,Two year,DSL,Yes,No,Yes,No,Yes,Yes,No
CUST_05221,77,44,25.96375460800902,1594.2757215648696,One year,Fiber optic,No,Yes,Yes,Yes,Yes,No,No
CUST_05222,43,8,57.352210367956204,766.9848228625085,Two year,No,No,No,Yes,No,No,No,No
CUST_05223,55,61,27.758845168936467,3372.1991167510796,Month-to-month,No,No,Yes,No,No,Yes,Yes,Yes
CUST_05224,18,46,79.6639199933454,3370.3209425027762,Two year,Fiber optic,No,No,No,No,Yes,No,No
CUST_05225,37,4,84.72545113740756,2031.6420281786775,One year,Fiber optic,No,No,No,Yes,Yes,No,No
CUST_05226,72,0,57.346857198304896,1910.3293461638798,Month-to-month,No,Yes,No,Yes,No,No,No,No
CUST_05227,45,43,94.28780757183507,3455.9201035932547,Month-to-month,No,No,No,No,Yes,Yes,Yes,No
CUST_05228,33,21,69.00425201695774,3544.9566189233215,One year,DSL,No,Yes,Yes,No,No,Yes,No
CUST_05229,64,37,63.02285034020821,3815.8643129708153,Month-to-month,DSL,Yes,Yes,No,No,No,Yes,No
CUST_05230,34,18,60.6988088790125,7397.578848513251,Month-to-month,DSL,No,Yes,No,No,Yes,No,No
CUST_05231,57,30,63.110648734553735,5234.537853951163,Two year,No,No,No,Yes,Yes,Yes,No,No
CUST_05232,45,66,116.78876499344186,271.6385950008101,Month-to-month,Fiber optic,Yes,Yes,No,No,No,Yes,Yes
CUST_05233,75,41,88.14070600384376,4460.433630802343,Two year,DSL,Yes,No,Yes,No,No,No,No
CUST_05234,29,25,51.52098471611,6504.590886280338,One year,Fiber optic,No,No,No,Yes,No,Yes,Yes
CUST_05235,44,12,93.38598702055653,573.8801758139443,One year,No,Yes,Yes,Yes,No,No,Yes,Yes
CUST_05236,71,57,53.0267388322916,3649.9061859024955,One year,DSL,No,Yes,Yes,Yes,No,No,No
CUST_05237,70,17,32.57149077846762,3890.1652033635633,One year,No,No,No,Yes,No,Yes,Yes,No
CUST_05238,59,66,67.5360357455649,8113.771799620516,Month-to-month,Fiber optic,Yes,No,No,No,No,No,Yes
CUST_05239,76,2,95.1023859138414,4095.745211776867,Month-to-month,DSL,Yes,No,No,Yes,No,No,No
CUST_05240,64,54,57.76599108873212,6399.162206362499,Two year,Fiber optic,No,No,Yes,No,No,Yes,No
CUST_05241,47,57,106.91741420473429,2644.377179756044,Two year,Fiber optic,No,No,Yes,No,No,Yes,No
CUST_05242,58,62,58.69527040877598,6646.175869982824,Two year,DSL,No,No,Yes,No,No,Yes,Yes
CUST_05243,51,51,54.98390255067317,2810.363878577661,Month-to-month,DSL,Yes,Yes,No,Yes,Yes,No,No
CUST_05244,54,23,119.82439138632667,3712.198133698082,Two year,No,Yes,Yes,Yes,No,Yes,Yes,Yes
CUST_05245,23,71,68.24720229900655,4127.651133618261,Month-to-month,DSL,No,No,No,No,No,No,No
CUST_05246,24,8,100.5221209713506,7881.448943111295,One year,DSL,No,Yes,No,Yes,Yes,Yes,No
CUST_05247,49,36,100.49880560599225,549.0098015608874,Month-to-month,DSL,No,Yes,No,No,No,Yes,Yes
CUST_05248,49,52,112.63693370991794,1753.6840684907806,One year,DSL,No,Yes,Yes,No,Yes,Yes,No
CUST_05249,70,23,28.489505445030368,6028.239068059032,Two year,DSL,No,Yes,No,No,Yes,Yes,No
CUST_05250,42,20,47.12202764268423,4951.652343008537,Month-to-month,No,No,Yes,Yes,Yes,Yes,No,No
CUST_05251,50,39,96.77480915464339,2212.863679485797,Two year,Fiber optic,No,Yes,Yes,No,Yes,No,No
CUST_05252,72,61,76.2601492398565,2529.28745492444,Two year,No,No,Yes,No,No,No,Yes,No
CUST_05253,75,69,75.96149423545339,3185.3996791129116,One year,Fiber optic,No,Yes,No,Yes,Yes,Yes,No
CUST_05254,24,68,36.62153018702408,3882.914374374759,Two year,DSL,Yes,No,Yes,Yes,No,Yes,No
CUST_05255,69,13,48.11530141139298,6971.429515323335,Month-to-month,No,Yes,Yes,No,Yes,Yes,Yes,No
CUST_05256,74,41,72.13340857167344,216.05000236448564,Two year,Fiber optic,No,No,No,No,Yes,Yes,No
CUST_05257,79,49,47.71813646746212,7643.365826193219,One year,Fiber optic,No,Yes,No,Yes,Yes,Yes,No
CUST_05258,29,60,41.028279269871504,3569.4277377048365,One year,DSL,Yes,No,No,No,No,Yes,No
CUST_05259,33,3,28.775605576999613,2036.1791475578702,Two year,DSL,Yes,No,Yes,No,Yes,Yes,No
CUST_05260,33,71,35.57260119233456,4370.6666760297,One year,Fiber optic,Yes,Yes,No,Yes,Yes,Yes,No
CUST_05261,60,16,96.8867762491973,5641.228358676458,Two year,No,Yes,No,No,No,Yes,Yes,No
CUST_05262,70,56,91.87791805847155,475.9186412262694,One year,Fiber optic,No,Yes,No,Yes,No,No,Yes
CUST_05263,53,47,24.58336843487116,6112.529753995093,Two year,No,No,Yes,No,Yes,Yes,Yes,Yes
CUST_05264,30,43,40.3284085344111,6490.3939757044445,Two year,No,Yes,Yes,No,Yes,Yes,Yes,No
CUST_05265,24,44,76.04553467327162,1495.9311883167222,Month-to-month,Fiber optic,No,Yes,No,Yes,No,Yes,No
CUST_05266,53,32,52.26278442367732,1510.2039983659843,Month-to-month,No,No,No,No,No,Yes,Yes,No
CUST_05267,64,30,102.32496026795305,1811.7902581433655,Two year,Fiber optic,No,Yes,No,No,Yes,No,No
CUST_05268,68,46,98.4989307662147,6791.681181365352,Month-to-month,Fiber optic,Yes,No,No,No,No,No,No
CUST_05269,26,5,109.15805579581095,2384.8256698219884,Month-to-month,DSL,Yes,No,Yes,Yes,Yes,No,No
CUST_05270,49,71,76.29312315051159,6785.861039656578,One year,Fiber optic,No,Yes,Yes,Yes,No,No,No
CUST_05271,28,70,55.207647980909854,4640.400415086332,Month-to-month,Fiber optic,Yes,No,No,No,No,No,No
CUST_05272,25,33,80.60646961849179,6544.239173443193,One year,DSL,Yes,No,No,Yes,No,No,No
CUST_05273,50,52,28.91366797454578,4750.853550108731,Month-to-month,DSL,Yes,No,Yes,No,Yes,No,No
CUST_05274,40,13,20.95860177414676,2920.4587533790423,Month-to-month,No,No,Yes,Yes,Yes,No,Yes,Yes
CUST_05275,42,15,21.709352012035538,7749.998798327689,Two year,No,No,No,No,Yes,No,Yes,No
CUST_05276,73,42,60.75429379342162,6108.483559602699,Month-to-month,DSL,No,Yes,Yes,No,Yes,No,Yes
CUST_05277,25,11,42.80775941030633,4166.060341131641,Two year,DSL,Yes,Yes,Yes,No,Yes,Yes,No
CUST_05278,62,69,35.73377058000477,5454.399201552264,Two year,DSL,Yes,Yes,Yes,No,Yes,Yes,No
CUST_05279,39,18,81.53260156181705,5273.084189299541,Two year,Fiber optic,No,Yes,Yes,Yes,No,No,No
CUST_05280,76,40,119.50950426131811,3108.1762186358683,Two year,Fiber optic,Yes,No,Yes,No,No,No,No
CUST_05281,21,52,37.77532036155364,3659.682672947983,Month-to-month,Fiber optic,Yes,No,Yes,No,No,Yes,No
CUST_05282,57,28,74.64214242139388,2773.3569321182135,Two year,DSL,Yes,No,Yes,Yes,Yes,No,No
CUST_05283,20,69,31.972751399989377,8495.952303889804,Month-to-month,No,Yes,Yes,Yes,Yes,No,No,No
CUST_05284,46,58,113.4236441072139,4972.54141346887,Month-to-month,No,No,Yes,No,Yes,No,Yes,No
CUST_05285,58,63,49.175516857058504,873.2646972186832,One year,Fiber optic,No,Yes,Yes,Yes,Yes,No,No
CUST_05286,46,23,107.83398200433784,4460.500343093739,One year,Fiber optic,Yes,No,No,Yes,No,No,No
CUST_05287,51,15,48.30764392503768,519.6805032434551,One year,DSL,No,Yes,Yes,No,Yes,No,No
CUST_05288,51,51,100.60524801867194,2524.6772058289134,Two year,DSL,No,No,No,Yes,Yes,Yes,Yes
CUST_05289,45,5,40.93813334457727,3846.0733741999384,Month-to-month,No,No,No,No,No,No,Yes,No
CUST_05290,30,36,49.27894301534444,4587.87208745606,Month-to-month,No,Yes,Yes,No,Yes,No,No,Yes
CUST_05291,32,3,39.2475365403634,8299.92375771734,Two year,DSL,No,Yes,No,Yes,No,No,No
CUST_05292,77,37,46.425987784965564,8350.662479954877,One year,No,Yes,No,Yes,Yes,No,Yes,No
CUST_05293,40,40,103.48657553333153,923.782707213377,One year,No,No,No,No,Yes,Yes,No,No
CUST_05294,61,13,83.90324975466974,4620.31445120827,Month-to-month,Fiber optic,No,Yes,Yes,No,Yes,Yes,No
CUST_05295,43,70,60.5879668837224,6963.718919613758,Month-to-month,DSL,No,Yes,No,No,No,Yes,No
CUST_05296,21,50,117.15210270821562,2096.7876901231402,Month-to-month,DSL,No,Yes,Yes,No,Yes,Yes,Yes
CUST_05297,43,64,66.48615271295738,6404.730028143162,One year,DSL,Yes,Yes,No,Yes,Yes,Yes,No
CUST_05298,57,51,116.97599712588514,7480.400067921826,Month-to-month,Fiber optic,No,No,Yes,No,No,Yes,No
CUST_05299,26,29,39.65869229108603,5664.894126697852,One year,DSL,No,Yes,Yes,No,Yes,Yes,No
CUST_05300,72,56,110.46384271149493,2852.7081302989986,One year,No,No,No,No,No,No,Yes,No
CUST_05301,22,29,21.38222040974947,7854.31148246081,One year,Fiber optic,No,Yes,Yes,No,No,Yes,No
CUST_05302,73,41,74.53032023657575,7521.568786863018,Two year,Fiber optic,No,Yes,Yes,No,Yes,Yes,No
CUST_05303,49,10,62.30523942920148,6112.932677869915,Two year,DSL,Yes,No,No,Yes,No,No,No
CUST_05304,37,26,72.50878454719793,3154.812152872254,Month-to-month,No,Yes,Yes,Yes,Yes,Yes,No,Yes
CUST_05305,67,23,75.34448319476991,6751.929444116315,One year,DSL,Yes,No,No,Yes,Yes,Yes,No
CUST_05306,28,38,58.90313540677109,2755.315444617986,Month-to-month,No,Yes,Yes,No,Yes,Yes,No,Yes
CUST_05307,32,71,119.81978468860952,2224.803951201994,One year,DSL,No,No,Yes,No,Yes,No,Yes
CUST_05308,49,17,117.65071903006259,4426.112450054761,Month-to-month,No,Yes,No,No,No,No,Yes,Yes
CUST_05309,45,44,116.17453767045951,8475.935890010505,Month-to-month,No,Yes,No,No,No,No,Yes,No
CUST_05310,39,11,117.90850473765879,6856.304308046617,Two year,No,No,Yes,Yes,No,Yes,Yes,No
CUST_05311,58,48,99.30123987693986,6230.25894979392,Two year,Fiber optic,Yes,No,Yes,Yes,Yes,No,No
CUST_05312,34,30,118.8590479026332,3896.907072229409,Two year,DSL,Yes,No,Yes,No,No,Yes,No
CUST_05313,76,21,109.2360225275142,2720.380077160855,Two year,DSL,No,Yes,No,No,No,Yes,No
CUST_05314,43,43,61.59326370324211,7289.566410464334,One year,DSL,Yes,No,No,No,Yes,No,Yes
CUST_05315,61,63,98.47771083834077,4868.955351840562,Month-to-month,Fiber optic,Yes,No,Yes,No,No,No,No
CUST_05316,24,24,111.20678451256258,6931.3415894239515,Month-to-month,No,Yes,Yes,Yes,Yes,Yes,No,No
CUST_05317,59,50,91.26060735870925,4197.13116039622,One year,Fiber optic,Yes,Yes,Yes,No,No,Yes,No
CUST_05318,74,6,62.27823405656039,6433.242949701643,One year,Fiber optic,No,Yes,Yes,Yes,Yes,No,No
CUST_05319,43,5,26.579024201642525,7389.024892842236,Month-to-month,No,Yes,No,Yes,Yes,No,Yes,No
CUST_05320,42,23,100.96969370605876,3387.6762223479964,Two year,DSL,No,No,Yes,No,No,No,No
CUST_05321,27,18,115.27428731264703,213.98438719373374,Two year,Fiber optic,No,No,Yes,Yes,No,No,Yes
CUST_05322,76,8,56.24632602299263,2241.3831545756357,Two year,No,No,Yes,Yes,Yes,Yes,No,No
CUST_05323,62,35,35.19060509889396,7785.286345109035,One year,No,No,Yes,Yes,No,Yes,No,Yes
CUST_05324,36,39,52.65038394705557,5875.354988639244,Month-to-month,DSL,Yes,No,Yes,No,Yes,Yes,No
CUST_05325,28,23,78.26223581782463,6292.637218070299,One year,No,Yes,No,No,Yes,No,No,No
CUST_05326,30,47,51.692900328223615,2832.42435982954,Month-to-month,No,Yes,Yes,No,No,Yes,Yes,No
CUST_05327,70,62,81.06187301963539,5990.693071269959,Two year,No,No,No,No,No,No,Yes,Yes
CUST_05328,25,68,116.68522322446306,5528.770021439172,Two year,DSL,No,No,Yes,Yes,Yes,Yes,Yes
CUST_05329,57,52,87.07344933076826,1598.3387732070435,Two year,DSL,No,Yes,Yes,Yes,Yes,Yes,No
CUST_05330,21,53,56.265936628562166,8237.002530417414,Month-to-month,No,Yes,No,No,Yes,Yes,Yes,No
CUST_05331,64,41,113.57529714715349,3073.8149841210156,Two year,No,Yes,Yes,No,No,No,Yes,No
CUST_05332,48,44,76.56352687011439,2866.010580256355,Month-to-month,DSL,Yes,No,No,Yes,Yes,No,No
CUST_05333,45,13,32.83723985325666,3200.956971533663,One year,DSL,Yes,No,Yes,No,No,Yes,No
CUST_05334,28,28,69.89810051937616,870.4447686944624,Two year,DSL,Yes,No,Yes,Yes,No,No,No
CUST_05335,60,5,85.36364449100499,5349.693543583013,One year,Fiber optic,Yes,No,No,Yes,No,No,Yes
CUST_05336,18,6,103.82543658167386,2104.443647469733,One year,DSL,No,Yes,Yes,Yes,No,Yes,No
CUST_05337,66,36,113.64767867076473,6847.8271536271195,Month-to-month,No,No,Yes,No,Yes,Yes,No,No
CUST_05338,64,52,51.74161337163852,3410.911913125145,One year,DSL,Yes,No,No,No,No,Yes,No
CUST_05339,69,17,35.55123640790368,3951.8912512414768,Month-to-month,No,No,No,No,Yes,No,No,No
CUST_05340,55,37,27.38286421938824,5529.945254570695,Month-to-month,No,Yes,No,Yes,No,Yes,Yes,Yes
CUST_05341,41,58,93.83546027082828,6499.717525211409,One year,No,No,Yes,No,No,No,Yes,No
CUST_05342,71,0,99.51582527154319,2041.3685607241384,Month-to-month,DSL,Yes,No,Yes,No,No,No,Yes
CUST_05343,77,67,60.93731269281668,8216.872369632427,Month-to-month,DSL,Yes,Yes,No,Yes,Yes,Yes,No
CUST_05344,74,43,59.5925407173629,5327.500986120122,Month-to-month,DSL,Yes,Yes,No,No,No,Yes,Yes
CUST_05345,64,46,115.4237031654632,147.36443740325564,One year,DSL,No,No,Yes,No,Yes,No,No
CUST_05346,48,34,111.66813250803274,3591.2265633578295,Month-to-month,DSL,Yes,Yes,Yes,Yes,No,Yes,No
CUST_05347,58,59,43.32659019170433,3769.269693298336,Two year,Fiber optic,No,Yes,No,Yes,No,No,No
CUST_05348,63,51,98.08076477498072,6896.9857981849345,One year,DSL,Yes,Yes,Yes,Yes,Yes,Yes,Yes
CUST_05349,67,7,82.270039623294,2663.174102612232,One year,Fiber optic,No,Yes,No,Yes,No,No,No
CUST_05350,43,40,35.42227391196399,2882.302736877693,Month-to-month,No,No,Yes,No,No,Yes,Yes,No
CUST_05351,66,2,55.67710470865604,692.1503799615705,One year,No,Yes,Yes,Yes,Yes,No,No,No
CUST_05352,67,68,37.747294130748244,2481.7866060168444,Two year,No,Yes,Yes,No,Yes,Yes,Yes,No
CUST_05353,22,13,49.51560388218386,6122.478292481141,One year,No,Yes,Yes,No,Yes,No,Yes,No
CUST_05354,37,25,81.53011757733516,5431.958124302485,One year,Fiber optic,No,Yes,No,Yes,Yes,Yes,No
CUST_05355,69,69,57.52654710434397,783.71033926631,One year,Fiber optic,Yes,Yes,No,Yes,No,No,Yes
CUST_05356,58,57,59.405951983585716,1063.428693764177,Month-to-month,No,Yes,Yes,No,No,No,Yes,No
CUST_05357,28,39,73.96472926171899,3266.1780969709075,Two year,DSL,No,No,No,No,Yes,Yes,No
CUST_05358,73,50,28.722413884172276,6347.565201984482,Two year,No,No,Yes,No,Yes,No,No,No
CUST_05359,71,4,93.87972898494148,7096.513536280491,Two year,No,No,No,Yes,Yes,No,No,No
CUST_05360,50,31,60.170953341334005,222.84196128414624,One year,Fiber optic,Yes,No,Yes,No,No,Yes,No
CUST_05361,67,0,68.03970882023202,2863.6888493821657,Two year,No,Yes,No,No,Yes,Yes,No,No
CUST_05362,55,53,117.42997288546317,3663.79965448003,Month-to-month,Fiber optic,Yes,No,No,No,No,Yes,No
CUST_05363,44,10,54.4366888318254,7753.515610639835,One year,Fiber optic,Yes,Yes,Yes,No,No,No,Yes
CUST_05364,51,52,84.82189359739255,4311.81508475932,Month-to-month,No,No,Yes,No,No,No,No,No
CUST_05365,32,7,59.25043172958107,2365.4864280637435,One year,DSL,No,Yes,Yes,No,Yes,No,No
CUST_05366,49,24,109.42827186836782,3376.3953473762963,Month-to-month,Fiber optic,No,No,Yes,Yes,Yes,Yes,No
CUST_05367,78,39,104.67562669950395,3766.0493085558765,One year,Fiber optic,Yes,Yes,Yes,Yes,Yes,Yes,No
CUST_05368,75,31,44.16242717623843,5727.965337645939,Month-to-month,Fiber optic,No,No,No,Yes,No,Yes,Yes
CUST_05369,38,27,89.17457126109005,445.13737692637176,Two year,No,Yes,No,No,Yes,No,Yes,No
CUST_05370,63,2,26.5171995897207,3371.3939694045425,One year,No,No,No,Yes,Yes,No,No,Yes
CUST_05371,22,61,116.318538952989,5531.058950081391,One year,Fiber optic,No,No,Yes,No,Yes,Yes,No
CUST_05372,23,26,54.899010801415756,2479.9074490609387,Month-to-month,DSL,Yes,Yes,No,No,Yes,Yes,Yes
CUST_05373,55,44,103.1842772584767,5070.708455978895,Month-to-month,No,No,No,No,Yes,No,Yes,Yes
CUST_05374,79,24,51.843136607731,3101.1430128739703,Month-to-month,DSL,No,Yes,Yes,No,Yes,No,Yes
CUST_05375,39,60,83.2770741196872,6473.255287056914,One year,DSL,Yes,Yes,Yes,No,No,No,Yes
CUST_05376,79,43,118.35907919843318,609.0206502849451,Month-to-month,No,No,No,Yes,No,Yes,Yes,Yes
CUST_05377,35,45,107.67498631316303,7810.880637891393,Two year,Fiber optic,Yes,Yes,No,No,Yes,No,No
CUST_05378,31,13,36.03659099049074,1541.5454027713952,Month-to-month,DSL,No,No,No,Yes,No,No,No
CUST_05379,27,7,74.74884331494712,1431.7955286945328,Month-to-month,Fiber optic,No,No,Yes,Yes,No,No,Yes
CUST_05380,63,47,54.853178211469015,7161.400736094985,Month-to-month,DSL,Yes,Yes,No,No,No,No,Yes
CUST_05381,30,13,63.43388516482918,7401.976553400665,Two year,Fiber optic,Yes,Yes,No,No,Yes,No,No
CUST_05382,48,64,53.518312921876856,880.9758329447225,Month-to-month,No,Yes,Yes,Yes,Yes,Yes,Yes,No
CUST_05383,47,6,53.595924819551314,7733.238995325246,Month-to-month,DSL,No,Yes,No,Yes,Yes,No,Yes
CUST_05384,20,48,74.25532437766114,2395.7020805234006,One year,DSL,No,Yes,No,Yes,Yes,No,Yes
CUST_05385,47,54,39.196400912315255,5296.422157427666,One year,DSL,Yes,No,Yes,Yes,Yes,No,No
CUST_05386,23,12,73.73954252333647,676.1853194263243,Month-to-month,Fiber optic,Yes,Yes,Yes,No,Yes,Yes,No
CUST_05387,46,55,47.89654371983009,3297.553249476888,One year,DSL,Yes,Yes,No,No,No,No,Yes
CUST_05388,25,55,48.89829042417996,3886.0867164781175,Month-to-month,DSL,Yes,No,No,No,Yes,No,Yes
CUST_05389,61,14,93.87480290356227,5138.543182593008,Month-to-month,Fiber optic,No,No,Yes,Yes,Yes,No,No
CUST_05390,62,56,22.959360355993578,4512.284559881512,Two year,Fiber optic,No,No,No,No,Yes,No,No
CUST_05391,60,57,58.09457626738071,3976.540876529378,Month-to-month,No,Yes,Yes,Yes,Yes,Yes,Yes,No
CUST_05392,61,34,60.75343801536451,8160.977778830938,One year,Fiber optic,Yes,No,Yes,No,Yes,Yes,No
CUST_05393,50,15,68.51101397181728,1654.191326697177,One year,DSL,No,No,Yes,No,No,Yes,Yes
CUST_05394,34,7,86.90110247295387,1427.1515374320127,One year,DSL,No,No,No,Yes,Yes,Yes,No
CUST_05395,65,44,56.968678273708655,6092.720111565642,One year,No,No,Yes,Yes,Yes,No,No,No
CUST_05396,28,39,41.3137104306455,726.2358329099499,Month-to-month,No,No,Yes,No,No,No,Yes,Yes
CUST_05397,30,53,108.48728405463086,4156.2882303519245,Two year,DSL,No,No,Yes,No,Yes,Yes,No
CUST_05398,67,13,118.1038626681212,4166.04620087854,Two year,Fiber optic,No,Yes,Yes,No,Yes,Yes,No
CUST_05399,28,58,22.00146931729328,2704.212780056367,Month-to-month,DSL,Yes,Yes,No,Yes,No,No,No
CUST_05400,48,52,74.64668510006979,7915.727430113661,One year,No,Yes,Yes,Yes,Yes,Yes,Yes,No
CUST_05401,45,26,54.17023791091982,2473.364854806496,Two year,DSL,No,No,Yes,Yes,Yes,No,Yes
CUST_05402,61,46,47.698957538720926,2522.9123988012707,Two year,DSL,Yes,No,No,Yes,Yes,No,No
CUST_05403,23,5,53.570639086993545,2068.119699479257,Month-to-month,DSL,Yes,No,No,No,Yes,No,Yes
CUST_05404,58,54,83.88777564262006,1324.6194958527296,One year,No,No,No,Yes,Yes,Yes,Yes,No
CUST_05405,33,43,39.07160102297949,3157.6928649270035,Two year,No,No,No,Yes,No,No,Yes,Yes
CUST_05406,21,17,111.28607116579502,5819.452984003613,Month-to-month,No,Yes,Yes,No,Yes,No,Yes,No
CUST_05407,52,15,66.61145249394758,6334.168047274349,Two year,Fiber optic,No,Yes,Yes,No,No,Yes,No
CUST_05408,77,11,52.55768331493284,6932.718898017721,Two year,No,No,No,Yes,Yes,No,No,No
CUST_05409,65,19,96.5531331547599,1759.368663665092,One year,Fiber optic,Yes,Yes,Yes,No,No,Yes,Yes
CUST_05410,73,44,21.634666523619266,399.31458121373,One year,Fiber optic,Yes,No,No,Yes,Yes,Yes,No
CUST_05411,76,63,63.18528657380368,8287.36121130249,Two year,No,Yes,Yes,No,No,Yes,Yes,No
CUST_05412,43,58,55.53036010012299,220.3931620059997,One year,Fiber optic,No,Yes,No,Yes,Yes,No,No
CUST_05413,79,21,53.82099099897344,8169.702238847692,Two year,Fiber optic,Yes,No,No,No,No,No,No
CUST_05414,74,46,53.70713620905832,7062.041117179118,Two year,DSL,No,No,Yes,Yes,Yes,No,No
CUST_05415,29,28,23.12713777472674,7761.427992611147,Two year,Fiber optic,No,Yes,No,Yes,Yes,No,No
CUST_05416,28,44,35.21164030088398,3352.3599859336264,Month-to-month,Fiber optic,Yes,Yes,No,No,No,Yes,No
CUST_05417,54,8,34.18851593124144,1756.4967903486797,One year,No,Yes,No,No,No,No,No,No
CUST_05418,42,23,118.8610504819522,5194.294955474746,One year,DSL,No,Yes,No,Yes,No,No,No
CUST_05419,35,14,22.216575589061176,6326.5098340184895,Two year,Fiber optic,No,No,Yes,Yes,Yes,Yes,Yes
CUST_05420,36,35,36.70736563519982,1199.2329571271487,One year,Fiber optic,No,No,No,Yes,No,Yes,No
CUST_05421,40,12,117.41745086586968,6800.020723350086,Two year,Fiber optic,No,No,No,Yes,No,Yes,No
CUST_05422,72,43,82.82565938100043,1852.1838881054866,One year,No,Yes,Yes,Yes,Yes,No,No,No
CUST_05423,55,70,65.06671206067313,4230.089260431064,One year,No,Yes,No,Yes,Yes,Yes,No,No
CUST_05424,71,71,27.87609330463699,7294.452578976485,Two year,DSL,Yes,No,No,Yes,No,Yes,Yes
CUST_05425,35,35,86.96611616328767,1724.7658927586174,One year,Fiber optic,Yes,No,No,No,No,No,No
CUST_05426,43,60,33.780298768126784,2131.831043055415,Two year,DSL,No,No,No,No,No,Yes,No
CUST_05427,23,39,87.11861221591816,627.2777145932088,Month-to-month,No,No,Yes,Yes,No,No,Yes,No
CUST_05428,21,26,117.91764972000584,1331.5585389782957,Two year,Fiber optic,Yes,No,No,No,No,No,No
CUST_05429,61,0,73.19726586169529,1330.816886163497,One year,Fiber optic,Yes,No,Yes,Yes,No,Yes,No
CUST_05430,68,33,41.40846545026608,1808.7910180947551,Month-to-month,DSL,No,Yes,Yes,Yes,Yes,Yes,No
CUST_05431,46,67,82.52837508795983,2504.0833353458647,Month-to-month,Fiber optic,No,No,Yes,Yes,Yes,No,No
CUST_05432,76,20,71.29296877912829,6945.860261619743,Two year,No,No,No,Yes,Yes,No,No,No
CUST_05433,78,32,73.3140263610646,7792.416459121387,Month-to-month,DSL,Yes,No,No,Yes,Yes,No,No
CUST_05434,51,6,67.81069461199968,3512.7571175231824,Two year,DSL,Yes,No,Yes,Yes,Yes,No,No
CUST_05435,34,64,87.37405742435558,1176.955196701811,One year,Fiber optic,No,Yes,No,No,Yes,Yes,No
CUST_05436,60,2,77.1945362407002,1980.0033708024575,Two year,No,Yes,Yes,Yes,Yes,No,No,No
CUST_05437,60,50,118.69950774543729,6284.130205583894,Month-to-month,Fiber optic,No,Yes,No,Yes,No,No,Yes
CUST_05438,70,53,102.58634210423187,5790.374361388273,Two year,DSL,Yes,Yes,No,Yes,Yes,Yes,No
CUST_05439,33,58,46.46983777110066,8224.5413334878,Two year,DSL,No,Yes,No,Yes,Yes,Yes,No
CUST_05440,19,5,92.57565219049737,221.7049169986992,One year,No,Yes,Yes,Yes,Yes,Yes,Yes,No
CUST_05441,51,28,41.430034938473455,6406.3735863717975,Two year,DSL,No,No,Yes,Yes,Yes,Yes,No
CUST_05442,72,16,98.23464080813912,4348.666243805045,One year,No,Yes,Yes,No,Yes,No,No,No
CUST_05443,25,59,34.75576399773422,7682.621014548658,Month-to-month,Fiber optic,No,No,Yes,No,Yes,No,No
CUST_05444,30,21,67.35538335472381,4939.800062665682,Month-to-month,No,No,No,No,No,No,No,No
CUST_05445,59,23,99.06061983060746,3852.0088854758897,Two year,Fiber optic,No,Yes,Yes,No,Yes,Yes,No
CUST_05446,25,50,48.011270230656535,5693.145119741156,Two year,Fiber optic,No,No,Yes,No,No,Yes,No
CUST_05447,47,49,103.71191251316631,7101.59691432038,Month-to-month,DSL,Yes,No,Yes,Yes,No,Yes,No
CUST_05448,49,10,84.4150709033972,2472.9878214519567,Month-to-month,Fiber optic,No,No,No,No,No,Yes,No
CUST_05449,53,55,59.75223291072159,1003.2271677877666,Month-to-month,DSL,No,Yes,No,No,No,Yes,No
CUST_05450,64,70,62.34167093062718,3737.352193882292,Two year,No,No,No,Yes,Yes,No,No,No
CUST_05451,47,41,112.59915339198554,1901.96693161852,Month-to-month,No,Yes,Yes,No,No,No,No,Yes
CUST_05452,18,38,41.77910000123793,3708.1458733197564,Two year,Fiber optic,No,Yes,Yes,Yes,No,Yes,Yes
CUST_05453,60,68,89.33626151747102,8424.80465151118,Month-to-month,No,Yes,No,No,No,Yes,Yes,No
CUST_05454,56,47,90.72942057415355,4922.625587701784,Month-to-month,Fiber optic,No,Yes,No,No,No,No,No
CUST_05455,34,56,112.24496931836367,5926.241871912647,Two year,No,No,No,No,No,Yes,No,Yes
CUST_05456,76,20,91.31642687573407,5794.598748675915,One year,Fiber optic,No,Yes,Yes,Yes,Yes,No,Yes
CUST_05457,37,19,78.44674180583749,6993.887024802933,Two year,Fiber optic,No,Yes,No,Yes,Yes,Yes,No
CUST_05458,41,14,110.25225390162929,8030.680231729189,One year,No,Yes,Yes,Yes,No,Yes,Yes,No
CUST_05459,67,68,102.91320296483981,5634.072024947649,Two year,No,Yes,Yes,Yes,No,Yes,Yes,Yes
CUST_05460,39,50,91.67764548342262,4099.195015926949,One year,No,No,No,Yes,Yes,Yes,No,No
CUST_05461,46,61,23.25783823921745,2769.779949910456,One year,No,No,Yes,No,Yes,Yes,No,No
CUST_05462,39,36,57.35204182403614,3126.3041210404836,One year,Fiber optic,No,No,No,No,No,No,No
CUST_05463,61,5,83.18896722018543,2909.637108242076,Two year,Fiber optic,Yes,No,Yes,No,Yes,Yes,No
CUST_05464,26,70,72.2250524356765,2825.5101267006753,Two year,No,No,No,No,No,Yes,No,No
CUST_05465,54,25,51.93183264978438,5934.850036809592,Two year,No,Yes,No,Yes,No,Yes,Yes,No
CUST_05466,27,7,34.44239155097765,5036.755851595659,One year,DSL,Yes,Yes,Yes,Yes,Yes,Yes,No
CUST_05467,53,3,75.29965826889216,1796.7583773089004,One year,Fiber optic,No,Yes,Yes,No,Yes,Yes,No
CUST_05468,54,20,48.5917575862213,8244.858560996045,Two year,Fiber optic,Yes,No,No,Yes,Yes,Yes,Yes
CUST_05469,45,30,43.30004898089963,3692.8943289762815,Two year,No,No,No,No,Yes,No,No,No
CUST_05470,45,20,59.89582270549336,4855.125768971859,Month-to-month,DSL,Yes,No,No,Yes,Yes,Yes,No
CUST_05471,59,24,98.54914332142687,6001.848121034007,Month-to-month,No,No,Yes,Yes,Yes,Yes,No,No
CUST_05472,60,14,68.78535023663122,5254.889964085922,Month-to-month,Fiber optic,No,Yes,No,Yes,Yes,Yes,No
CUST_05473,38,34,41.649221049866995,2712.834860403047,Month-to-month,Fiber optic,No,No,Yes,Yes,Yes,No,No
CUST_05474,41,48,31.690314228004837,6800.7352172939645,Month-to-month,DSL,No,Yes,Yes,Yes,Yes,No,No
CUST_05475,59,42,69.89872637747999,1025.2905724688658,Two year,No,No,Yes,No,Yes,No,Yes,No
CUST_05476,77,40,99.43663984222346,4879.56501151084,One year,DSL,No,Yes,No,Yes,Yes,Yes,Yes
CUST_05477,57,36,85.28180236539404,2395.8646733184455,One year,No,Yes,Yes,Yes,No,Yes,Yes,No
CUST_05478,19,56,43.21488801432496,5272.403888453354,Two year,DSL,Yes,No,Yes,Yes,No,No,No
CUST_05479,72,41,63.67065856894923,1931.1452411087062,Two year,No,Yes,Yes,No,No,Yes,No,No
CUST_05480,25,46,105.52303633440688,6586.4771037584405,Two year,No,No,No,No,Yes,No,Yes,No
CUST_05481,65,60,37.76559078528389,2011.305182632994,Month-to-month,No,No,No,Yes,Yes,No,Yes,Yes
CUST_05482,44,13,73.2080570682897,7579.293933721394,Month-to-month,Fiber optic,No,Yes,No,No,No,No,No
CUST_05483,39,67,55.62315087608415,7337.061199229941,Month-to-month,No,No,No,No,Yes,Yes,Yes,No
CUST_05484,54,52,32.41797548295194,3144.1049969160144,Two year,Fiber optic,No,Yes,Yes,Yes,Yes,Yes,No
CUST_05485,44,33,24.990392091089824,3340.8904265418173,Two year,DSL,No,Yes,No,No,No,Yes,Yes
CUST_05486,74,23,75.58713846457952,5992.62904457492,One year,No,Yes,No,Yes,No,No,Yes,No
CUST_05487,46,19,22.074887374037893,859.137718968865,Two year,Fiber optic,No,No,No,Yes,Yes,No,No
CUST_05488,20,68,30.344611669293492,779.7230622757064,Month-to-month,DSL,No,Yes,Yes,Yes,Yes,No,No
CUST_05489,61,29,54.75642811617412,1245.1232534051223,One year,No,No,No,Yes,No,No,Yes,No
CUST_05490,30,6,24.352018535576274,4824.792817778759,Two year,DSL,No,No,No,Yes,No,Yes,No
CUST_05491,62,35,60.044522645188486,1351.6193605811832,One year,Fiber optic,No,Yes,No,Yes,Yes,No,Yes
CUST_05492,27,37,33.0365024176891,2431.9851668930437,One year,Fiber optic,Yes,Yes,No,Yes,No,Yes,No
CUST_05493,53,51,54.98730907001539,5534.055823337747,Two year,No,No,No,No,No,No,Yes,No
CUST_05494,26,14,99.11596870900682,231.2397338284105,Month-to-month,Fiber optic,No,No,Yes,Yes,No,No,No
CUST_05495,71,45,82.6364344476658,1613.9875068091467,Month-to-month,Fiber optic,Yes,Yes,No,No,No,No,Yes
CUST_05496,73,22,64.54010777875092,7911.417568155911,One year,DSL,Yes,Yes,No,Yes,No,No,Yes
CUST_05497,72,11,29.18333078551604,5674.052036633189,Two year,No,No,Yes,Yes,Yes,Yes,No,Yes
CUST_05498,44,43,81.91496593147332,2666.629359474993,Two year,No,Yes,Yes,Yes,Yes,Yes,No,No
CUST_05499,51,14,36.37096525090503,480.5487621138163,Month-to-month,No,Yes,No,Yes,No,Yes,No,Yes
CUST_05500,68,48,27.658634386161488,5022.8099906643865,Two year,DSL,No,Yes,No,No,Yes,No,Yes
CUST_05501,18,20,86.39960174596078,1972.0770030965011,Two year,Fiber optic,Yes,Yes,Yes,No,No,Yes,No
CUST_05502,49,14,111.20598978210074,8165.473685233999,One year,No,No,Yes,No,Yes,Yes,Yes,No
CUST_05503,42,13,66.05934367705223,5870.4720218894945,Two year,No,Yes,Yes,Yes,Yes,No,No,Yes
CUST_05504,46,41,24.099591060811402,8282.64064530729,Two year,DSL,No,Yes,No,No,Yes,Yes,No
CUST_05505,24,14,108.0297717418541,7230.750738257161,Two year,DSL,No,Yes,Yes,No,No,No,No
CUST_05506,66,62,26.69737661235741,4157.43028760054,Month-to-month,No,Yes,Yes,Yes,No,No,No,No
CUST_05507,20,67,106.75132427015872,5724.330440294806,Month-to-month,No,Yes,No,No,Yes,Yes,No,No
CUST_05508,37,26,59.1819373222931,6921.700442530121,One year,DSL,No,Yes,No,Yes,No,Yes,No
CUST_05509,37,52,56.53945386230897,4956.699245966035,Month-to-month,DSL,No,Yes,No,No,No,No,Yes
CUST_05510,70,51,74.27973794564518,616.4950081330413,Month-to-month,DSL,Yes,No,Yes,Yes,Yes,No,No
CUST_05511,47,62,115.70848174442187,4051.7490365385015,Month-to-month,DSL,No,No,No,Yes,Yes,Yes,Yes
CUST_05512,52,52,109.87405450859782,1196.8159786077752,Month-to-month,Fiber optic,Yes,No,Yes,No,No,No,No
CUST_05513,52,56,67.03300883047672,6104.712911765432,One year,Fiber optic,Yes,No,No,Yes,Yes,Yes,No
CUST_05514,66,51,89.58232310238185,5817.282891355858,Two year,No,Yes,Yes,No,No,No,Yes,Yes
CUST_05515,56,42,78.04292523434123,8440.428813237753,Two year,Fiber optic,No,No,Yes,No,Yes,No,No
CUST_05516,44,6,89.34615790631675,5382.002335070505,Two year,DSL,No,No,Yes,No,No,No,No
CUST_05517,43,41,102.9327460062097,6821.15871602511,One year,No,Yes,No,No,No,Yes,Yes,Yes
CUST_05518,31,3,23.449382886859386,2353.6179474661935,Month-to-month,DSL,Yes,Yes,Yes,No,Yes,No,Yes
CUST_05519,34,68,52.575985392789754,2956.2027364862297,One year,Fiber optic,No,Yes,No,Yes,Yes,No,No
CUST_05520,35,4,115.93291082338672,7803.003719973833,One year,DSL,No,Yes,No,No,No,No,Yes
CUST_05521,62,40,114.93363085249241,6443.614980856258,One year,No,No,No,No,No,Yes,Yes,No
CUST_05522,69,3,21.12208899774625,5604.261068300157,Two year,Fiber optic,Yes,Yes,No,Yes,Yes,No,No
CUST_05523,46,1,40.144012992236625,2233.8326176975384,Month-to-month,No,Yes,Yes,No,Yes,No,No,No
CUST_05524,37,66,119.37700423443627,5968.054601291387,Two year,Fiber optic,No,Yes,No,No,Yes,No,No
CUST_05525,70,20,69.28250758994858,7548.81461835239,One year,DSL,Yes,No,No,No,No,Yes,No
CUST_05526,44,69,77.28660039668526,2038.700301115114,One year,No,Yes,Yes,No,No,Yes,No,No
CUST_05527,35,42,36.642018552245254,6031.441162492915,Two year,Fiber optic,No,Yes,No,No,Yes,Yes,No
CUST_05528,21,68,109.43356087585296,3407.029208539073,Two year,Fiber optic,Yes,No,No,Yes,Yes,Yes,No
CUST_05529,18,8,43.12642996491129,1097.6462687012079,Two year,Fiber optic,No,Yes,No,No,No,Yes,No
CUST_05530,67,27,38.964763001953656,6513.069682882929,Month-to-month,Fiber optic,No,No,Yes,No,Yes,Yes,No
CUST_05531,18,25,42.812240332032815,1503.9490291484256,Two year,DSL,No,Yes,Yes,No,No,Yes,No
CUST_05532,75,2,111.96217026410088,2224.3286973191193,Month-to-month,DSL,No,No,No,No,Yes,Yes,No
CUST_05533,43,48,90.28467071768492,6676.713143381015,Month-to-month,Fiber optic,Yes,Yes,No,Yes,Yes,Yes,No
CUST_05534,62,16,96.85963944902751,6333.9153992469555,Two year,DSL,No,No,No,Yes,No,Yes,Yes
CUST_05535,37,62,57.703635818425276,2235.137754772918,One year,DSL,No,No,No,No,No,Yes,Yes
CUST_05536,69,54,110.91770149305614,8004.102760509485,One year,Fiber optic,No,No,Yes,No,Yes,No,Yes
CUST_05537,40,22,98.94079523393897,1908.3958906484086,Month-to-month,DSL,Yes,No,Yes,No,No,Yes,No
CUST_05538,27,33,95.05973625073213,8446.426605697872,Month-to-month,No,Yes,Yes,Yes,Yes,No,Yes,No
CUST_05539,76,68,117.09402836729517,6298.3589243920915,Month-to-month,No,Yes,No,No,No,Yes,No,Yes
CUST_05540,28,14,56.61968307933486,3397.0646006317825,One year,DSL,Yes,No,Yes,Yes,No,No,No
CUST_05541,58,46,81.09736467958811,1194.9333359648651,Month-to-month,Fiber optic,No,Yes,Yes,Yes,No,Yes,No
CUST_05542,58,2,110.99296989772162,2792.2836233407547,Month-to-month,No,Yes,No,Yes,No,Yes,No,No
CUST_05543,22,27,99.08889431859525,1727.4034963064094,One year,DSL,Yes,No,Yes,Yes,Yes,No,No
CUST_05544,75,2,76.3378958225615,5323.452526549762,Two year,DSL,Yes,No,Yes,Yes,No,Yes,No
CUST_05545,18,3,27.621368478019885,3097.583286358836,One year,Fiber optic,No,Yes,No,No,No,Yes,Yes
CUST_05546,34,30,85.27234395556732,2578.060994448399,Two year,Fiber optic,No,Yes,Yes,No,No,Yes,No
CUST_05547,39,44,72.65555568678522,6459.918810434326,Two year,DSL,No,Yes,Yes,Yes,Yes,Yes,No
CUST_05548,51,58,38.418046148462636,2037.035252741538,Month-to-month,Fiber optic,No,Yes,Yes,Yes,No,Yes,Yes
CUST_05549,73,44,108.22531233425974,5029.870266374239,Month-to-month,No,Yes,No,No,Yes,Yes,Yes,No
CUST_05550,62,36,54.32485948987433,1734.6071797177833,Two year,No,Yes,No,Yes,No,Yes,Yes,Yes
CUST_05551,58,64,58.74798935172969,6104.308304958003,Month-to-month,DSL,Yes,Yes,Yes,Yes,No,Yes,No
CUST_05552,46,8,87.24015487964105,5351.020463521812,Two year,DSL,Yes,No,No,No,No,Yes,Yes
CUST_05553,21,16,68.87987420412409,6804.4895274870605,Month-to-month,Fiber optic,Yes,Yes,No,Yes,No,No,No
CUST_05554,22,64,28.92810762791494,675.3754280065033,One year,No,No,No,Yes,No,No,No,No
CUST_05555,28,2,58.74416173552348,1864.8857758421807,Two year,Fiber optic,Yes,Yes,Yes,Yes,No,No,No
CUST_05556,73,25,29.446611793823312,1397.4670286491116,Two year,DSL,No,Yes,Yes,Yes,Yes,No,No
CUST_05557,68,52,39.07504031233812,1700.7144184001877,Month-to-month,DSL,No,Yes,No,No,No,No,Yes
CUST_05558,38,30,20.717443835045383,965.318264759626,One year,DSL,No,Yes,No,No,No,Yes,No
CUST_05559,52,25,38.13130814846622,4821.4879720630115,Month-to-month,DSL,Yes,No,Yes,Yes,Yes,Yes,No
CUST_05560,29,22,53.04473539983609,5084.823819224658,One year,DSL,Yes,Yes,Yes,Yes,Yes,Yes,No
CUST_05561,43,29,73.82184337322946,7185.313946989687,Month-to-month,DSL,No,Yes,Yes,Yes,Yes,Yes,No
CUST_05562,68,9,111.92772111827323,3609.0006821276065,Two year,Fiber optic,Yes,No,Yes,Yes,Yes,No,No
CUST_05563,36,71,74.03268672420552,4572.03158982536,One year,Fiber optic,Yes,Yes,Yes,No,Yes,Yes,No
CUST_05564,62,63,90.56035413643416,8426.954099053331,One year,Fiber optic,Yes,Yes,Yes,Yes,No,Yes,Yes
CUST_05565,77,21,55.767709130577416,4567.498700217105,Month-to-month,No,Yes,No,Yes,No,Yes,No,No
CUST_05566,24,14,95.16307935672674,4918.039137116935,One year,Fiber optic,No,No,Yes,No,Yes,Yes,No
CUST_05567,64,55,82.04687460514774,8465.706284970027,Month-to-month,DSL,Yes,Yes,No,No,Yes,No,No
CUST_05568,72,19,65.97940132748613,8450.686804178089,One year,Fiber optic,Yes,No,Yes,No,No,Yes,Yes
CUST_05569,24,46,39.37687948912258,3661.8557430172104,Month-to-month,Fiber optic,Yes,Yes,Yes,No,Yes,No,No
CUST_05570,43,52,50.35409079972989,5433.553368664901,Month-to-month,No,No,Yes,No,No,No,No,No
CUST_05571,57,52,82.0946087375755,4138.741065832926,Month-to-month,DSL,No,No,No,Yes,No,Yes,No
CUST_05572,22,0,62.6056324364573,6154.0097939204825,Two year,No,Yes,Yes,No,Yes,No,Yes,No
CUST_05573,38,1,108.93865567490519,7982.4467775204885,One year,No,Yes,No,Yes,No,No,Yes,Yes
CUST_05574,31,57,43.48402715355853,2701.1381903354954,Two year,No,Yes,No,Yes,Yes,No,Yes,No
CUST_05575,21,18,27.30726522532723,6978.551431687107,Two year,Fiber optic,Yes,No,Yes,No,Yes,Yes,No
CUST_05576,40,61,78.93485765054845,5600.731035318233,Two year,DSL,No,Yes,No,No,No,No,Yes
CUST_05577,59,71,108.60508401900759,2453.5523307034255,Two year,DSL,No,Yes,Yes,No,No,No,No
CUST_05578,37,11,56.473902943978864,6797.317128728747,One year,No,No,No,Yes,Yes,Yes,No,No
CUST_05579,32,25,84.77113348681651,3687.917361259601,One year,DSL,No,No,Yes,Yes,Yes,No,No
CUST_05580,67,26,43.14126221771487,1111.3362740428774,Two year,DSL,No,No,Yes,Yes,No,Yes,Yes
CUST_05581,69,28,75.84719216726883,8444.697401116799,One year,No,No,No,No,No,Yes,No,Yes
CUST_05582,62,14,98.67921008626531,3675.4291969674787,One year,Fiber optic,Yes,Yes,Yes,Yes,No,Yes,No
CUST_05583,46,45,106.70315987766838,4649.041397959755,Month-to-month,No,No,Yes,Yes,No,Yes,No,Yes
CUST_05584,25,0,30.511912985239668,6886.87853841559,One year,No,No,No,Yes,No,No,Yes,No
CUST_05585,58,59,55.637451629324545,8171.359535007441,Two year,Fiber optic,No,Yes,Yes,Yes,No,Yes,No
CUST_05586,65,56,83.96444419358701,7432.2579396666515,One year,Fiber optic,Yes,No,No,No,No,Yes,No
CUST_05587,36,2,23.472286809365222,4510.446945533159,Two year,Fiber optic,No,No,Yes,No,Yes,Yes,No
CUST_05588,65,17,89.0615200150827,4683.847034478168,One year,Fiber optic,No,Yes,No,No,Yes,No,No
CUST_05589,56,51,72.8033882803827,2459.4502675211684,Two year,No,No,No,Yes,No,Yes,No,No
CUST_05590,63,59,48.856627922002644,3987.5441765363034,One year,Fiber optic,No,No,Yes,No,Yes,No,Yes
CUST_05591,45,33,101.46544505940506,8053.446610271238,One year,DSL,Yes,Yes,No,Yes,No,No,Yes
CUST_05592,63,59,49.00507122957752,6206.303929084713,One year,No,Yes,No,No,No,Yes,No,Yes
CUST_05593,74,25,119.14150462038035,199.76672222887655,Two year,No,Yes,No,Yes,No,Yes,No,No
CUST_05594,44,71,101.63701891133404,1078.6569673110243,Month-to-month,Fiber optic,No,Yes,No,Yes,No,Yes,No
CUST_05595,21,18,90.79805013830877,7860.014667645983,Two year,Fiber optic,Yes,Yes,Yes,Yes,No,No,No
CUST_05596,75,21,26.1347557962646,7229.2423629919585,One year,DSL,Yes,Yes,Yes,No,Yes,Yes,No
CUST_05597,32,32,110.43103719872735,4183.781512286534,Two year,Fiber optic,Yes,Yes,No,Yes,No,Yes,No
CUST_05598,52,37,99.0055305737551,5282.617559284972,One year,No,Yes,Yes,Yes,No,Yes,Yes,No
CUST_05599,54,34,42.90250792918023,2533.0264871980894,One year,Fiber optic,Yes,No,Yes,Yes,Yes,No,No
CUST_05600,18,66,59.224818132688895,6759.778317643561,Month-to-month,DSL,No,No,No,Yes,Yes,Yes,No
CUST_05601,20,9,46.863155161914285,5167.866553871295,One year,No,No,Yes,No,Yes,No,No,No
CUST_05602,64,14,118.44160341810665,5936.535925829688,One year,No,No,Yes,Yes,No,No,No,Yes
CUST_05603,41,10,105.41964448055595,3249.2426392755824,One year,Fiber optic,No,Yes,Yes,Yes,No,No,No
CUST_05604,44,23,113.02253026951026,3715.6792546964366,Month-to-month,DSL,No,Yes,Yes,Yes,No,Yes,No
CUST_05605,57,3,98.87742363754299,1844.529496901437,Two year,DSL,No,Yes,No,Yes,No,Yes,No
CUST_05606,78,12,65.63482410702476,8063.641360535324,Month-to-month,Fiber optic,Yes,No,Yes,No,Yes,No,No
CUST_05607,53,56,40.543424981468505,8051.078971247225,Two year,No,Yes,Yes,Yes,Yes,Yes,No,Yes
CUST_05608,51,36,40.80801569097338,6969.1104768151945,One year,No,No,Yes,No,Yes,No,Yes,No
CUST_05609,46,47,35.1682848366677,7958.663001273145,Two year,No,No,No,Yes,Yes,Yes,No,Yes
CUST_05610,41,70,74.6649550303397,5688.755641675181,Two year,Fiber optic,No,Yes,No,Yes,Yes,No,No
CUST_05611,41,0,111.99665228636425,2071.0757021458285,Two year,No,No,No,No,Yes,No,Yes,Yes
CUST_05612,59,59,119.17980700457663,6485.768386416926,Two year,No,Yes,Yes,Yes,Yes,No,No,No
CUST_05613,21,11,48.72998000367648,2832.3201576303004,One year,Fiber optic,Yes,No,No,Yes,No,No,No
CUST_05614,20,20,89.73145402967293,3800.0461901066788,Month-to-month,No,No,Yes,Yes,No,Yes,No,No
CUST_05615,51,10,79.70980156103778,2404.5413763851057,Two year,Fiber optic,No,Yes,Yes,No,No,No,No
CUST_05616,74,43,68.89361168763111,3658.424108858665,One year,DSL,No,No,No,Yes,Yes,No,No
CUST_05617,66,57,86.57686438120413,5806.265871516238,One year,DSL,No,No,No,No,No,No,No
CUST_05618,40,43,57.1363018980069,1029.1287149622501,One year,Fiber optic,No,Yes,No,Yes,No,No,Yes
CUST_05619,70,33,114.44847750934495,983.738203541338,One year,Fiber optic,No,No,Yes,Yes,No,Yes,No
CUST_05620,73,24,90.5448867706337,5843.668101540393,Two year,Fiber optic,Yes,Yes,Yes,Yes,No,Yes,Yes
CUST_05621,69,3,95.42010919924448,6648.481800906703,Month-to-month,No,Yes,No,No,No,No,No,No
CUST_05622,40,63,44.24220950060739,4732.320151583866,One year,No,Yes,No,Yes,No,Yes,Yes,No
CUST_05623,62,15,36.858200349761944,1625.7845181667099,Month-to-month,Fiber optic,Yes,Yes,No,No,Yes,No,No
CUST_05624,22,9,59.4340793094323,3718.3575262323025,Month-to-month,Fiber optic,No,Yes,Yes,Yes,No,No,Yes
CUST_05625,48,65,96.66724853361539,6468.674388025721,Month-to-month,No,Yes,No,Yes,No,No,Yes,No
CUST_05626,79,34,113.87959097528575,5860.158053040998,One year,No,Yes,Yes,Yes,No,Yes,Yes,No
CUST_05627,70,5,62.732982597400785,1022.8700136827085,One year,Fiber optic,No,No,Yes,Yes,No,No,No
CUST_05628,79,18,97.41567924971659,8240.836320049259,One year,No,Yes,Yes,No,Yes,No,Yes,Yes
CUST_05629,58,58,67.04076194668096,1976.2565994452268,Month-to-month,No,Yes,Yes,Yes,Yes,Yes,Yes,No
CUST_05630,74,52,49.52282495554638,1951.2718384758195,One year,DSL,Yes,No,No,Yes,Yes,Yes,No
CUST_05631,78,7,93.92651507258476,3962.8008810618294,One year,Fiber optic,No,Yes,Yes,Yes,Yes,No,No
CUST_05632,74,9,99.82021339813272,2848.8422836004074,Month-to-month,Fiber optic,No,No,Yes,Yes,Yes,No,No
CUST_05633,77,66,40.284079408068024,8365.48230461291,One year,No,No,No,No,Yes,Yes,Yes,No
CUST_05634,71,37,50.51695020453307,742.5140953347086,Two year,DSL,No,Yes,Yes,Yes,No,No,No
CUST_05635,23,28,69.47768434736622,2674.0892037555313,Two year,Fiber optic,Yes,Yes,No,No,Yes,No,No
CUST_05636,54,14,38.65218297668767,3314.8661475892864,Two year,Fiber optic,No,No,Yes,No,Yes,Yes,Yes
CUST_05637,74,22,112.88342987537925,4245.0555472643,Two year,No,No,No,Yes,Yes,Yes,No,Yes
CUST_05638,27,45,79.13339125607484,237.8140013063695,Month-to-month,Fiber optic,No,No,Yes,No,Yes,Yes,No
CUST_05639,57,27,32.12032773716927,791.8419071895567,One year,No,Yes,No,No,Yes,Yes,Yes,Yes
CUST_05640,24,25,38.40298646824621,2265.600998930417,Two year,DSL,Yes,No,Yes,No,No,Yes,No
CUST_05641,56,9,115.43553453248444,4753.617486159008,Two year,DSL,Yes,Yes,No,No,No,No,No
CUST_05642,55,46,93.81685856966183,6549.281189625168,One year,Fiber optic,Yes,No,Yes,No,Yes,No,No
CUST_05643,38,3,93.44050845049861,5866.5609300455735,Month-to-month,No,No,No,No,Yes,No,No,No
CUST_05644,78,54,27.249859400505454,4863.009266869929,Two year,DSL,Yes,No,No,Yes,No,No,Yes
CUST_05645,37,65,109.5298837708947,3436.755853712338,One year,Fiber optic,No,No,No,Yes,No,No,No
CUST_05646,20,66,64.37353625586046,7413.833818951692,One year,Fiber optic,Yes,No,No,Yes,No,Yes,Yes
CUST_05647,68,6,85.97173226399262,3962.0893633693877,Two year,Fiber optic,No,No,Yes,Yes,No,Yes,No
CUST_05648,39,54,115.9689219114014,2613.723567115012,Two year,No,Yes,No,No,Yes,Yes,No,No
CUST_05649,64,30,30.00123803565569,5386.414964757281,One year,No,Yes,No,No,No,No,No,No
CUST_05650,21,18,68.22764594865788,5913.765971324995,One year,DSL,Yes,No,Yes,No,Yes,No,No
CUST_05651,45,27,24.96127366619318,3447.1500568143856,Two year,No,Yes,No,No,Yes,Yes,Yes,No
CUST_05652,29,27,69.95454233237155,336.4035607856824,Two year,No,No,Yes,Yes,Yes,No,No,No
CUST_05653,55,18,45.22594104875711,890.7046019883688,Two year,Fiber optic,Yes,Yes,Yes,No,Yes,No,No
CUST_05654,68,19,111.10655292738706,7203.030691906759,Two year,Fiber optic,No,Yes,Yes,No,Yes,No,No
CUST_05655,53,12,59.849249427308685,575.0025379565866,Month-to-month,DSL,No,No,Yes,No,No,No,No
CUST_05656,64,42,83.38724460520791,5072.965203153911,One year,Fiber optic,Yes,No,No,Yes,Yes,Yes,No
CUST_05657,58,10,106.0287264814549,1643.1588377748917,Two year,Fiber optic,Yes,No,Yes,Yes,No,No,Yes
CUST_05658,22,47,118.36918584171765,2022.9808464510875,One year,Fiber optic,Yes,No,No,No,No,No,Yes
CUST_05659,30,14,70.3819370328546,2396.0052617839215,Two year,No,Yes,No,Yes,No,Yes,No,Yes
CUST_05660,40,16,65.5757702861456,421.6476440549717,Month-to-month,Fiber optic,No,Yes,No,No,No,Yes,No
CUST_05661,75,53,27.57396452964587,1588.776302778456,One year,DSL,No,No,Yes,No,No,No,No
CUST_05662,67,49,21.273894333721504,5564.1998699171,Month-to-month,DSL,Yes,No,No,No,No,Yes,Yes
CUST_05663,47,27,80.88020924984961,4289.223944147243,One year,Fiber optic,No,No,Yes,No,No,No,No
CUST_05664,79,3,26.5464352147646,6797.5643202070605,Month-to-month,Fiber optic,Yes,No,No,No,No,No,Yes
CUST_05665,54,21,58.037893703847324,614.4336950325458,Two year,DSL,No,No,No,Yes,No,No,No
CUST_05666,42,38,20.36064361064615,7566.745688513701,Two year,No,Yes,No,No,Yes,No,No,Yes
CUST_05667,65,33,81.52274989656708,8469.747667955571,Month-to-month,Fiber optic,No,Yes,Yes,No,Yes,No,No
CUST_05668,44,43,62.54151604404962,232.2157668897771,Two year,DSL,Yes,No,No,No,No,Yes,Yes
CUST_05669,68,41,32.70207697862878,8228.176550535438,Month-to-month,No,Yes,Yes,No,No,No,No,No
CUST_05670,31,39,49.636760684082205,2081.2467889565683,Month-to-month,DSL,Yes,No,No,No,No,Yes,No
CUST_05671,74,11,76.96606989719245,5917.362360930711,One year,No,Yes,No,Yes,No,Yes,No,Yes
CUST_05672,79,1,85.67133680099771,2556.8609220813805,Month-to-month,DSL,No,No,Yes,Yes,Yes,No,No
CUST_05673,65,27,66.23358796634469,4483.228181479172,One year,DSL,Yes,Yes,No,No,No,No,No
CUST_05674,76,66,100.39591160909458,4387.515482623792,Month-to-month,No,Yes,No,No,No,No,No,No
CUST_05675,64,70,31.24404117029857,3133.286027372206,One year,Fiber optic,No,Yes,No,No,No,No,No
CUST_05676,71,71,28.454572261240777,6127.392853622004,One year,DSL,No,No,No,No,Yes,No,Yes
CUST_05677,53,9,24.424426901780834,5136.946447651841,Two year,Fiber optic,Yes,No,No,Yes,Yes,Yes,Yes
CUST_05678,56,56,73.58278394494423,4369.526833122675,One year,DSL,No,No,Yes,Yes,No,No,Yes
CUST_05679,33,36,90.62317042344579,8355.850220113356,One year,No,No,No,Yes,Yes,Yes,No,No
CUST_05680,73,63,33.05213994225297,7996.078339973541,Month-to-month,Fiber optic,Yes,Yes,Yes,Yes,No,Yes,No
CUST_05681,39,39,83.89456218553926,8125.661104666757,One year,No,Yes,No,Yes,Yes,No,No,Yes
CUST_05682,38,59,67.69477661895347,7503.1212623476185,Two year,No,Yes,Yes,Yes,Yes,No,No,No
CUST_05683,71,47,118.73445001511152,2243.3048455367903,Month-to-month,Fiber optic,Yes,Yes,Yes,Yes,Yes,No,No
CUST_05684,38,18,91.74736092664115,3039.7986602167202,One year,Fiber optic,Yes,No,No,No,Yes,Yes,Yes
CUST_05685,25,71,85.74733351916258,2040.858804182266,Month-to-month,Fiber optic,No,Yes,Yes,Yes,Yes,Yes,Yes
CUST_05686,66,32,77.04497348723444,8383.88585267191,Month-to-month,No,No,Yes,No,Yes,No,No,No
CUST_05687,33,43,119.73661815497039,1382.3597060133259,Month-to-month,No,Yes,No,Yes,Yes,No,No,No
CUST_05688,76,36,118.04591708545773,3178.6987466948067,Month-to-month,No,Yes,Yes,No,Yes,Yes,No,No
CUST_05689,72,35,73.81151254945215,1771.9731676425943,Month-to-month,Fiber optic,Yes,Yes,No,Yes,No,No,Yes
CUST_05690,48,20,65.51833473342617,1977.0120223477268,One year,DSL,Yes,No,No,Yes,Yes,Yes,No
CUST_05691,59,1,66.21149227017523,2175.5382323469767,Month-to-month,Fiber optic,No,No,No,No,Yes,No,Yes
CUST_05692,27,30,62.83423903233656,5473.233674703614,Month-to-month,DSL,No,Yes,Yes,No,No,Yes,No
CUST_05693,49,29,73.13983069963223,738.8147096088335,Two year,No,Yes,Yes,Yes,No,Yes,Yes,Yes
CUST_05694,76,43,47.358426781437075,4909.250938439786,Two year,DSL,No,Yes,No,No,No,Yes,No
CUST_05695,51,11,112.67887831144266,6982.004384786466,Month-to-month,Fiber optic,No,Yes,No,No,No,Yes,No
CUST_05696,79,50,69.02300814619352,6538.799723477219,One year,Fiber optic,Yes,Yes,No,Yes,No,Yes,No
CUST_05697,26,48,104.20078118386091,1369.842265571534,Two year,Fiber optic,Yes,No,No,No,Yes,No,No
CUST_05698,34,23,67.530367466762,7783.746572141964,Two year,DSL,No,Yes,Yes,Yes,Yes,No,Yes
CUST_05699,28,23,91.8290273910243,6568.759203800102,Month-to-month,Fiber optic,No,Yes,Yes,No,Yes,No,No
CUST_05700,49,59,53.688196447658,144.5410918359069,One year,DSL,No,No,No,No,Yes,No,No
CUST_05701,27,10,82.48068577332606,6293.938521732523,One year,No,No,No,No,No,No,Yes,No
CUST_05702,39,12,69.83714454509195,6294.342100424788,Two year,DSL,Yes,Yes,No,No,Yes,No,No
CUST_05703,74,71,56.71142565336098,4273.255076535872,Two year,No,No,No,No,No,Yes,No,No
CUST_05704,34,71,108.1556261068001,486.25229445352653,Two year,DSL,Yes,Yes,No,No,No,No,No
CUST_05705,21,63,31.271168274890897,4971.209881571735,Two year,No,No,No,No,Yes,No,Yes,Yes
CUST_05706,65,19,68.69231483191103,6532.272784288197,Two year,Fiber optic,No,No,Yes,No,No,No,No
CUST_05707,69,71,39.43690732661367,2375.342064696405,Month-to-month,DSL,Yes,No,No,No,No,No,No
CUST_05708,64,70,106.10550912175916,5703.373033315014,Month-to-month,No,Yes,No,No,No,Yes,No,Yes
CUST_05709,42,27,45.34693447156634,3072.9800383728084,Month-to-month,Fiber optic,No,No,No,No,No,Yes,Yes
CUST_05710,76,1,83.34303401118217,4920.380596378742,Two year,Fiber optic,No,Yes,No,Yes,Yes,Yes,No
CUST_05711,38,42,36.55635150853541,3330.3522952256476,Month-to-month,No,Yes,Yes,No,Yes,Yes,No,Yes
CUST_05712,54,7,60.49136694708366,2651.5963145493442,Two year,No,No,No,No,No,Yes,No,No
CUST_05713,55,12,109.93571956493642,7289.681593629172,One year,DSL,Yes,No,No,No,No,No,No
CUST_05714,66,34,36.606444440194046,6432.241377157164,One year,No,Yes,No,Yes,Yes,No,Yes,Yes
CUST_05715,18,22,86.31958253483397,3001.772725374452,Month-to-month,No,No,No,No,No,Yes,No,No
CUST_05716,42,45,40.45103705559548,3750.905789567755,One year,Fiber optic,No,Yes,Yes,No,Yes,Yes,No
CUST_05717,68,14,61.574905253216585,5910.308710152906,One year,No,Yes,No,No,No,No,No,No
CUST_05718,53,1,74.06168843745994,6913.061756960277,One year,No,Yes,No,Yes,Yes,No,Yes,No
CUST_05719,34,60,77.73064181897479,5848.466607727584,Month-to-month,No,Yes,Yes,Yes,Yes,Yes,No,Yes
CUST_05720,58,63,80.25113375531554,4643.825277734162,One year,Fiber optic,Yes,No,Yes,Yes,Yes,Yes,No
CUST_05721,41,51,84.01314153909222,8116.840988222682,Month-to-month,Fiber optic,Yes,Yes,Yes,Yes,No,Yes,No
CUST_05722,19,35,47.176869767379756,6602.806405829135,Two year,Fiber optic,Yes,No,No,No,No,Yes,Yes
CUST_05723,57,66,60.136748571715906,1070.9716272868247,Two year,Fiber optic,No,No,Yes,Yes,Yes,No,Yes
CUST_05724,32,68,23.73186635750644,4788.368429852961,Month-to-month,DSL,No,Yes,No,No,No,Yes,No
CUST_05725,49,66,96.87569765313751,3540.2757877234726,Month-to-month,Fiber optic,Yes,No,No,Yes,No,No,No
CUST_05726,56,46,103.70995017889024,6777.459349042667,One year,Fiber optic,No,Yes,No,Yes,No,No,No
CUST_05727,76,1,39.92367634855455,475.1694844024286,Two year,DSL,Yes,Yes,No,No,Yes,Yes,No
CUST_05728,23,43,40.14439646296819,3550.077987684396,One year,DSL,Yes,Yes,Yes,No,No,Yes,Yes
CUST_05729,18,63,24.20364021904207,2773.5210488852813,Two year,DSL,Yes,Yes,No,Yes,No,Yes,No
CUST_05730,64,27,117.03838227924875,1285.962270469634,One year,No,No,No,Yes,Yes,No,No,No
CUST_05731,40,53,100.71865681172291,3281.954568684405,One year,Fiber optic,No,No,Yes,No,No,No,Yes
CUST_05732,75,66,56.070320290603206,5751.522336749625,Two year,No,Yes,Yes,No,Yes,No,Yes,No
CUST_05733,56,35,68.19082714698253,3138.094234273221,One year,DSL,Yes,Yes,No,Yes,No,No,No
CUST_05734,78,62,49.196696065086854,4972.055232959868,Two year,DSL,No,Yes,Yes,Yes,No,Yes,No
CUST_05735,79,24,79.72439683220844,5079.619085890196,Month-to-month,DSL,No,Yes,Yes,Yes,No,Yes,No
CUST_05736,74,47,91.73084123335083,5031.7334672874795,One year,DSL,Yes,Yes,Yes,No,Yes,No,No
CUST_05737,34,38,64.73684779918722,4548.067825131326,Two year,No,Yes,No,No,No,Yes,Yes,No
CUST_05738,51,46,107.35941932916235,1082.7011797320586,Two year,DSL,No,No,Yes,Yes,No,Yes,Yes
CUST_05739,76,20,71.702586221881,1935.0297904567378,One year,Fiber optic,No,Yes,No,Yes,Yes,No,No
CUST_05740,58,29,34.42532690778108,6820.563440508309,Two year,Fiber optic,Yes,No,Yes,No,No,No,No
CUST_05741,46,30,82.22913758376416,4319.870106950765,One year,Fiber optic,Yes,No,Yes,No,No,Yes,No
CUST_05742,26,25,66.22309659078026,6031.0410530250465,One year,No,Yes,Yes,No,Yes,Yes,No,Yes
CUST_05743,30,21,113.56718630817258,4887.236273787198,Month-to-month,DSL,Yes,No,Yes,No,Yes,Yes,Yes
CUST_05744,23,20,59.189392093591344,424.99813780200196,Month-to-month,No,Yes,Yes,No,Yes,No,No,No
CUST_05745,23,0,60.28657391501041,6788.195659750364,Month-to-month,Fiber optic,Yes,Yes,Yes,Yes,No,Yes,No
CUST_05746,37,36,85.07733897816102,640.3232340440155,One year,DSL,No,No,No,No,No,No,No
CUST_05747,69,45,72.6986218326428,8022.662029732014,One year,No,No,No,No,No,Yes,No,No
CUST_05748,70,8,57.444987753843485,1909.166142322637,Two year,DSL,No,Yes,No,Yes,Yes,No,Yes
CUST_05749,20,16,118.97744156800896,4404.211605065257,Month-to-month,DSL,Yes,No,Yes,Yes,No,Yes,Yes
CUST_05750,34,46,50.218550999941684,634.1395567126069,Month-to-month,No,Yes,Yes,No,Yes,No,No,No
CUST_05751,66,58,47.75287919850285,7617.431980792898,Two year,Fiber optic,No,Yes,No,Yes,No,Yes,No
CUST_05752,29,53,106.44276285221034,8331.498138344357,Month-to-month,No,No,Yes,Yes,No,Yes,Yes,No
CUST_05753,65,11,20.33729435505555,1328.857022857995,Month-to-month,No,Yes,Yes,No,No,No,Yes,No
CUST_05754,64,63,40.12531609049076,2584.6069569455663,Month-to-month,Fiber optic,No,Yes,No,No,No,Yes,No
CUST_05755,62,5,79.04466882619761,233.34514306832145,Two year,No,No,Yes,Yes,No,No,No,No
CUST_05756,72,52,36.24505278446648,6710.510132526634,Month-to-month,DSL,Yes,Yes,Yes,Yes,Yes,Yes,Yes
CUST_05757,18,15,118.58039227235882,2716.300394523866,One year,Fiber optic,No,No,No,Yes,No,No,No
CUST_05758,34,4,66.4195622421631,5046.234742471383,Month-to-month,No,No,No,Yes,No,No,Yes,No
CUST_05759,20,45,79.73640749605508,429.4354107521225,One year,DSL,No,Yes,Yes,Yes,Yes,No,No
CUST_05760,43,13,36.03734651051931,6109.866240067879,Month-to-month,Fiber optic,Yes,No,No,Yes,Yes,No,No
CUST_05761,32,43,48.93781008719279,4546.9932921965055,One year,No,Yes,No,Yes,No,Yes,Yes,Yes
CUST_05762,53,62,81.46247826794155,6189.834066390215,Month-to-month,Fiber optic,No,Yes,Yes,Yes,Yes,No,Yes
CUST_05763,49,51,74.95533732863976,6732.340230468097,One year,DSL,No,Yes,No,Yes,No,Yes,No
CUST_05764,49,25,98.43639454411661,849.6400759022031,One year,DSL,Yes,No,Yes,Yes,Yes,No,No
CUST_05765,21,52,46.92331785743161,4955.973814663092,Month-to-month,Fiber optic,Yes,Yes,No,No,Yes,Yes,No
CUST_05766,35,28,85.3542146706534,5559.529884605623,Two year,DSL,Yes,No,No,Yes,No,Yes,No
CUST_05767,66,18,49.09755057488654,4440.437533137958,Month-to-month,DSL,Yes,Yes,Yes,No,Yes,Yes,No
CUST_05768,36,46,78.67526197461203,1632.238945427027,Two year,Fiber optic,Yes,Yes,No,No,Yes,No,Yes
CUST_05769,60,7,80.50309676852086,6783.0171860849905,Two year,Fiber optic,No,Yes,Yes,Yes,No,No,Yes
CUST_05770,69,22,32.18391113544888,8478.649962252626,Two year,No,Yes,Yes,No,No,No,No,No
CUST_05771,52,34,74.86331106862661,8241.870120399592,Two year,No,No,No,No,No,No,No,Yes
CUST_05772,57,52,21.19382999541825,6631.248345808744,Two year,Fiber optic,No,Yes,Yes,Yes,No,Yes,Yes
CUST_05773,31,57,70.12107513746915,3612.1048714059407,Two year,DSL,Yes,Yes,Yes,No,Yes,No,Yes
CUST_05774,75,4,89.7521888608075,2933.324181856186,Month-to-month,DSL,Yes,Yes,No,Yes,No,No,No
CUST_05775,50,15,27.283272898998874,675.7847124469872,One year,Fiber optic,Yes,No,No,No,No,No,No
CUST_05776,31,16,113.87108164170272,3596.8049515141993,One year,Fiber optic,No,No,No,No,No,No,No
CUST_05777,51,31,65.87555319894543,1410.8082209471117,Month-to-month,Fiber optic,Yes,Yes,Yes,Yes,Yes,Yes,No
CUST_05778,78,51,113.84162756240619,2236.411593450639,Month-to-month,DSL,No,Yes,Yes,No,No,No,Yes
CUST_05779,72,19,30.73984236911325,7591.84889468975,Month-to-month,No,Yes,Yes,Yes,Yes,Yes,No,No
CUST_05780,21,65,114.99025944195347,8235.615304694238,Two year,No,No,Yes,No,Yes,Yes,Yes,No
CUST_05781,41,0,30.919709942534674,8067.895603912387,Two year,DSL,No,No,Yes,No,No,No,No
CUST_05782,76,57,66.1495798451336,1724.1877610844836,One year,No,Yes,No,Yes,Yes,Yes,Yes,Yes
CUST_05783,46,43,113.79920667268657,7667.5113491767115,Month-to-month,Fiber optic,Yes,Yes,Yes,Yes,No,No,No
CUST_05784,36,5,43.27082003888715,1288.6445275622273,One year,Fiber optic,No,Yes,No,No,Yes,No,No
CUST_05785,23,49,23.478498085873404,4364.345746159659,One year,DSL,No,No,Yes,No,No,No,No
CUST_05786,74,71,99.31106750282208,5506.772285020737,Two year,DSL,Yes,Yes,No,Yes,No,Yes,No
CUST_05787,50,19,79.58836376690098,3984.7217340435177,Two year,Fiber optic,No,Yes,Yes,Yes,No,Yes,No
CUST_05788,66,13,71.39211929014407,8095.434457501192,One year,Fiber optic,No,No,Yes,Yes,Yes,Yes,No
CUST_05789,57,4,23.434338435321838,2898.986873969483,Two year,DSL,Yes,Yes,Yes,Yes,No,No,No
CUST_05790,36,40,85.32312688068451,4529.972370023734,Two year,DSL,Yes,No,Yes,Yes,Yes,No,No
CUST_05791,70,39,37.16233518845648,733.7794580291743,Two year,Fiber optic,No,Yes,No,Yes,Yes,Yes,No
CUST_05792,18,33,113.11966802046953,7258.686472656519,One year,Fiber optic,No,Yes,No,No,No,No,No
CUST_05793,22,44,88.57269510756821,3572.252525929135,One year,No,Yes,No,No,Yes,Yes,Yes,No
CUST_05794,44,70,90.70338880338365,5984.469770972778,One year,No,Yes,No,Yes,Yes,Yes,Yes,No
CUST_05795,33,70,43.25802726112805,5830.863300815114,Month-to-month,Fiber optic,Yes,No,No,No,No,No,Yes
CUST_05796,23,26,108.07538380567183,5780.608299807673,One year,DSL,No,No,No,Yes,Yes,No,No
CUST_05797,57,43,73.7732570783201,4358.281541562505,Two year,No,Yes,No,No,No,Yes,Yes,No
CUST_05798,30,32,105.70841778142305,2431.1578406018616,One year,No,No,No,No,No,No,Yes,No
CUST_05799,65,32,47.0947474832276,5350.794291915646,Month-to-month,Fiber optic,Yes,Yes,Yes,Yes,No,No,No
CUST_05800,79,43,95.5461713098246,8179.048632014233,Two year,DSL,Yes,Yes,Yes,Yes,No,No,No
CUST_05801,52,19,77.45669036600475,7105.173749949036,One year,DSL,No,No,No,Yes,No,Yes,Yes
CUST_05802,36,35,24.841930581058165,1013.6531450517232,One year,Fiber optic,Yes,Yes,No,No,Yes,No,No
CUST_05803,29,6,60.53423237732869,294.77417332702066,Two year,DSL,No,Yes,Yes,No,Yes,Yes,Yes
CUST_05804,33,31,38.39104651234649,4291.359397711652,One year,Fiber optic,Yes,No,No,No,No,No,No
CUST_05805,76,66,55.91735878787561,6616.966554403783,Month-to-month,DSL,Yes,Yes,No,Yes,Yes,Yes,No
CUST_05806,60,38,58.33516342652224,2736.781446604541,Two year,Fiber optic,Yes,No,No,No,No,No,Yes
CUST_05807,27,23,67.49283530283847,5990.401534395512,One year,DSL,Yes,No,Yes,No,No,No,Yes
CUST_05808,42,69,80.0290442728463,7928.138619605996,Two year,Fiber optic,Yes,No,Yes,Yes,Yes,No,No
CUST_05809,37,53,77.09776524981993,3955.4698582512183,One year,Fiber optic,No,No,Yes,No,No,No,No
CUST_05810,48,37,23.899140470499507,2150.941112337224,One year,DSL,No,No,No,No,Yes,No,No
CUST_05811,21,31,95.06892184887218,7809.166041474075,Two year,Fiber optic,No,No,No,No,Yes,Yes,Yes
CUST_05812,61,44,114.91838844727683,4067.0172976312047,One year,No,Yes,No,No,No,Yes,No,No
CUST_05813,40,60,54.868128898496664,3525.850176070924,One year,DSL,Yes,No,No,Yes,No,No,Yes
CUST_05814,19,69,37.97469013382586,3068.2372009437613,Two year,Fiber optic,Yes,Yes,Yes,No,Yes,Yes,Yes
CUST_05815,73,52,74.00015631153852,3653.34240048603,One year,DSL,Yes,No,Yes,No,Yes,No,No
CUST_05816,39,50,90.49129282441442,5758.725975131809,One year,DSL,No,Yes,Yes,Yes,Yes,Yes,No
CUST_05817,68,55,87.89048945276632,3743.2448686492935,Two year,Fiber optic,No,No,Yes,No,No,No,Yes
CUST_05818,74,26,81.21095775008583,2823.480663897449,Month-to-month,No,Yes,Yes,Yes,Yes,Yes,No,Yes
CUST_05819,54,37,34.623225212820856,6346.556390701644,Month-to-month,DSL,No,No,No,Yes,No,Yes,Yes
CUST_05820,25,61,103.68248944029983,1804.959987004928,Month-to-month,No,Yes,No,Yes,No,Yes,Yes,No
CUST_05821,24,17,62.56215624188153,1796.2432869834602,Month-to-month,No,Yes,Yes,No,No,Yes,No,No
CUST_05822,31,63,42.146858303187,5950.0585070112365,Month-to-month,Fiber optic,Yes,Yes,No,No,Yes,No,Yes
CUST_05823,73,29,28.62661410630965,7380.334853591575,Month-to-month,Fiber optic,No,No,No,Yes,No,Yes,No
CUST_05824,72,48,61.671911497304905,2126.171051775887,Two year,DSL,Yes,No,Yes,No,No,Yes,No
CUST_05825,20,40,81.79730468473073,1705.4497898020081,Two year,Fiber optic,No,Yes,Yes,No,No,No,No
CUST_05826,67,12,86.53777091515077,5730.5694028423195,Two year,DSL,No,No,Yes,Yes,Yes,No,Yes
CUST_05827,33,33,116.27369113972567,5314.741182894483,One year,DSL,Yes,Yes,Yes,No,Yes,Yes,No
CUST_05828,72,24,35.31480836637574,3856.9197107647424,Month-to-month,No,No,No,No,Yes,Yes,Yes,No
CUST_05829,36,65,118.5773665197552,905.2293747259546,Month-to-month,Fiber optic,Yes,No,Yes,Yes,No,No,No
CUST_05830,68,17,85.4675880572228,870.9976202477367,Two year,Fiber optic,No,Yes,No,Yes,No,Yes,Yes
CUST_05831,35,4,65.42290577072015,6629.671027972578,One year,DSL,Yes,No,No,No,No,No,Yes
CUST_05832,69,18,108.81942258481594,3894.860586123758,One year,No,Yes,No,No,Yes,Yes,No,No
CUST_05833,33,41,89.44797419533928,7306.9235664290945,Two year,Fiber optic,Yes,No,Yes,No,No,Yes,Yes
CUST_05834,25,17,54.87172148570152,4927.762672926444,Month-to-month,No,Yes,Yes,No,No,Yes,No,Yes
CUST_05835,77,31,108.40856965764617,5297.400386228115,One year,No,Yes,No,Yes,No,Yes,Yes,Yes
CUST_05836,50,20,86.66154568195348,7947.233312031851,Month-to-month,DSL,No,Yes,Yes,Yes,Yes,No,No
CUST_05837,66,9,89.88373557942195,1482.7735099312792,One year,Fiber optic,Yes,Yes,No,Yes,Yes,Yes,No
CUST_05838,29,36,109.63898880860262,4661.403526094766,Month-to-month,Fiber optic,Yes,Yes,No,Yes,Yes,Yes,Yes
CUST_05839,79,48,64.84162079690552,588.3642397146921,One year,Fiber optic,No,Yes,Yes,Yes,No,Yes,Yes
CUST_05840,70,12,85.69041059597566,3114.9704022098003,Month-to-month,No,Yes,No,Yes,No,No,No,No
CUST_05841,28,54,94.46890216377804,1344.0273983301233,Month-to-month,Fiber optic,Yes,Yes,No,Yes,Yes,Yes,No
CUST_05842,22,16,65.39400581307815,1677.8220831903927,Month-to-month,DSL,No,Yes,Yes,Yes,No,No,No
CUST_05843,44,8,28.345211573779345,7952.2756485084365,Two year,No,Yes,No,Yes,Yes,Yes,No,No
CUST_05844,29,43,97.14397690943608,5229.733236920999,Month-to-month,Fiber optic,No,No,Yes,Yes,Yes,No,No
CUST_05845,34,45,24.781635274336182,7594.12831879444,Month-to-month,No,No,Yes,Yes,No,No,Yes,No
CUST_05846,23,7,91.79144017227382,3825.5695488822967,One year,No,No,Yes,No,No,Yes,No,Yes
CUST_05847,50,36,111.0875208524553,5120.20411197242,One year,No,Yes,No,Yes,Yes,No,No,No
CUST_05848,22,18,54.69689983700185,369.59390242058146,Two year,DSL,No,No,No,No,Yes,No,No
CUST_05849,74,62,30.20617851378268,4043.818751104406,One year,Fiber optic,Yes,No,Yes,Yes,No,No,No
CUST_05850,45,45,43.28639897908411,4838.076056087821,Month-to-month,Fiber optic,No,Yes,Yes,Yes,Yes,No,Yes
CUST_05851,31,70,76.22815641253925,240.93279983057778,Two year,No,No,Yes,Yes,Yes,Yes,Yes,No
CUST_05852,22,25,114.26597431060864,6731.709085318578,Two year,Fiber optic,No,Yes,Yes,Yes,No,Yes,No
CUST_05853,71,45,71.22827298861168,2581.553067923486,Two year,No,Yes,No,Yes,No,Yes,No,Yes
CUST_05854,73,45,31.27372881966963,3900.8914296704697,Month-to-month,No,No,Yes,No,Yes,Yes,Yes,No
CUST_05855,76,13,82.77831737163379,4599.2943965605255,Month-to-month,No,Yes,Yes,Yes,Yes,No,Yes,No
CUST_05856,50,62,93.28449367879414,8434.45608627884,One year,DSL,No,No,Yes,No,No,No,Yes
CUST_05857,79,71,59.3283669992791,933.1468337431361,One year,Fiber optic,No,Yes,Yes,Yes,No,Yes,No
CUST_05858,67,2,92.15140643454146,4764.348322685783,One year,No,Yes,No,No,Yes,Yes,Yes,No
CUST_05859,65,27,52.48228151391898,4556.990824722262,Two year,Fiber optic,No,No,Yes,No,Yes,Yes,Yes
CUST_05860,58,28,98.90901515964134,678.8414430667302,Month-to-month,DSL,No,No,No,No,No,Yes,No
CUST_05861,36,17,54.1072159570069,5425.082225639047,One year,DSL,Yes,No,Yes,No,Yes,No,No
CUST_05862,39,34,45.6107091600626,2509.577244708009,Month-to-month,No,Yes,Yes,No,No,No,Yes,No
CUST_05863,22,46,107.9181405891575,971.6509157828139,Two year,DSL,No,Yes,No,Yes,No,Yes,No
CUST_05864,76,4,74.84734211753963,1600.5922197150028,Month-to-month,DSL,No,No,No,Yes,Yes,No,No
CUST_05865,19,58,48.51562887416847,7018.267159009299,Month-to-month,DSL,No,Yes,No,Yes,Yes,Yes,No
CUST_05866,47,58,113.50868896470674,974.6480044741086,Two year,DSL,Yes,Yes,Yes,Yes,Yes,No,No
CUST_05867,64,46,89.08511754660492,4022.190061218727,One year,DSL,Yes,No,No,No,No,Yes,Yes
CUST_05868,56,12,42.07003996555672,1740.2942179054585,Month-to-month,DSL,No,Yes,Yes,No,Yes,Yes,No
CUST_05869,21,32,81.46423545927806,1463.4868415141011,Month-to-month,Fiber optic,Yes,No,No,Yes,Yes,Yes,No
CUST_05870,50,61,107.03588312890246,1827.9787791034094,Two year,DSL,Yes,Yes,No,No,No,Yes,No
CUST_05871,30,15,89.61531425400574,4239.376649964811,Month-to-month,Fiber optic,No,Yes,No,No,Yes,No,No
CUST_05872,37,43,44.475915076013045,2097.4227373371987,Month-to-month,No,Yes,No,No,Yes,No,No,No
CUST_05873,71,57,84.88483286945149,912.556782961507,Month-to-month,DSL,Yes,No,No,Yes,Yes,Yes,Yes
CUST_05874,24,5,81.91593727202007,6831.767301676216,Two year,DSL,Yes,No,Yes,No,No,No,No
CUST_05875,32,14,102.08436635786886,4634.49978664216,Month-to-month,Fiber optic,Yes,Yes,No,No,Yes,No,No
CUST_05876,40,3,37.813259699669985,1417.5706798960064,Two year,DSL,Yes,Yes,Yes,No,Yes,Yes,No
CUST_05877,31,55,89.963466700136,4060.0107285102285,One year,Fiber optic,No,Yes,No,Yes,No,No,Yes
CUST_05878,40,63,22.7370692133702,674.244998932443,Month-to-month,Fiber optic,Yes,No,No,Yes,Yes,No,No
CUST_05879,36,67,89.61753006357677,4975.6108543975715,Two year,DSL,Yes,Yes,No,No,Yes,No,No
CUST_05880,71,33,116.0437303938557,2958.560484623045,Two year,No,Yes,No,No,No,Yes,Yes,No
CUST_05881,46,55,37.43882662496175,969.6396488933786,Month-to-month,No,Yes,No,Yes,Yes,No,Yes,No
CUST_05882,73,31,51.12997728190089,1642.6083388945385,Two year,No,No,No,No,No,Yes,Yes,Yes
CUST_05883,37,8,78.28715720285513,3003.9027207461027,One year,Fiber optic,No,Yes,Yes,No,No,Yes,Yes
CUST_05884,46,62,93.23950458572557,6873.822616054839,One year,Fiber optic,Yes,No,Yes,No,Yes,Yes,Yes
CUST_05885,41,71,54.43713904045344,1559.547848330516,One year,DSL,No,Yes,Yes,No,No,Yes,No
CUST_05886,35,32,86.42589771401376,1021.1794605395058,One year,Fiber optic,Yes,No,Yes,Yes,No,Yes,Yes
CUST_05887,27,20,109.92787925363331,4433.887654311748,Two year,No,No,No,Yes,Yes,Yes,Yes,No
CUST_05888,58,54,92.6558787224262,4793.054497434225,Two year,DSL,Yes,Yes,Yes,No,No,No,Yes
CUST_05889,74,56,91.10227176022441,858.0270684063042,One year,No,Yes,No,No,Yes,No,No,No
CUST_05890,25,1,58.19706584166159,2489.669625341337,One year,DSL,No,Yes,Yes,Yes,No,Yes,No
CUST_05891,43,12,111.14293088382009,2307.217918479734,One year,No,Yes,No,Yes,No,Yes,Yes,No
CUST_05892,79,3,47.73229419610777,1664.2615194733687,One year,DSL,No,Yes,Yes,Yes,No,Yes,Yes
CUST_05893,46,49,40.528035661970065,2751.360268485492,One year,No,Yes,No,Yes,No,No,No,No
CUST_05894,27,47,56.42239337265038,411.7114969216918,Two year,Fiber optic,No,No,Yes,No,Yes,Yes,No
CUST_05895,34,29,85.0156220738494,5573.018176809219,One year,No,No,No,Yes,Yes,No,No,No
CUST_05896,19,28,106.16779861945068,8403.292018284264,One year,DSL,No,Yes,No,No,Yes,Yes,Yes
CUST_05897,23,7,33.20787823473171,5425.99284674169,Month-to-month,No,No,No,No,Yes,No,Yes,No
CUST_05898,75,11,101.3802177260163,3133.0421845678043,Two year,Fiber optic,Yes,No,Yes,No,Yes,No,No
CUST_05899,22,40,101.28233946689951,5710.446529623686,One year,DSL,Yes,Yes,Yes,No,Yes,No,No
CUST_05900,45,25,78.6919356590086,4900.733736598041,Two year,Fiber optic,No,Yes,No,No,No,No,No
CUST_05901,79,49,96.06479395780256,7212.766616933694,Month-to-month,No,Yes,Yes,Yes,Yes,No,No,No
CUST_05902,58,1,38.18806981515874,5323.746312248803,Month-to-month,DSL,Yes,Yes,No,No,No,Yes,Yes
CUST_05903,22,54,36.95860008207134,5426.241378818489,One year,No,Yes,No,No,Yes,Yes,No,Yes
CUST_05904,35,55,106.2800034128727,1961.9791814931446,One year,DSL,No,No,No,No,Yes,Yes,No
CUST_05905,43,13,69.81484372345669,3591.2688037157827,One year,Fiber optic,No,No,Yes,No,Yes,Yes,No
CUST_05906,37,5,44.59372142528491,2993.094906147688,One year,Fiber optic,Yes,No,No,No,Yes,No,No
CUST_05907,58,60,88.87303576063238,195.97157419150824,Month-to-month,Fiber optic,Yes,No,No,No,No,Yes,No
CUST_05908,66,11,109.1875166934221,2731.5581268681153,Two year,No,No,Yes,Yes,No,Yes,Yes,Yes
CUST_05909,44,12,83.23226459442498,4182.921844312782,One year,DSL,Yes,No,Yes,Yes,Yes,Yes,No
CUST_05910,66,18,54.734504294001724,5138.728518964681,Two year,Fiber optic,Yes,Yes,No,No,No,No,Yes
CUST_05911,29,43,68.32377652930145,7950.379152367825,One year,No,Yes,No,Yes,No,Yes,No,No
CUST_05912,24,58,95.22694609453396,2108.5555786224577,One year,No,No,No,Yes,Yes,No,No,No
CUST_05913,76,36,26.750122887238753,1380.40352531189,Month-to-month,DSL,No,Yes,No,No,No,Yes,No
CUST_05914,20,24,41.71645159564423,7403.343787591249,One year,Fiber optic,No,Yes,Yes,Yes,No,Yes,No
CUST_05915,27,15,66.25831866494471,8011.51895034296,One year,No,Yes,No,No,Yes,No,No,No
CUST_05916,51,37,80.42409640970988,4198.815688081108,One year,Fiber optic,Yes,No,Yes,Yes,Yes,No,No
CUST_05917,42,42,53.91655910423245,1067.8191145004366,Month-to-month,DSL,Yes,No,No,Yes,No,No,No
CUST_05918,52,13,49.83909218698807,4177.2617139265585,Two year,Fiber optic,No,Yes,Yes,Yes,No,No,No
CUST_05919,33,5,24.13841956997213,1019.3239476674576,Month-to-month,Fiber optic,No,No,No,Yes,Yes,Yes,Yes
CUST_05920,19,22,23.260177205144753,7518.758861085566,One year,No,No,Yes,Yes,Yes,Yes,Yes,No
CUST_05921,77,59,47.86948543028256,6048.460878776499,One year,No,Yes,Yes,No,Yes,Yes,Yes,Yes
CUST_05922,41,11,73.0506100089543,2125.550948764033,One year,DSL,No,Yes,Yes,Yes,Yes,Yes,No
CUST_05923,27,12,75.63714964454115,7548.201823861009,Two year,DSL,Yes,Yes,Yes,Yes,No,No,No
CUST_05924,55,5,69.40274928668688,5458.3745240142825,Two year,DSL,Yes,Yes,No,Yes,Yes,No,No
CUST_05925,39,62,60.98806840028343,8107.4120284552955,One year,No,No,Yes,Yes,Yes,Yes,Yes,No
CUST_05926,43,37,45.22915892613208,8336.030731688596,One year,DSL,Yes,Yes,No,No,No,No,No
CUST_05927,60,49,60.069443159278215,127.56702958003197,Two year,DSL,Yes,No,Yes,No,No,Yes,No
CUST_05928,72,51,33.87599653855135,1109.7993558313842,Month-to-month,No,No,Yes,Yes,No,No,No,No
CUST_05929,56,39,31.525922902603682,4694.14757877742,Month-to-month,DSL,Yes,Yes,No,Yes,Yes,No,No
CUST_05930,44,7,49.99432568137914,8129.164145525248,Two year,No,No,No,Yes,Yes,Yes,Yes,No
CUST_05931,46,60,119.53487964272196,8451.562538281443,Two year,DSL,No,No,No,No,No,Yes,No
CUST_05932,64,7,52.64969475163985,4866.226656549567,One year,No,No,Yes,Yes,Yes,Yes,Yes,No
CUST_05933,55,33,113.64563903551051,1559.9325071399344,Two year,Fiber optic,Yes,No,No,Yes,Yes,Yes,No
CUST_05934,37,59,59.2262145767694,1469.6201680731317,Two year,No,No,No,Yes,No,Yes,Yes,No
CUST_05935,44,56,63.900999119960936,6516.4051681587625,One year,No,No,Yes,Yes,Yes,No,No,Yes
CUST_05936,58,45,99.70628832022295,5072.276501132901,Two year,No,No,No,No,No,Yes,No,No
CUST_05937,71,21,29.36383274474567,4709.700751035209,One year,DSL,Yes,Yes,Yes,No,Yes,No,Yes
CUST_05938,37,39,38.23133235936395,4012.4253557243374,Month-to-month,No,Yes,No,Yes,Yes,No,Yes,No
CUST_05939,61,44,117.38402649752148,6191.1308632861255,Month-to-month,No,Yes,Yes,No,Yes,Yes,Yes,Yes
CUST_05940,36,54,70.59173399606946,7307.655103653302,Month-to-month,DSL,No,No,Yes,Yes,No,Yes,No
CUST_05941,37,50,24.43096822086303,2644.8478820433447,One year,Fiber optic,No,Yes,No,No,No,No,No
CUST_05942,52,4,24.73807330560505,1955.7092442774813,Month-to-month,No,No,Yes,Yes,Yes,Yes,No,No
CUST_05943,64,12,110.72406837773927,5729.672997045516,Month-to-month,DSL,Yes,Yes,Yes,Yes,Yes,No,No
CUST_05944,19,27,107.33650895587176,7783.752362061608,One year,Fiber optic,No,Yes,No,Yes,Yes,No,No
CUST_05945,47,61,65.83991069451001,3024.522497210324,One year,No,No,No,No,No,Yes,No,No
CUST_05946,70,23,36.32220859445987,2388.565041090289,Month-to-month,Fiber optic,Yes,Yes,Yes,Yes,Yes,Yes,Yes
CUST_05947,51,6,103.02846063624797,1999.3628939792038,Month-to-month,No,Yes,No,No,Yes,Yes,No,No
CUST_05948,39,37,52.46001072796505,2237.723624651699,Month-to-month,No,No,No,Yes,No,No,Yes,No
CUST_05949,20,36,61.905839866309535,1233.4400808666414,Two year,Fiber optic,No,Yes,Yes,Yes,Yes,Yes,Yes
CUST_05950,23,67,88.2476379049318,5112.93711191017,One year,Fiber optic,No,Yes,No,Yes,Yes,No,No
CUST_05951,32,41,55.33983534076545,2458.938976754548,One year,Fiber optic,Yes,No,No,No,No,No,No
CUST_05952,44,4,82.8669926698293,5265.532637926398,One year,No,Yes,No,No,Yes,Yes,No,No
CUST_05953,27,63,108.52827104425843,797.4717359055721,One year,No,No,Yes,No,Yes,No,No,No
CUST_05954,26,49,99.73732687744774,1069.8370537901842,Month-to-month,DSL,Yes,Yes,Yes,Yes,Yes,Yes,No
CUST_05955,50,14,58.16110738671604,4603.592193494334,One year,DSL,Yes,Yes,Yes,No,No,Yes,No
CUST_05956,49,52,48.79365547037348,4396.859933598517,Two year,DSL,No,Yes,No,No,Yes,Yes,No
CUST_05957,65,24,48.5510448739559,2380.6833845982646,Two year,No,No,No,Yes,No,Yes,No,No
CUST_05958,23,8,54.859115037658306,7047.899153612557,Month-to-month,Fiber optic,Yes,Yes,No,No,Yes,Yes,No
CUST_05959,58,37,69.35169867247723,1671.1961848874155,Month-to-month,DSL,Yes,Yes,Yes,Yes,No,Yes,No
CUST_05960,76,21,61.65974806939431,3129.553443138763,One year,No,Yes,No,No,No,No,Yes,No
CUST_05961,53,48,33.30040209876579,4766.298331008178,Month-to-month,Fiber optic,Yes,Yes,Yes,Yes,No,Yes,No
CUST_05962,76,67,36.34558583339083,7384.573261129062,Month-to-month,DSL,No,No,Yes,Yes,No,Yes,No
CUST_05963,77,14,54.29296093981834,3615.828191400924,Month-to-month,Fiber optic,Yes,Yes,No,Yes,No,Yes,Yes
CUST_05964,19,64,76.20641000588573,3448.2480257035963,Two year,Fiber optic,No,Yes,Yes,Yes,Yes,Yes,No
CUST_05965,46,53,79.26639501334947,4968.114395467075,One year,DSL,Yes,Yes,No,No,No,Yes,No
CUST_05966,21,29,68.62070648966301,2760.2414898883285,Month-to-month,DSL,No,No,No,Yes,Yes,No,No
CUST_05967,18,19,93.87758812075145,6057.0553265405515,One year,No,Yes,Yes,Yes,No,No,Yes,No
CUST_05968,36,32,93.72487887567367,2189.04590160284,One year,Fiber optic,No,No,Yes,No,Yes,No,No
CUST_05969,43,6,62.762747168738855,7014.846374297782,One year,DSL,No,Yes,Yes,No,No,No,No
CUST_05970,42,7,32.44408107609443,2387.768670321074,Two year,DSL,No,Yes,No,Yes,Yes,Yes,Yes
CUST_05971,27,27,73.01747697671232,8438.689763240302,One year,Fiber optic,Yes,Yes,Yes,No,Yes,Yes,Yes
CUST_05972,70,44,58.14690639938326,2758.284784352198,One year,Fiber optic,Yes,No,Yes,Yes,No,Yes,No
CUST_05973,32,10,33.79229897637033,7482.139564703662,Month-to-month,Fiber optic,Yes,Yes,No,Yes,Yes,No,No
CUST_05974,76,30,118.18172099648392,3437.7900144908813,Month-to-month,DSL,Yes,Yes,Yes,No,No,Yes,No
CUST_05975,39,11,56.975538928010224,2166.8606730598144,Two year,DSL,No,Yes,Yes,Yes,Yes,Yes,No
CUST_05976,68,50,82.57978396212309,1999.771303866984,One year,No,Yes,No,Yes,No,Yes,No,No
CUST_05977,65,43,69.01288613365966,7241.606767538978,Two year,Fiber optic,No,No,Yes,Yes,No,Yes,No
CUST_05978,38,49,34.28282792167661,2693.5250850281645,One year,DSL,No,Yes,Yes,Yes,Yes,Yes,Yes
CUST_05979,76,16,25.554362337257057,2943.929275261875,Two year,DSL,Yes,No,Yes,Yes,Yes,No,No
CUST_05980,73,34,82.57694150819589,1754.7416690471007,One year,Fiber optic,No,No,No,Yes,No,No,Yes
CUST_05981,39,0,44.70218703478856,8175.127632176221,Month-to-month,DSL,No,Yes,Yes,No,No,Yes,Yes
CUST_05982,53,28,44.3653999613715,2155.8491010301727,Two year,Fiber optic,Yes,No,Yes,No,No,Yes,No
CUST_05983,51,50,115.69761897103106,2178.5263994455413,Month-to-month,DSL,Yes,No,Yes,No,No,Yes,No
CUST_05984,47,63,66.17733043112914,8028.742278139445,One year,Fiber optic,No,No,No,Yes,Yes,No,No
CUST_05985,42,3,22.942606650068925,7667.550381959536,Two year,Fiber optic,Yes,No,No,Yes,No,No,No
CUST_05986,62,27,53.984271514980676,2190.8514187112455,Month-to-month,DSL,No,Yes,Yes,Yes,No,No,Yes
CUST_05987,45,15,78.44915422522266,7363.69478395111,Month-to-month,Fiber optic,Yes,No,No,No,No,Yes,No
CUST_05988,18,62,52.85674185171208,2198.514989923382,Month-to-month,No,Yes,Yes,No,No,Yes,No,Yes
CUST_05989,66,52,22.68519540341423,809.4989847641453,One year,No,No,Yes,No,No,No,Yes,No
CUST_05990,62,16,64.43112654667354,6991.0353265249305,Two year,Fiber optic,Yes,Yes,Yes,No,Yes,No,No
CUST_05991,21,39,30.590633617477785,6581.088525648404,Month-to-month,No,Yes,Yes,No,No,No,Yes,No
CUST_05992,24,12,81.91600246627044,2575.20382220836,One year,DSL,Yes,No,Yes,Yes,Yes,No,Yes
CUST_05993,66,51,81.9587100222688,857.1674750299183,One year,DSL,No,No,No,No,Yes,Yes,No
CUST_05994,26,57,23.77591395984007,1834.0866296080412,One year,Fiber optic,No,Yes,No,Yes,Yes,No,Yes
CUST_05995,53,36,49.06662615993773,6576.87519561431,Two year,DSL,Yes,No,No,No,No,Yes,No
CUST_05996,36,60,61.36862637390038,8203.881645516383,One year,DSL,No,No,Yes,Yes,No,No,No
CUST_05997,18,33,75.02640978591779,2275.617403073729,One year,No,No,Yes,Yes,Yes,No,Yes,No
CUST_05998,27,69,49.60634297081951,6973.3739286977725,Two year,DSL,No,Yes,No,No,Yes,No,No
CUST_05999,53,16,48.774651255139815,2014.634321632097,Two year,DSL,Yes,Yes,No,Yes,No,No,No
CUST_06000,26,19,118.30151562502594,5808.643291330702,One year,No,Yes,No,Yes,Yes,Yes,Yes,No
CUST_06001,62,58,24.18627957208999,802.3531398648212,One year,Fiber optic,Yes,Yes,No,Yes,No,Yes,Yes
CUST_06002,63,68,118.90454140911518,5016.483379210984,Month-to-month,Fiber optic,No,Yes,Yes,Yes,No,No,No
CUST_06003,59,32,24.775194107839653,2361.1950860356324,Two year,No,No,No,Yes,Yes,No,No,No
CUST_06004,49,16,48.834142779468586,7877.1059693627185,Two year,No,Yes,Yes,No,Yes,No,Yes,No
CUST_06005,49,56,69.36908549693501,2533.90746574321,Month-to-month,DSL,Yes,No,No,Yes,No,No,Yes
CUST_06006,23,0,34.32983430143252,3446.9018368433753,One year,DSL,Yes,No,Yes,Yes,Yes,No,Yes
CUST_06007,65,12,33.48463625187239,7161.70453369848,One year,Fiber optic,Yes,Yes,No,Yes,Yes,Yes,Yes
CUST_06008,55,26,45.631271326094584,3781.506493393072,One year,Fiber optic,No,Yes,No,No,No,No,No
CUST_06009,34,69,117.35071835735695,2102.662915077315,One year,No,Yes,Yes,No,No,Yes,Yes,Yes
CUST_06010,27,58,58.011685887456416,4699.372295512097,Month-to-month,DSL,No,Yes,Yes,Yes,No,Yes,Yes
CUST_06011,67,5,76.59948382691918,7155.926043459848,Two year,No,Yes,No,Yes,No,No,Yes,No
CUST_06012,44,22,90.42914023816463,3738.6919408390804,Two year,Fiber optic,Yes,Yes,Yes,Yes,No,No,No
CUST_06013,71,9,94.22218355242104,1216.263309320888,One year,Fiber optic,No,Yes,Yes,No,No,No,No
CUST_06014,67,50,88.80409663453548,3317.9300701619413,Month-to-month,No,Yes,No,Yes,No,Yes,No,No
CUST_06015,52,18,53.692819319172486,8117.591117991208,One year,DSL,Yes,Yes,Yes,No,Yes,No,No
CUST_06016,69,50,31.172782735606248,704.9816110724864,One year,DSL,No,Yes,Yes,No,Yes,Yes,No
CUST_06017,76,67,48.171647533321085,3530.9394485633666,Month-to-month,No,No,No,Yes,No,Yes,Yes,No
CUST_06018,38,41,41.02952267695066,5543.44186909739,Month-to-month,Fiber optic,Yes,Yes,Yes,Yes,Yes,No,Yes
CUST_06019,42,56,33.627730486931675,759.5489001793119,Two year,No,No,No,Yes,Yes,No,Yes,No
CUST_06020,45,67,22.44967317516187,2997.601394825772,Two year,No,No,Yes,No,Yes,No,No,No
CUST_06021,64,37,113.57258490584141,8000.8581730982105,One year,DSL,Yes,Yes,Yes,Yes,Yes,No,No
CUST_06022,32,61,112.10343865453382,357.3398145316034,One year,Fiber optic,Yes,No,Yes,Yes,Yes,Yes,No
CUST_06023,21,6,25.041700563016924,6414.631787849922,Two year,Fiber optic,Yes,No,No,Yes,No,No,No
CUST_06024,46,70,37.30845728204018,7167.549715542368,Month-to-month,DSL,No,Yes,Yes,No,No,Yes,No
CUST_06025,76,49,33.95004714627937,2427.3100935091015,One year,Fiber optic,No,Yes,Yes,Yes,No,Yes,Yes
CUST_06026,26,51,48.12229344215174,1903.600703966423,One year,Fiber optic,Yes,No,No,Yes,Yes,No,Yes
CUST_06027,44,25,40.40688704787411,7784.49550612414,Month-to-month,DSL,Yes,Yes,Yes,No,No,Yes,No
CUST_06028,43,25,114.5853537397855,6517.614242038085,One year,Fiber optic,Yes,Yes,No,No,Yes,Yes,No
CUST_06029,36,18,28.417043656020383,1052.3979606988194,Month-to-month,Fiber optic,Yes,Yes,Yes,No,No,No,No
CUST_06030,73,8,41.16708270045032,1882.4569463377843,Two year,No,No,Yes,Yes,No,No,Yes,No
CUST_06031,45,60,28.072330458291443,5319.383301937457,Two year,Fiber optic,Yes,Yes,No,Yes,Yes,No,No
CUST_06032,34,19,118.03853486444363,3623.1022027338963,Two year,No,No,Yes,Yes,Yes,No,Yes,No
CUST_06033,60,49,111.84135090970051,4335.064711678358,Two year,No,No,No,No,No,No,Yes,Yes
CUST_06034,74,21,91.6631589765411,8092.956454859047,Two year,No,Yes,Yes,Yes,Yes,No,No,No
CUST_06035,58,12,62.59730322199133,3629.977890812581,One year,DSL,No,Yes,No,Yes,Yes,No,No
CUST_06036,59,11,39.017813552399254,7506.128764839859,Two year,DSL,No,Yes,No,Yes,Yes,Yes,No
CUST_06037,67,9,42.148972502014246,5650.255636748815,One year,Fiber optic,No,Yes,Yes,No,No,No,Yes
CUST_06038,37,64,64.30400085560115,1121.6034531938717,One year,No,Yes,No,Yes,No,Yes,Yes,No
CUST_06039,62,29,96.82226713364815,6353.859107840845,Month-to-month,Fiber optic,Yes,Yes,Yes,No,No,Yes,Yes
CUST_06040,57,7,46.47294959989589,4469.756221233044,One year,Fiber optic,Yes,Yes,No,Yes,Yes,No,No
CUST_06041,56,20,51.07919125346467,1990.816903292704,One year,Fiber optic,Yes,Yes,No,No,Yes,Yes,No
CUST_06042,66,21,79.99442914044707,2532.214313891304,Two year,Fiber optic,Yes,No,Yes,No,Yes,Yes,No
CUST_06043,70,17,43.772936227825355,4781.592367906311,Two year,Fiber optic,Yes,Yes,No,No,No,No,No
CUST_06044,40,65,78.42186212928036,5154.300917224661,Month-to-month,No,No,Yes,No,Yes,Yes,No,No
CUST_06045,64,47,58.71308932722846,8232.681793847632,Month-to-month,No,No,No,No,No,Yes,No,No
CUST_06046,49,43,23.436820590134804,7279.649145848984,One year,No,No,No,No,No,Yes,No,No
CUST_06047,69,8,60.270128623196385,1829.0500107603202,Month-to-month,No,No,No,No,Yes,No,Yes,Yes
CUST_06048,64,66,111.95252795191449,6601.533392764022,Two year,DSL,No,No,Yes,Yes,No,Yes,No
CUST_06049,50,53,49.31118791334606,169.65118847382254,Two year,No,No,No,Yes,Yes,No,Yes,No
CUST_06050,74,25,52.2832389436469,1190.3910737872095,Two year,No,No,Yes,No,Yes,No,Yes,Yes
CUST_06051,63,25,26.59408880592869,1777.4834949567787,One year,No,No,Yes,Yes,Yes,Yes,Yes,No
CUST_06052,22,33,81.50474485692942,5116.474562336759,One year,DSL,Yes,Yes,No,No,No,Yes,No
CUST_06053,60,7,104.92423642983388,1735.3540529215684,Month-to-month,Fiber optic,Yes,No,No,No,No,No,No
CUST_06054,65,9,55.29228930931016,3168.29271309658,Two year,DSL,No,No,Yes,No,No,No,No
CUST_06055,51,47,44.02455575199885,2139.3501699934677,One year,No,No,Yes,No,Yes,No,Yes,Yes
CUST_06056,57,54,115.66118541638586,2934.299644791692,One year,No,Yes,No,Yes,Yes,No,Yes,No
CUST_06057,28,53,94.50726145914885,8016.592135766154,Month-to-month,DSL,Yes,No,Yes,Yes,No,Yes,Yes
CUST_06058,78,39,76.71635592832646,8477.961361801614,Two year,Fiber optic,Yes,No,Yes,Yes,Yes,No,No
CUST_06059,67,14,50.553116634488404,5860.0656926185175,Two year,DSL,No,Yes,Yes,Yes,No,Yes,Yes
CUST_06060,20,17,42.07980179764009,4907.386120227719,Month-to-month,DSL,No,No,No,No,Yes,No,No
CUST_06061,79,22,91.57440390004672,6050.961904856778,Month-to-month,No,Yes,Yes,No,No,Yes,Yes,Yes
CUST_06062,75,61,72.17888171373441,6581.87848351883,Month-to-month,DSL,No,Yes,No,No,No,No,No
CUST_06063,50,45,72.05998168029811,6307.707046319921,Month-to-month,DSL,No,No,No,Yes,Yes,Yes,Yes
CUST_06064,28,38,27.37098186722438,787.8972368800404,Two year,DSL,Yes,Yes,No,No,Yes,No,No
CUST_06065,33,14,71.2194476759606,2706.464722008902,Two year,DSL,Yes,No,Yes,Yes,Yes,No,Yes
CUST_06066,35,52,102.27440310394937,2984.823607033898,Month-to-month,DSL,Yes,No,No,Yes,Yes,No,No
CUST_06067,47,63,114.6799277795759,3201.737582861186,One year,DSL,No,Yes,Yes,No,No,Yes,No
CUST_06068,65,62,30.668239748173512,2992.235740672953,One year,No,Yes,No,No,Yes,Yes,Yes,Yes
CUST_06069,72,15,83.11652106990708,6711.575298582752,Two year,No,Yes,Yes,No,No,No,No,No
CUST_06070,27,69,76.8347250798247,6379.879210228778,Two year,No,Yes,No,Yes,Yes,No,Yes,No
CUST_06071,35,65,109.03124909481419,138.642544298275,Month-to-month,No,No,Yes,No,Yes,Yes,No,No
CUST_06072,55,12,95.12440301848716,2589.6047973556397,One year,DSL,No,Yes,No,No,Yes,No,No
CUST_06073,36,46,116.52618691653132,5338.774641396735,Two year,DSL,No,No,Yes,Yes,Yes,No,No
CUST_06074,53,8,116.00325375819962,1110.231224705916,One year,DSL,Yes,Yes,Yes,No,Yes,No,No
CUST_06075,76,62,42.568509334522076,698.0656736784721,Month-to-month,DSL,No,Yes,No,No,No,Yes,No
CUST_06076,30,33,92.53508719004222,7058.544203787245,Two year,No,No,Yes,No,No,Yes,Yes,Yes
CUST_06077,73,28,73.05230913648944,3902.54788624538,Two year,No,Yes,No,Yes,No,Yes,No,Yes
CUST_06078,63,36,41.46019952153054,7287.773890535169,One year,DSL,No,Yes,No,No,No,No,No
CUST_06079,20,42,39.48690822174007,7017.842908283151,One year,DSL,No,No,Yes,No,No,No,Yes
CUST_06080,27,63,28.10843412662865,7604.312385980919,Two year,DSL,No,No,Yes,No,No,Yes,No
CUST_06081,55,23,99.5545276418689,505.50633390943545,One year,DSL,No,Yes,No,No,No,No,No
CUST_06082,18,70,52.450478062000954,1663.4925553104304,One year,Fiber optic,No,No,Yes,No,Yes,Yes,No
CUST_06083,72,33,105.69688353289665,2587.602580971932,Month-to-month,Fiber optic,No,No,No,Yes,Yes,No,No
CUST_06084,73,47,80.83153660232145,1244.335257838025,One year,Fiber optic,No,Yes,No,Yes,No,Yes,No
CUST_06085,44,11,87.36333548384607,4177.946494599999,Two year,Fiber optic,No,No,Yes,Yes,Yes,No,No
CUST_06086,63,22,49.16737496101966,6811.405876328092,Month-to-month,DSL,Yes,No,No,No,No,No,No
CUST_06087,25,12,65.72942793956835,8089.9272111375185,Two year,DSL,Yes,No,No,Yes,Yes,Yes,No
CUST_06088,68,44,61.23175780831249,7572.422729602315,Month-to-month,DSL,Yes,Yes,No,Yes,No,Yes,Yes
CUST_06089,63,64,43.56886639246012,3941.6281121327897,Month-to-month,Fiber optic,Yes,No,Yes,Yes,No,No,No
CUST_06090,59,46,103.25121685267925,5446.525251515998,One year,Fiber optic,Yes,Yes,Yes,No,No,No,No
CUST_06091,34,57,82.20845058066212,2037.8474369686842,One year,DSL,Yes,Yes,No,Yes,Yes,No,No
CUST_06092,26,4,23.743197745307015,3485.275599428127,Two year,Fiber optic,Yes,Yes,No,No,Yes,No,No
CUST_06093,78,4,101.99170193786884,7417.933801528026,One year,No,No,Yes,Yes,Yes,Yes,No,No
CUST_06094,23,59,30.603775602859145,345.2591849636386,Month-to-month,Fiber optic,No,No,Yes,No,Yes,Yes,No
CUST_06095,60,20,60.369643353255924,4575.177890205185,One year,Fiber optic,No,Yes,No,No,Yes,No,No
CUST_06096,42,23,77.12569016303779,7431.505702351779,Two year,Fiber optic,No,No,No,Yes,No,Yes,No
CUST_06097,56,17,20.7651245661218,1124.8829403463878,Month-to-month,Fiber optic,No,No,No,No,No,Yes,No
CUST_06098,66,20,85.2908105442936,8353.388096389424,Two year,DSL,Yes,Yes,Yes,No,No,Yes,No
CUST_06099,77,53,85.9702939560257,204.08829744182123,One year,No,Yes,Yes,Yes,Yes,No,Yes,Yes
CUST_06100,45,9,85.25263171326468,7543.40809629058,Month-to-month,DSL,No,No,Yes,Yes,No,No,No
CUST_06101,50,23,36.346793810627716,3070.849624917722,Two year,Fiber optic,No,Yes,No,No,No,No,Yes
CUST_06102,71,59,45.57323267735494,1214.6008860932068,One year,Fiber optic,No,Yes,Yes,No,No,No,No
CUST_06103,54,56,44.737581953274024,1421.8086721380948,One year,Fiber optic,Yes,Yes,No,Yes,No,Yes,No
CUST_06104,26,22,116.0066983179637,5989.901234175875,Two year,Fiber optic,Yes,No,Yes,No,Yes,No,No
CUST_06105,35,21,26.752818722587726,7414.04528390993,Month-to-month,Fiber optic,No,No,Yes,Yes,Yes,Yes,No
CUST_06106,73,67,62.8761507703504,5484.957371977019,Two year,No,Yes,No,No,No,Yes,No,No
CUST_06107,76,33,107.1253905820194,7901.289759430325,One year,DSL,No,No,Yes,No,Yes,No,No
CUST_06108,38,69,96.9465994447716,7176.821878477952,Two year,Fiber optic,No,Yes,No,Yes,Yes,No,No
CUST_06109,19,27,102.24421246489267,175.86717830146353,One year,No,Yes,No,Yes,Yes,No,No,Yes
CUST_06110,78,38,117.2293584122333,5723.209181213132,Month-to-month,DSL,No,No,Yes,No,No,Yes,No
CUST_06111,75,41,58.72618122731889,2658.9313852000573,Two year,DSL,Yes,No,Yes,No,No,Yes,No
CUST_06112,60,22,50.96552743804611,3917.8000984514447,Month-to-month,DSL,No,No,No,Yes,No,No,No
CUST_06113,76,69,23.065949015019733,889.8582843275046,Two year,Fiber optic,No,No,Yes,No,Yes,No,No
CUST_06114,77,1,35.001936178986206,2469.6329597218632,One year,Fiber optic,Yes,Yes,Yes,Yes,Yes,Yes,Yes
CUST_06115,55,23,76.20146545430242,5414.562126433063,Month-to-month,No,Yes,No,No,Yes,Yes,Yes,No
CUST_06116,75,16,35.766059505334006,1934.4098941531217,One year,No,Yes,Yes,Yes,Yes,Yes,Yes,No
CUST_06117,57,64,93.63050159809107,5539.308013478021,Two year,DSL,No,No,Yes,Yes,No,Yes,Yes
CUST_06118,53,69,23.72326049159375,7853.470234692048,One year,Fiber optic,No,No,No,Yes,No,Yes,No
CUST_06119,67,68,45.948802323788186,141.49856204164078,Two year,DSL,No,Yes,Yes,Yes,No,Yes,No
CUST_06120,77,59,89.54531233884886,6700.47404573081,Month-to-month,DSL,No,No,Yes,No,No,No,No
CUST_06121,60,49,45.55028242390638,5487.078593370781,One year,No,No,Yes,No,Yes,No,Yes,Yes
CUST_06122,54,11,92.87604642244641,491.7152069638548,One year,Fiber optic,Yes,No,Yes,No,No,Yes,No
CUST_06123,32,46,119.58638754307019,6737.403952859851,Two year,No,Yes,Yes,Yes,No,Yes,Yes,No
CUST_06124,45,66,99.70839554491036,1985.976695151901,Two year,Fiber optic,No,No,No,Yes,No,No,No
CUST_06125,35,64,54.183545876100254,2332.892542070049,Two year,DSL,Yes,Yes,Yes,Yes,Yes,No,No
CUST_06126,51,26,110.05919006282612,885.5317327427363,Month-to-month,DSL,Yes,No,Yes,No,No,No,No
CUST_06127,39,47,25.117973566820943,4588.790448883379,One year,DSL,No,Yes,Yes,No,Yes,No,No
CUST_06128,28,61,92.50068244473121,4285.079418253104,Two year,Fiber optic,Yes,No,No,Yes,Yes,Yes,Yes
CUST_06129,75,43,22.332233156267506,3016.2658532248274,Two year,DSL,No,No,No,No,Yes,Yes,Yes
CUST_06130,74,18,37.455549535696505,1517.5319852408938,One year,Fiber optic,No,Yes,No,No,Yes,Yes,No
CUST_06131,30,58,118.75857415385745,7138.809857792153,Month-to-month,Fiber optic,Yes,Yes,No,Yes,No,Yes,No
CUST_06132,21,7,56.088491249430696,7461.578812568442,One year,No,Yes,Yes,Yes,Yes,Yes,No,No
CUST_06133,39,54,102.04993781642388,4640.868729994846,Two year,DSL,No,Yes,Yes,No,No,No,No
CUST_06134,24,46,57.6086712835602,2151.4928022347763,One year,No,No,No,No,No,No,Yes,Yes
CUST_06135,78,1,104.00284507978157,907.3245518689453,Two year,Fiber optic,No,Yes,No,Yes,Yes,No,No
CUST_06136,60,38,116.54395601267743,7395.771006929127,Two year,DSL,Yes,Yes,No,Yes,Yes,No,Yes
CUST_06137,71,44,63.55362434191665,906.8428445522561,One year,DSL,No,No,Yes,Yes,No,Yes,Yes
CUST_06138,41,31,75.93491918482793,210.71231709539103,One year,Fiber optic,No,Yes,Yes,No,No,No,No
CUST_06139,21,64,82.86394899635678,4042.939649644565,Month-to-month,DSL,No,Yes,Yes,No,No,Yes,No
CUST_06140,45,37,113.48348021752354,6242.676584626408,Two year,Fiber optic,No,Yes,Yes,Yes,Yes,No,No
CUST_06141,32,10,45.674408743455785,3943.310837607141,Two year,DSL,Yes,No,No,No,No,Yes,No
CUST_06142,18,9,81.12493728337267,531.8490986869033,Two year,DSL,No,Yes,Yes,No,Yes,Yes,No
CUST_06143,72,58,52.47202282231425,5896.244552743312,Two year,Fiber optic,Yes,No,Yes,No,Yes,Yes,No
CUST_06144,20,54,41.693318018241946,5495.594012685948,Two year,No,No,No,No,Yes,Yes,Yes,Yes
CUST_06145,31,19,28.492033902321417,5824.849741446262,One year,Fiber optic,No,No,No,No,Yes,Yes,No
CUST_06146,55,16,82.07108637359488,1874.1009273320153,Two year,DSL,No,No,Yes,Yes,Yes,No,No
CUST_06147,67,67,108.20854788715684,6783.866636819672,One year,Fiber optic,No,No,Yes,No,Yes,Yes,Yes
CUST_06148,74,4,55.13928888445126,4125.012978684321,Month-to-month,Fiber optic,Yes,No,Yes,Yes,No,Yes,No
CUST_06149,18,59,75.26685361929773,4605.3636089596985,Two year,Fiber optic,Yes,Yes,No,Yes,No,No,No
CUST_06150,55,22,84.21337952941157,4684.972081095692,Month-to-month,DSL,Yes,Yes,No,Yes,No,No,No
CUST_06151,55,45,61.465017779520394,2509.1740713980885,One year,No,No,Yes,No,No,Yes,No,No
CUST_06152,38,51,110.33478503660581,2201.1264764311554,One year,No,No,No,No,Yes,No,No,Yes
CUST_06153,65,9,56.27551612011766,140.03549604490576,Month-to-month,DSL,Yes,Yes,No,No,Yes,Yes,No
CUST_06154,46,45,32.50108200898437,3431.526873265363,Two year,No,Yes,No,Yes,No,No,Yes,No
CUST_06155,22,27,34.40203580516996,4174.86506508815,One year,Fiber optic,Yes,No,Yes,No,No,No,No
CUST_06156,66,42,109.08576145077127,6339.551463504508,One year,Fiber optic,No,Yes,Yes,No,No,No,Yes
CUST_06157,27,25,118.80080428479597,659.6664719321199,One year,No,No,Yes,Yes,No,No,No,No
CUST_06158,45,54,48.8937850571717,7861.511064149176,One year,No,Yes,Yes,Yes,Yes,Yes,Yes,No
CUST_06159,38,47,34.36027256547114,2317.2511332751487,One year,No,Yes,Yes,Yes,Yes,No,Yes,No
CUST_06160,67,28,68.22122817562095,3180.4537970772817,One year,Fiber optic,Yes,Yes,Yes,No,Yes,No,No
CUST_06161,24,26,90.9528063576598,506.2447110001992,Month-to-month,Fiber optic,No,No,No,Yes,Yes,No,No
CUST_06162,20,17,81.24029081029721,5586.345850872236,Two year,DSL,No,No,Yes,No,Yes,Yes,No
CUST_06163,62,59,115.11081820826126,6054.951498074882,Two year,DSL,No,No,No,Yes,Yes,Yes,No
CUST_06164,64,68,101.77778839716281,7901.8462252340305,Two year,Fiber optic,No,Yes,Yes,No,No,No,No
CUST_06165,37,20,106.89721650640021,2929.363627847922,Two year,Fiber optic,No,No,Yes,Yes,No,Yes,No
CUST_06166,36,23,74.16671588490702,2261.897330977161,Month-to-month,DSL,Yes,Yes,No,No,Yes,No,Yes
CUST_06167,52,2,52.727519333145004,6199.126629995314,Month-to-month,DSL,Yes,No,No,No,No,No,No
CUST_06168,21,61,90.17360104605791,6037.127462920595,Two year,Fiber optic,No,Yes,Yes,Yes,No,No,No
CUST_06169,22,1,63.90530399513951,7971.84208596845,One year,No,Yes,No,Yes,No,Yes,Yes,No
CUST_06170,18,65,48.77542405623245,1824.676443559585,Two year,Fiber optic,No,No,Yes,Yes,Yes,Yes,No
CUST_06171,21,41,35.22706856722975,6024.458030634096,One year,No,Yes,No,Yes,Yes,No,Yes,No
CUST_06172,29,33,72.78742078895624,661.6960483905756,One year,Fiber optic,Yes,No,Yes,Yes,No,No,No
CUST_06173,77,41,79.42535671999187,4135.092096760636,Month-to-month,DSL,Yes,Yes,No,Yes,No,No,No
CUST_06174,44,19,76.8785682654175,1102.88252903195,One year,DSL,No,No,No,No,No,No,No
CUST_06175,73,67,31.654836343355402,5586.426299993564,Month-to-month,DSL,Yes,No,No,No,Yes,No,No
CUST_06176,59,44,76.99873195387431,5152.32079821016,Two year,Fiber optic,No,No,Yes,No,No,No,No
CUST_06177,40,41,36.8414106805141,510.19664248972043,Month-to-month,Fiber optic,Yes,No,Yes,No,No,No,No
CUST_06178,42,46,86.3714165451469,2784.7897097119517,One year,Fiber optic,Yes,No,No,No,Yes,No,No
CUST_06179,38,4,62.93839966655334,3418.2825111247225,One year,No,Yes,Yes,No,Yes,No,No,Yes
CUST_06180,78,48,104.87885877391554,2183.7062639089013,One year,Fiber optic,Yes,No,Yes,Yes,Yes,Yes,No
CUST_06181,75,36,97.82657447937787,424.8283697580051,Two year,No,Yes,No,Yes,No,Yes,No,Yes
CUST_06182,69,33,92.43820515166337,2778.1039272908943,Month-to-month,No,Yes,No,Yes,No,No,No,No
CUST_06183,41,69,90.07370993343022,6758.049172186959,Two year,No,No,Yes,Yes,Yes,No,No,No
CUST_06184,42,17,76.0488039478102,3124.916344169798,Month-to-month,DSL,No,No,Yes,No,Yes,Yes,No
CUST_06185,62,18,26.111357612834432,2816.3059439685676,Two year,No,No,Yes,No,No,No,Yes,No
CUST_06186,72,39,85.5489623533001,8010.72635845731,Two year,No,No,No,No,Yes,No,No,No
CUST_06187,63,16,66.69221775637152,449.69803720181096,One year,DSL,No,Yes,Yes,No,No,Yes,No
CUST_06188,49,59,66.9554713993533,6545.220843392657,Two year,No,No,Yes,Yes,Yes,No,No,No
CUST_06189,72,41,57.90221954662697,4157.986225840539,Two year,Fiber optic,Yes,Yes,Yes,Yes,Yes,Yes,No
CUST_06190,49,71,112.90709148417106,8033.485063088542,Month-to-month,Fiber optic,Yes,Yes,Yes,Yes,Yes,Yes,Yes
CUST_06191,22,64,44.94512669524323,3405.154250972491,Two year,DSL,Yes,Yes,Yes,No,No,No,No
CUST_06192,53,52,51.65944534097797,6047.555630846383,One year,DSL,No,Yes,Yes,No,No,Yes,Yes
CUST_06193,63,6,116.30407827356227,687.4570608803247,Two year,No,No,No,Yes,No,Yes,No,No
CUST_06194,59,4,101.0153735276698,7901.688374904601,Month-to-month,No,Yes,No,Yes,No,No,No,Yes
CUST_06195,66,23,21.408641216287,2994.1584011081777,Month-to-month,No,Yes,Yes,No,Yes,No,Yes,No
CUST_06196,59,27,110.61075998618739,4501.638436588007,Two year,DSL,Yes,Yes,Yes,No,No,Yes,No
CUST_06197,75,61,42.66472988330703,1263.2455136089238,Two year,No,Yes,No,No,No,Yes,No,No
CUST_06198,56,16,90.59325391660634,8042.686118250022,Month-to-month,Fiber optic,No,Yes,No,No,No,No,Yes
CUST_06199,33,19,75.30731073672155,5752.951393011105,One year,Fiber optic,Yes,No,Yes,Yes,Yes,No,Yes
CUST_06200,50,2,73.6811883602784,553.1588054233428,Two year,No,No,Yes,Yes,Yes,Yes,No,No
CUST_06201,66,36,91.79213233927192,1403.7369451059803,One year,DSL,No,No,No,Yes,No,Yes,No
CUST_06202,38,14,40.71814718944397,3458.6055801982575,One year,Fiber optic,Yes,Yes,Yes,Yes,Yes,Yes,Yes
CUST_06203,78,50,35.902513076642656,1920.876504027883,Two year,DSL,No,Yes,Yes,No,Yes,No,No
CUST_06204,26,47,85.19126067329519,2658.8547839371768,One year,Fiber optic,No,No,Yes,Yes,No,No,Yes
CUST_06205,23,7,49.05792289046623,8478.925751359882,Month-to-month,No,Yes,No,No,Yes,Yes,No,No
CUST_06206,68,12,117.39502076577608,5632.649056058342,One year,No,No,Yes,Yes,No,Yes,No,No
CUST_06207,62,47,65.15118390746734,7846.627859441396,Month-to-month,DSL,No,No,No,Yes,No,No,No
CUST_06208,52,2,31.159702000696527,3760.706348776364,Two year,No,Yes,Yes,Yes,Yes,Yes,No,No
CUST_06209,56,64,88.58151661720446,6066.3711897207695,One year,DSL,Yes,Yes,Yes,No,No,No,No
CUST_06210,39,30,50.61592924661313,3961.398454154825,Month-to-month,DSL,Yes,Yes,No,Yes,Yes,Yes,No
CUST_06211,58,25,34.858742762140224,2857.0861599822024,Month-to-month,Fiber optic,Yes,Yes,No,No,No,Yes,No
CUST_06212,71,55,62.2823362889921,4461.054430608873,Two year,Fiber optic,Yes,No,No,Yes,No,No,No
CUST_06213,22,33,116.42222780872781,3689.4127510148883,One year,No,No,Yes,Yes,No,Yes,Yes,No
CUST_06214,59,8,61.143057638712996,8336.541448917827,Month-to-month,DSL,Yes,Yes,Yes,No,Yes,No,No
CUST_06215,40,61,54.73337657310635,4267.797803817767,Month-to-month,Fiber optic,Yes,No,No,No,No,Yes,Yes
CUST_06216,34,12,64.45089620693041,6913.350316349882,Two year,No,No,No,No,Yes,No,No,No
CUST_06217,29,68,21.211570559964837,5701.283533685128,One year,No,No,Yes,Yes,No,No,No,No
CUST_06218,40,40,33.31015385986141,4128.868792626349,One year,Fiber optic,No,Yes,Yes,No,No,No,No
CUST_06219,33,0,104.96746181346077,4082.8606087172234,Month-to-month,No,Yes,Yes,Yes,Yes,Yes,Yes,No
CUST_06220,20,46,117.80344120945136,2971.8769833211163,One year,Fiber optic,Yes,Yes,Yes,No,Yes,Yes,No
CUST_06221,47,3,35.794148560368136,998.6471841092714,One year,DSL,Yes,No,Yes,No,Yes,Yes,No
CUST_06222,74,62,73.55178183869083,6496.342363073461,One year,No,No,Yes,No,No,Yes,No,No
CUST_06223,39,51,116.63334338056437,7811.996262884528,One year,DSL,Yes,No,Yes,No,No,Yes,Yes
CUST_06224,26,9,35.65813761789639,1930.8207791449884,One year,Fiber optic,No,Yes,Yes,Yes,Yes,No,No
CUST_06225,46,27,38.63096175024502,7875.657349005258,One year,DSL,No,No,Yes,No,No,No,No
CUST_06226,64,5,112.68163539283984,2051.3554316895365,One year,Fiber optic,No,No,No,No,Yes,No,No
CUST_06227,54,26,90.56876464523825,4552.6644566637115,Month-to-month,No,No,Yes,No,No,Yes,Yes,No
CUST_06228,40,11,35.19666868421608,2986.4247674679577,Month-to-month,No,No,No,Yes,Yes,Yes,Yes,No
CUST_06229,30,61,59.349267111860975,1061.873801662969,One year,No,No,No,Yes,Yes,No,Yes,Yes
CUST_06230,49,51,25.626994421471053,543.8423496265975,One year,DSL,Yes,No,No,No,Yes,Yes,No
CUST_06231,63,47,63.26715339176942,3168.9108700115103,Two year,DSL,No,No,Yes,No,Yes,Yes,No
CUST_06232,69,66,97.7901494487037,497.6884622152956,Month-to-month,DSL,Yes,Yes,No,Yes,Yes,Yes,Yes
CUST_06233,64,45,75.39720545861272,975.3340753179509,Two year,Fiber optic,No,No,No,No,Yes,No,No
CUST_06234,65,14,84.74421218162031,1295.2996619030673,Month-to-month,No,No,Yes,No,Yes,No,No,No
CUST_06235,40,70,52.68201322002092,116.09193190359207,Two year,DSL,No,No,Yes,No,No,Yes,No
CUST_06236,62,35,36.1395917744793,1387.318613086689,Two year,Fiber optic,No,Yes,No,Yes,Yes,No,No
CUST_06237,34,13,21.31166757734844,4949.140915178346,Two year,DSL,No,Yes,Yes,No,No,No,No
CUST_06238,72,2,102.13123443293455,6983.994225605867,Month-to-month,Fiber optic,No,No,No,No,No,No,Yes
CUST_06239,57,66,83.66545593457879,1724.8116590277866,Month-to-month,No,No,Yes,No,Yes,No,Yes,No
CUST_06240,38,18,42.932124128768834,779.3298723190023,One year,DSL,Yes,No,No,No,Yes,Yes,Yes
CUST_06241,19,53,61.84339600772948,6227.919266861326,Month-to-month,No,No,Yes,No,Yes,Yes,Yes,No
CUST_06242,54,68,100.14432687281142,168.56677624061467,Month-to-month,DSL,Yes,No,No,No,No,No,Yes
CUST_06243,23,9,73.87001860913857,6266.961657105602,Month-to-month,Fiber optic,No,No,Yes,No,No,Yes,No
CUST_06244,61,32,50.01598764459783,1201.3847812818028,Month-to-month,No,No,Yes,No,Yes,Yes,No,Yes
CUST_06245,35,12,46.71845171706855,2017.5945218029892,One year,DSL,Yes,Yes,No,Yes,Yes,Yes,No
CUST_06246,47,50,41.76140244488256,1108.587251459448,One year,DSL,Yes,No,Yes,Yes,No,No,No
CUST_06247,39,31,102.37298801341699,2177.640519231714,Month-to-month,No,No,No,Yes,No,No,Yes,Yes
CUST_06248,71,23,78.18603506846625,6804.677883079077,Two year,Fiber optic,Yes,No,No,No,No,No,No
CUST_06249,50,34,90.91571657014643,1213.3704830506363,Two year,No,No,No,Yes,No,Yes,No,Yes
CUST_06250,47,69,106.01204413974133,8450.991311265685,Month-to-month,DSL,Yes,Yes,No,No,Yes,No,No
CUST_06251,34,39,118.68617025302161,2847.621319221452,One year,No,Yes,Yes,No,No,No,Yes,No
CUST_06252,79,53,44.948358653078195,7844.532254269962,Two year,No,Yes,Yes,No,No,No,Yes,No
CUST_06253,60,43,38.09024874579129,1696.2778706185916,One year,Fiber optic,Yes,Yes,Yes,Yes,No,No,Yes
CUST_06254,49,61,66.19983427939485,1678.3391675329747,One year,Fiber optic,Yes,No,No,No,Yes,Yes,No
CUST_06255,59,67,23.50712794785325,4848.81973756182,Two year,No,No,No,Yes,Yes,Yes,Yes,No
CUST_06256,68,32,99.17178815635283,525.0407131992947,Month-to-month,Fiber optic,Yes,Yes,No,No,No,Yes,No
CUST_06257,31,55,108.37599988343821,6828.42434013898,One year,Fiber optic,Yes,No,No,Yes,Yes,Yes,No
CUST_06258,75,35,88.60396987480284,3792.768105611652,Two year,DSL,Yes,No,Yes,Yes,Yes,No,No
CUST_06259,27,53,46.79950245636093,5973.250376163978,One year,Fiber optic,No,Yes,No,No,Yes,No,No
CUST_06260,64,18,32.315547398879055,1566.9105093665628,Two year,No,No,Yes,No,Yes,Yes,No,No
CUST_06261,77,42,58.214418791988834,5495.801746603999,Month-to-month,No,Yes,Yes,Yes,No,No,No,Yes
CUST_06262,68,11,103.33356205052533,5090.193496554226,Month-to-month,DSL,No,Yes,Yes,Yes,Yes,No,No
CUST_06263,53,10,54.78278037861146,6447.5545161107275,Month-to-month,DSL,No,Yes,No,Yes,No,No,No
CUST_06264,51,69,23.425457362663998,2598.170858268153,One year,DSL,No,Yes,No,Yes,No,No,No
CUST_06265,26,11,47.42803762251319,7938.5908297606775,Month-to-month,No,Yes,Yes,Yes,Yes,No,Yes,No
CUST_06266,59,40,118.99456100757233,8174.928982924148,Month-to-month,No,Yes,No,No,Yes,Yes,No,No
CUST_06267,45,24,87.66687556658833,7392.238334259379,Month-to-month,Fiber optic,No,No,No,Yes,Yes,No,No
CUST_06268,28,2,110.08548299771279,4905.083635748551,Month-to-month,DSL,No,No,Yes,Yes,No,No,No
CUST_06269,31,2,97.48652675011076,3630.4214735553446,Two year,Fiber optic,Yes,Yes,Yes,No,No,Yes,No
CUST_06270,56,27,73.97055153266307,587.1363159876207,Two year,Fiber optic,Yes,Yes,No,No,No,Yes,Yes
CUST_06271,72,22,34.86888723949803,8056.7135322723125,One year,No,No,Yes,Yes,No,No,No,Yes
CUST_06272,64,47,54.86444783557177,8094.963287066282,Two year,Fiber optic,Yes,No,Yes,No,Yes,No,No
CUST_06273,71,66,78.37402252742223,256.98302182934435,Two year,DSL,No,Yes,Yes,Yes,Yes,Yes,No
CUST_06274,36,41,107.0632348731992,3097.8553917820486,Two year,DSL,Yes,No,No,Yes,Yes,Yes,Yes
CUST_06275,71,39,46.867504586489964,7492.305493369399,Two year,No,Yes,Yes,No,No,Yes,No,No
CUST_06276,32,5,32.12268693402295,779.1570775327937,Two year,No,Yes,No,Yes,No,No,No,No
CUST_06277,79,19,75.88323175548175,1751.157564365742,Month-to-month,No,Yes,No,Yes,Yes,Yes,No,No
CUST_06278,45,10,37.65012225180557,8320.889461284563,One year,DSL,No,Yes,No,No,No,No,No
CUST_06279,41,26,81.03617693219067,7217.226021810928,Two year,No,Yes,Yes,No,Yes,Yes,No,Yes
CUST_06280,25,20,46.3521442483732,7761.333350303615,Two year,DSL,Yes,No,No,No,Yes,No,No
CUST_06281,60,12,43.09630043006247,1294.0971167046644,One year,Fiber optic,Yes,No,No,Yes,No,No,No
CUST_06282,78,34,59.91807649888911,1875.0540553214978,Two year,No,Yes,Yes,Yes,No,No,Yes,Yes
CUST_06283,26,46,79.31917575579459,5185.499308554692,Two year,No,Yes,Yes,Yes,No,No,No,Yes
CUST_06284,64,27,74.5317672949313,4314.601056422673,One year,No,No,Yes,No,No,Yes,Yes,No
CUST_06285,50,20,44.473447723498055,2607.4284805952107,Month-to-month,DSL,No,Yes,No,Yes,No,Yes,Yes
CUST_06286,79,17,109.11166744533762,7524.30891779287,Month-to-month,Fiber optic,Yes,No,Yes,No,No,Yes,No
CUST_06287,50,30,30.988196973520104,7671.664370498814,One year,No,No,Yes,No,No,Yes,No,No
CUST_06288,36,59,23.94675630743353,2550.1456852315337,Month-to-month,Fiber optic,Yes,No,No,Yes,No,Yes,No
CUST_06289,20,36,80.27062694061976,1408.3263809722941,Month-to-month,No,No,Yes,Yes,Yes,No,Yes,No
CUST_06290,27,20,32.34071680654765,1352.3763344706333,Month-to-month,DSL,Yes,No,Yes,No,Yes,No,No
CUST_06291,57,13,70.48908142789611,4169.171641292289,Month-to-month,Fiber optic,Yes,Yes,No,Yes,No,No,No
CUST_06292,64,59,115.17732844096327,1216.5153613713646,Two year,Fiber optic,No,No,No,Yes,No,No,No
CUST_06293,59,22,89.85802714527901,4076.0578655998925,One year,No,Yes,Yes,No,Yes,No,No,No
CUST_06294,18,28,81.74565803977603,3980.2462120228024,Month-to-month,Fiber optic,Yes,Yes,Yes,No,No,No,No
CUST_06295,46,46,77.48052248722807,7526.52579092752,Month-to-month,DSL,Yes,Yes,No,Yes,Yes,No,No
CUST_06296,67,29,37.953925219959274,2588.167694320311,One year,Fiber optic,Yes,Yes,Yes,No,No,No,No
CUST_06297,51,37,63.26478246281044,4809.4806525842105,Two year,Fiber optic,Yes,No,No,Yes,No,No,No
CUST_06298,68,26,54.25235073667625,6345.39885998641,Month-to-month,Fiber optic,No,Yes,No,No,Yes,No,No
CUST_06299,30,14,115.30743222220627,5105.684278419214,Month-to-month,Fiber optic,No,Yes,Yes,Yes,Yes,No,No
CUST_06300,71,58,44.2320231370725,8114.169897833151,Two year,No,No,Yes,Yes,Yes,Yes,Yes,No
CUST_06301,18,2,67.15163713960514,5159.130836198068,One year,No,No,Yes,No,No,No,No,No
CUST_06302,51,9,113.80793632762501,7675.64229914894,Month-to-month,Fiber optic,Yes,No,Yes,No,Yes,Yes,Yes
CUST_06303,46,16,98.9180652439315,2158.4736697314406,Month-to-month,Fiber optic,Yes,Yes,No,No,No,Yes,Yes
CUST_06304,65,10,116.45152392844231,4810.323291347266,One year,DSL,No,No,Yes,No,Yes,No,No
CUST_06305,64,47,80.8330255146991,4663.769783159897,Two year,No,Yes,Yes,Yes,No,No,No,No
CUST_06306,30,4,53.378685474593404,8411.397725176701,One year,No,No,Yes,No,No,No,No,Yes
CUST_06307,65,68,102.66497754640591,1817.8530325526374,Month-to-month,No,Yes,No,Yes,No,Yes,No,No
CUST_06308,66,63,49.14562713733706,1284.3445462742106,Two year,Fiber optic,Yes,Yes,No,No,Yes,Yes,Yes
CUST_06309,70,13,36.47728019118859,5238.045452095532,Two year,No,No,Yes,Yes,Yes,Yes,No,No
CUST_06310,78,49,90.62888140390073,1979.014003989332,Two year,DSL,No,Yes,Yes,No,Yes,Yes,Yes
CUST_06311,46,25,83.89556635343594,5468.904903462435,One year,DSL,No,Yes,No,No,No,Yes,No
CUST_06312,56,71,107.89489025953954,8268.908343564228,One year,DSL,No,Yes,No,No,Yes,No,No
CUST_06313,41,68,116.19247578160507,8050.650361338644,One year,DSL,No,No,Yes,Yes,No,No,Yes
CUST_06314,43,6,105.71975872245541,2041.2654070095832,Month-to-month,DSL,No,Yes,No,No,No,Yes,Yes
CUST_06315,34,15,26.002179758827076,1535.529324982051,One year,No,No,Yes,No,Yes,Yes,No,Yes
CUST_06316,24,54,86.45134329822682,4810.210012165384,Two year,Fiber optic,Yes,Yes,No,Yes,No,No,Yes
CUST_06317,30,55,98.47324128640457,5028.929221074461,Month-to-month,Fiber optic,No,No,No,Yes,Yes,No,No
CUST_06318,22,3,118.19287243501765,5662.900599597462,Month-to-month,Fiber optic,No,No,Yes,Yes,Yes,No,No
CUST_06319,43,47,57.46612995126337,6328.523778289191,Month-to-month,Fiber optic,No,No,No,Yes,Yes,No,No
CUST_06320,66,16,36.98815872711479,5148.041409644835,Two year,No,Yes,Yes,Yes,Yes,Yes,No,No
CUST_06321,20,35,105.29330617972212,1038.7252312451674,One year,No,Yes,Yes,No,Yes,No,No,No
CUST_06322,24,69,51.746674363255536,6737.326952783362,Two year,No,Yes,Yes,No,Yes,Yes,Yes,No
CUST_06323,75,37,79.82018957938588,767.9443500068581,One year,DSL,No,Yes,No,No,No,No,No
CUST_06324,66,61,58.98947642129998,267.9385642244134,Month-to-month,Fiber optic,Yes,Yes,No,Yes,No,Yes,No
CUST_06325,56,47,60.23262567586612,6565.128851539763,Month-to-month,No,No,No,Yes,Yes,Yes,Yes,No
CUST_06326,70,9,93.24644791774516,4706.202365259677,Two year,No,No,Yes,No,No,Yes,No,No
CUST_06327,18,35,56.14751253399386,5968.167916126796,One year,No,Yes,No,No,No,No,No,No
CUST_06328,66,28,89.30751129704869,3315.0775233438294,Month-to-month,Fiber optic,No,No,Yes,No,No,No,No
CUST_06329,79,3,21.43284554523021,193.17694560573688,Two year,Fiber optic,Yes,No,No,No,Yes,Yes,No
CUST_06330,34,43,52.464739000387596,2880.528932700613,Two year,DSL,Yes,Yes,No,No,No,Yes,No
CUST_06331,60,55,51.904403135366266,5208.335956554398,One year,DSL,Yes,Yes,No,No,Yes,No,No
CUST_06332,42,41,94.8835285896717,1995.9057919489217,One year,DSL,Yes,No,No,No,No,No,No
CUST_06333,76,12,51.455711602562786,5877.556402516623,One year,Fiber optic,No,No,Yes,No,No,No,No
CUST_06334,78,45,83.3327132365083,6772.968483092338,Month-to-month,DSL,Yes,No,Yes,No,No,No,Yes
CUST_06335,20,32,88.85244021078648,3915.842786270697,Two year,DSL,Yes,No,Yes,Yes,Yes,Yes,Yes
CUST_06336,32,20,85.84255441971152,7456.058903781008,One year,No,No,No,Yes,No,No,Yes,No
CUST_06337,46,56,80.32936810486646,7280.4591423805905,Two year,Fiber optic,No,Yes,No,Yes,Yes,Yes,No
CUST_06338,70,68,61.36168493493947,7475.686803451404,Month-to-month,DSL,Yes,No,No,No,No,Yes,Yes
CUST_06339,60,69,57.33049776838104,5652.711074317414,Month-to-month,DSL,Yes,No,Yes,No,No,Yes,Yes
CUST_06340,49,66,76.45840583758897,2660.227597258071,One year,Fiber optic,Yes,Yes,No,Yes,No,No,No
CUST_06341,43,47,26.37031024843263,4142.510771921205,Month-to-month,DSL,Yes,No,No,Yes,Yes,Yes,No
CUST_06342,77,32,107.58198420515261,6068.289456061168,Two year,Fiber optic,No,No,Yes,No,Yes,No,Yes
CUST_06343,33,35,102.53151430303431,1868.734687405611,Two year,Fiber optic,Yes,No,Yes,Yes,Yes,Yes,Yes
CUST_06344,42,32,54.63847170371896,6306.285477738022,Month-to-month,Fiber optic,No,No,Yes,Yes,Yes,Yes,No
CUST_06345,71,30,76.68191233856312,4703.944383581538,Month-to-month,DSL,No,Yes,No,Yes,No,No,Yes
CUST_06346,45,20,113.22276981844632,906.5464983819317,Month-to-month,DSL,No,Yes,No,No,No,Yes,No
CUST_06347,26,26,47.16367974120966,4781.205146801405,Two year,DSL,Yes,No,No,Yes,No,No,No
CUST_06348,73,71,94.24552676948534,660.9195609848597,Month-to-month,Fiber optic,Yes,No,No,Yes,No,No,No
CUST_06349,73,61,28.273180732100514,220.18119439162516,One year,DSL,No,No,No,Yes,No,No,Yes
CUST_06350,18,25,72.33721474709711,7572.872427221189,One year,No,Yes,No,No,No,Yes,No,No
CUST_06351,46,65,108.39691294472976,4215.295337477755,Two year,Fiber optic,No,Yes,Yes,No,Yes,Yes,Yes
CUST_06352,74,11,75.17092841490735,4663.633102338728,Month-to-month,DSL,No,Yes,Yes,Yes,Yes,Yes,No
CUST_06353,39,21,81.62528268371014,2451.477281694242,Month-to-month,Fiber optic,Yes,Yes,Yes,Yes,No,No,No
CUST_06354,33,16,110.76392933095441,4659.055643442945,Month-to-month,DSL,Yes,No,Yes,Yes,No,No,Yes
CUST_06355,58,6,91.53606400498028,1518.4970140577552,One year,Fiber optic,No,Yes,No,No,Yes,Yes,No
CUST_06356,68,67,89.58696802242656,6363.42469803001,One year,No,No,No,Yes,Yes,No,Yes,Yes
CUST_06357,61,36,78.63840220928984,7016.132947392639,One year,Fiber optic,No,No,Yes,Yes,Yes,No,No
CUST_06358,68,37,83.29886141924183,7289.356551321787,One year,Fiber optic,Yes,Yes,Yes,Yes,No,No,Yes
CUST_06359,71,10,100.37054240166172,995.8828263946123,One year,Fiber optic,Yes,No,Yes,Yes,Yes,No,No
CUST_06360,58,0,117.92330832972443,4785.13696289626,Two year,DSL,Yes,Yes,No,Yes,Yes,No,Yes
CUST_06361,24,24,99.53253540081879,6893.5081466898755,Two year,Fiber optic,No,Yes,Yes,Yes,Yes,Yes,No
CUST_06362,31,41,90.75368316269962,1177.0185009840616,Month-to-month,DSL,Yes,No,No,No,No,No,No
CUST_06363,46,51,33.554488361151485,935.9882286622438,Month-to-month,Fiber optic,No,Yes,Yes,No,Yes,Yes,No
CUST_06364,36,23,101.70803874416931,6962.312788828176,One year,DSL,No,No,No,No,Yes,No,No
CUST_06365,36,52,93.5994367398703,6792.582726686271,Month-to-month,DSL,Yes,No,Yes,Yes,Yes,No,No
CUST_06366,19,55,97.04321954012339,3869.0223504931305,Two year,DSL,No,Yes,No,No,No,Yes,Yes
CUST_06367,58,62,43.10964782433119,1021.5738184245445,Two year,DSL,No,Yes,No,No,Yes,Yes,No
CUST_06368,62,7,110.34436965409277,4435.4345214623945,Month-to-month,Fiber optic,No,Yes,No,Yes,No,Yes,No
CUST_06369,32,58,29.728136834686218,3416.346880039196,One year,Fiber optic,Yes,Yes,Yes,Yes,Yes,Yes,No
CUST_06370,20,44,45.36120556919465,4455.798420769706,Two year,DSL,No,Yes,Yes,Yes,No,No,No
CUST_06371,28,26,86.30234383244017,3795.119697014894,Month-to-month,DSL,No,No,Yes,Yes,No,No,No
CUST_06372,70,51,87.37144638310151,4875.521072483469,One year,DSL,Yes,No,No,No,Yes,No,No
CUST_06373,63,17,51.33245663008248,6207.8896355116685,Month-to-month,No,No,Yes,No,Yes,Yes,No,No
CUST_06374,47,15,90.15197771118147,6608.823190667212,One year,No,Yes,Yes,No,No,No,Yes,Yes
CUST_06375,74,65,58.79305376548721,5551.4504651978905,One year,Fiber optic,Yes,Yes,Yes,Yes,No,No,No
CUST_06376,57,4,20.01755158579233,1771.1011663896988,Two year,No,No,No,Yes,Yes,No,Yes,No
CUST_06377,35,2,36.26061322873835,3435.833415083001,Two year,No,No,No,No,No,Yes,No,Yes
CUST_06378,68,69,108.26182752181744,698.2818413800618,Month-to-month,DSL,Yes,No,Yes,No,Yes,No,Yes
CUST_06379,65,6,42.26940117294188,3894.0593158314405,Month-to-month,DSL,No,Yes,No,No,No,Yes,No
CUST_06380,19,49,31.291033885887593,8250.85106688875,One year,No,No,No,Yes,No,Yes,No,No
CUST_06381,49,13,88.22006059331946,5490.53794376449,Two year,No,No,Yes,No,No,Yes,No,No
CUST_06382,25,37,64.07064424097362,1398.745123173374,One year,No,No,Yes,No,Yes,Yes,Yes,Yes
CUST_06383,39,46,99.65909363976444,2356.0523421136336,One year,DSL,Yes,Yes,No,Yes,No,Yes,No
CUST_06384,23,32,106.14449345657881,642.4186289413932,One year,Fiber optic,Yes,No,Yes,No,Yes,Yes,No
CUST_06385,29,42,104.59888773872315,1632.2766772765142,One year,No,No,No,Yes,Yes,Yes,No,No
CUST_06386,64,28,51.30092191968933,4197.869805213333,One year,Fiber optic,Yes,Yes,No,Yes,No,Yes,Yes
CUST_06387,74,56,70.55459379681642,2996.7936040005147,One year,Fiber optic,Yes,Yes,Yes,Yes,No,Yes,No
CUST_06388,57,4,85.01417346469641,1813.2834653936402,Month-to-month,No,Yes,Yes,Yes,Yes,No,No,Yes
CUST_06389,53,59,52.19830872841239,1331.426673927991,Two year,Fiber optic,No,No,No,No,Yes,Yes,No
CUST_06390,32,69,24.109931535301815,5610.997382608531,Two year,DSL,Yes,No,Yes,Yes,Yes,No,No
CUST_06391,45,1,69.56643822969191,4788.05996573195,One year,No,Yes,Yes,Yes,No,Yes,Yes,Yes
CUST_06392,69,69,21.28183334655937,7178.178622604891,One year,No,Yes,Yes,Yes,No,No,No,Yes
CUST_06393,74,42,115.06456247259472,1639.324240113129,One year,No,Yes,Yes,Yes,No,No,Yes,No
CUST_06394,66,3,99.66836460730265,7223.077863397268,Two year,No,Yes,Yes,No,No,Yes,Yes,Yes
CUST_06395,62,55,39.200977652359455,4954.453849502792,Two year,DSL,No,No,Yes,No,Yes,Yes,No
CUST_06396,35,58,48.75717488919284,2336.274829429611,One year,DSL,No,No,Yes,No,Yes,Yes,No
CUST_06397,19,8,118.28385480194383,2397.8463807754943,Two year,Fiber optic,Yes,No,Yes,Yes,No,No,No
CUST_06398,30,2,57.35485541413044,3379.19527720836,One year,No,No,Yes,No,Yes,No,Yes,No
CUST_06399,62,47,98.37223574338923,3965.0686200010714,One year,No,Yes,No,No,No,Yes,No,Yes
CUST_06400,71,42,64.68154684192544,793.0427117898145,One year,Fiber optic,No,No,No,No,No,No,Yes
CUST_06401,32,0,106.40959241006102,7172.7929915971545,Month-to-month,DSL,No,No,Yes,No,No,No,No
CUST_06402,37,56,90.3753508161509,1120.94498232323,Two year,No,No,Yes,No,No,Yes,Yes,No
CUST_06403,46,52,22.291005989115934,4161.062681451006,Two year,Fiber optic,No,No,Yes,No,Yes,Yes,No
CUST_06404,76,15,49.438988593923725,3316.933158803743,Two year,DSL,No,No,No,No,Yes,Yes,Yes
CUST_06405,59,50,75.79923148934525,4403.21150822032,One year,Fiber optic,No,Yes,No,Yes,Yes,Yes,Yes
CUST_06406,46,54,112.61740440697538,7554.853143372645,Month-to-month,Fiber optic,No,Yes,Yes,Yes,Yes,No,No
CUST_06407,20,0,30.202989464149038,8408.342054791292,One year,DSL,Yes,Yes,No,Yes,Yes,No,Yes
CUST_06408,36,27,80.1162537711067,270.27953053517024,One year,No,Yes,Yes,No,Yes,Yes,No,Yes
CUST_06409,20,52,50.217673141265756,3403.211226491631,One year,DSL,Yes,No,No,Yes,Yes,Yes,Yes
CUST_06410,71,57,108.93277820194403,6967.928459704846,Month-to-month,No,Yes,Yes,No,No,No,No,No
CUST_06411,31,59,96.51696096585133,2843.464194200607,One year,DSL,Yes,No,No,Yes,Yes,No,No
CUST_06412,57,58,56.970272200928534,5551.903877715582,One year,No,No,Yes,Yes,No,No,No,Yes
CUST_06413,76,21,36.710316390861365,8434.977311638268,Month-to-month,No,No,Yes,Yes,Yes,Yes,No,Yes
CUST_06414,72,7,21.14979723972978,5532.878826053928,One year,Fiber optic,No,No,No,Yes,No,No,No
CUST_06415,79,48,82.11344506719487,1034.007572035459,One year,Fiber optic,Yes,Yes,Yes,No,Yes,Yes,No
CUST_06416,21,41,60.61238076312438,7180.628438413479,Two year,No,No,Yes,Yes,No,No,No,No
CUST_06417,76,26,51.475649286076916,8219.922473257247,Month-to-month,DSL,No,No,No,Yes,Yes,No,No
CUST_06418,77,38,118.55022916368355,6085.070738910488,Two year,No,Yes,No,No,Yes,Yes,No,No
CUST_06419,69,24,66.61421355603152,3620.17203868179,One year,DSL,Yes,Yes,Yes,No,No,No,No
CUST_06420,28,37,94.98392836454242,8066.561472901565,Month-to-month,No,No,Yes,No,Yes,No,No,No
CUST_06421,75,23,37.74124172512363,8236.004926413265,Month-to-month,DSL,No,Yes,Yes,No,No,Yes,No
CUST_06422,48,23,21.34552577418138,7954.980645392922,One year,Fiber optic,No,No,Yes,Yes,Yes,No,No
CUST_06423,60,59,61.7562619448016,3559.2796194046773,Two year,DSL,No,No,No,No,No,Yes,No
CUST_06424,49,49,86.56648349426617,6733.544461338314,One year,Fiber optic,Yes,Yes,No,No,No,Yes,No
CUST_06425,44,65,70.65986961834594,5595.106615886104,Month-to-month,DSL,Yes,No,Yes,No,Yes,Yes,No
CUST_06426,47,13,109.0466257624391,1609.5359934389292,Month-to-month,Fiber optic,Yes,No,Yes,Yes,Yes,Yes,No
CUST_06427,60,52,63.39793511871648,4598.325174088093,One year,DSL,No,Yes,No,No,Yes,Yes,No
CUST_06428,19,31,51.10028131530912,6380.604476680551,One year,No,No,Yes,No,Yes,Yes,No,Yes
CUST_06429,79,47,111.60486762076435,7625.6631181085995,One year,DSL,Yes,Yes,No,Yes,No,No,No
CUST_06430,66,38,60.68022786343809,7345.8263114150495,One year,Fiber optic,No,Yes,No,Yes,Yes,Yes,No
CUST_06431,26,39,46.964786163961165,1399.1314015580497,Two year,Fiber optic,No,No,No,No,Yes,Yes,No
CUST_06432,45,41,29.76610768100804,4199.479270475771,Two year,DSL,Yes,Yes,No,Yes,No,Yes,No
CUST_06433,48,7,99.33097732158208,4117.456487470594,Two year,No,Yes,Yes,Yes,No,Yes,Yes,No
CUST_06434,77,25,102.50914607978432,7649.391319942547,Two year,DSL,No,No,Yes,No,No,No,No
CUST_06435,51,11,23.3297783565172,116.27339674968154,Month-to-month,DSL,Yes,No,No,Yes,No,No,Yes
CUST_06436,78,42,55.864559840152474,6305.193716066192,Month-to-month,Fiber optic,No,No,Yes,No,No,Yes,No
CUST_06437,73,50,94.98764545979597,5296.588738988628,Two year,No,No,No,Yes,No,No,No,No
CUST_06438,32,62,114.63818474880539,7841.200374683156,One year,No,No,No,Yes,No,Yes,Yes,No
CUST_06439,65,48,57.7818283844905,3938.105742786599,Month-to-month,No,No,No,Yes,Yes,Yes,No,Yes
CUST_06440,42,26,107.20534313794936,5624.446898954206,One year,No,No,No,Yes,No,No,Yes,No
CUST_06441,53,8,59.37204065321951,8271.075055540956,Two year,DSL,No,Yes,Yes,No,No,No,No
CUST_06442,25,38,37.949462724264805,6348.791608493633,Month-to-month,No,Yes,Yes,Yes,Yes,Yes,No,No
CUST_06443,26,64,20.34461437768697,666.025382690046,Month-to-month,No,Yes,No,Yes,No,No,Yes,No
CUST_06444,75,70,53.018102315287976,1507.281828170466,Month-to-month,No,No,Yes,No,No,Yes,Yes,No
CUST_06445,75,70,57.84750507273715,7000.189264861883,Month-to-month,Fiber optic,No,No,No,No,Yes,No,No
CUST_06446,54,6,114.51175288873361,2912.282544178735,Two year,Fiber optic,No,Yes,No,Yes,No,Yes,Yes
CUST_06447,65,71,40.60702524206228,6029.712129025509,Month-to-month,Fiber optic,Yes,No,No,No,Yes,Yes,No
CUST_06448,62,66,58.22307080175047,5978.519360088155,Two year,No,No,No,Yes,No,No,No,Yes
CUST_06449,79,9,22.515412982311314,8447.084396460921,Month-to-month,DSL,Yes,No,No,Yes,No,Yes,No
CUST_06450,56,70,96.35397350913864,4046.9308785452627,Two year,DSL,Yes,No,No,No,Yes,Yes,No
CUST_06451,49,52,111.51412362549867,6297.791828249755,Two year,Fiber optic,No,No,Yes,No,No,No,No
CUST_06452,75,56,43.782064727649185,509.52416920325965,One year,Fiber optic,Yes,No,No,No,Yes,Yes,No
CUST_06453,69,26,62.89951106401645,3985.764573821944,Two year,No,Yes,Yes,No,No,Yes,No,Yes
CUST_06454,34,53,32.2112621365994,1668.1249764638999,One year,Fiber optic,Yes,Yes,Yes,Yes,Yes,No,No
CUST_06455,52,3,65.68354303128908,7160.801034390685,Month-to-month,Fiber optic,No,Yes,No,Yes,No,Yes,No
CUST_06456,54,22,33.33424636440954,7155.229988934996,One year,Fiber optic,Yes,Yes,No,Yes,Yes,Yes,No
CUST_06457,36,47,72.33484944191521,2085.461133927841,Two year,Fiber optic,No,Yes,Yes,No,No,Yes,No
CUST_06458,61,41,93.46220404322331,2773.595286178333,One year,DSL,Yes,Yes,Yes,No,Yes,No,No
CUST_06459,46,2,75.33427748141682,6000.813389466958,Month-to-month,No,Yes,No,No,No,Yes,Yes,No
CUST_06460,76,2,44.52195783873759,6301.433756663043,One year,DSL,Yes,No,No,No,No,No,No
CUST_06461,24,27,55.37959854689051,5624.105457760739,Two year,Fiber optic,Yes,Yes,No,Yes,No,Yes,No
CUST_06462,45,62,83.85727377056324,8472.234955219754,Two year,No,Yes,No,Yes,Yes,Yes,No,No
CUST_06463,26,30,78.97554177893252,7396.9389806749405,Month-to-month,No,No,Yes,No,No,No,Yes,No
CUST_06464,45,9,33.677478812133344,3603.294598321189,Month-to-month,DSL,No,Yes,No,Yes,No,No,Yes
CUST_06465,23,48,104.49494735661027,2846.6044609518226,One year,DSL,Yes,No,No,Yes,No,Yes,No
CUST_06466,46,20,67.51889122470155,5113.537883167076,Month-to-month,Fiber optic,Yes,No,No,Yes,No,Yes,No
CUST_06467,75,52,36.236922452639305,6968.145221001432,Two year,DSL,Yes,Yes,Yes,Yes,No,No,No
CUST_06468,34,53,32.28265425747293,4092.885179387044,One year,Fiber optic,Yes,No,Yes,Yes,No,No,Yes
CUST_06469,33,56,116.55517746451302,6296.617897385772,One year,Fiber optic,No,No,No,No,Yes,No,No
CUST_06470,40,19,48.1535111173546,260.9443318507561,One year,Fiber optic,No,Yes,No,No,No,No,No
CUST_06471,48,48,110.85935879163759,7877.056909704075,One year,No,Yes,Yes,Yes,Yes,No,No,No
CUST_06472,20,6,61.05852987689389,6600.2117111298,Month-to-month,No,No,Yes,Yes,Yes,No,No,No
CUST_06473,38,28,58.59214304531903,3411.1967288187166,One year,DSL,Yes,Yes,Yes,Yes,Yes,Yes,No
CUST_06474,43,47,90.0928969649432,3325.7035343620537,One year,DSL,Yes,No,Yes,Yes,No,No,No
CUST_06475,53,12,20.988328777546144,964.2491850874449,One year,No,No,Yes,No,No,Yes,Yes,Yes
CUST_06476,59,2,53.80895216303905,6955.691280613239,Two year,DSL,No,No,Yes,Yes,No,No,No
CUST_06477,54,1,50.264571219180894,6556.487877760349,Two year,Fiber optic,Yes,No,Yes,Yes,Yes,No,No
CUST_06478,70,15,106.80980942840463,5394.097543299176,Month-to-month,Fiber optic,Yes,Yes,No,Yes,Yes,No,Yes
CUST_06479,39,5,72.91235390207832,952.23436600989,Two year,No,Yes,No,No,No,Yes,No,Yes
CUST_06480,79,44,56.45701572242519,2303.6674713513944,Two year,DSL,No,Yes,No,Yes,Yes,No,Yes
CUST_06481,59,70,46.60793102997181,3954.881575422794,Month-to-month,DSL,Yes,No,No,Yes,Yes,Yes,No
CUST_06482,29,4,79.05098088106291,2334.164327619498,Month-to-month,No,No,No,No,Yes,No,Yes,No
CUST_06483,59,55,35.167314054336465,3745.3809544843903,One year,Fiber optic,Yes,No,No,Yes,No,No,No
CUST_06484,78,70,44.62047685087816,1998.0433413562791,One year,Fiber optic,No,Yes,No,Yes,No,Yes,Yes
CUST_06485,30,31,49.361216506474975,3036.64423197054,Month-to-month,DSL,No,No,Yes,Yes,Yes,Yes,Yes
CUST_06486,28,48,80.7908947606941,5579.293822211672,One year,No,No,Yes,Yes,No,Yes,No,Yes
CUST_06487,71,12,57.32549590164754,7595.833078549439,One year,No,Yes,No,No,No,No,No,No
CUST_06488,33,29,70.57833001200495,3334.257722355732,One year,Fiber optic,Yes,Yes,Yes,Yes,No,No,Yes
CUST_06489,25,24,85.04382637665867,5912.029141750363,Month-to-month,Fiber optic,Yes,No,Yes,No,No,Yes,No
CUST_06490,57,59,115.62716008076873,1232.2619256131704,Two year,DSL,No,No,No,Yes,No,No,Yes
CUST_06491,76,58,96.48373971027523,4642.871013988396,Two year,No,No,No,Yes,No,No,Yes,No
CUST_06492,74,27,60.52567805721077,7842.315494657914,Month-to-month,DSL,No,Yes,Yes,Yes,No,Yes,No
CUST_06493,57,57,94.82753743972567,334.66075744202067,Month-to-month,DSL,No,No,Yes,Yes,Yes,No,No
CUST_06494,62,19,114.96941809192126,2347.4818385051917,One year,No,No,Yes,Yes,No,No,Yes,No
CUST_06495,76,33,69.93805456541247,1212.9456829132118,Month-to-month,No,No,No,No,No,Yes,Yes,No
CUST_06496,19,4,61.04969331228897,4578.220427769884,Month-to-month,Fiber optic,No,Yes,Yes,Yes,No,No,No
CUST_06497,47,59,27.801869900073655,5808.996698199133,Month-to-month,No,Yes,No,Yes,Yes,Yes,No,Yes
CUST_06498,47,42,109.23703706508623,585.3452133301184,Month-to-month,DSL,No,No,No,Yes,No,No,No
CUST_06499,29,56,44.64342807936556,690.3891333806308,One year,DSL,No,No,Yes,No,Yes,Yes,No
CUST_06500,27,56,26.395789681913953,7404.885219090806,One year,No,No,Yes,No,No,Yes,No,No
CUST_06501,61,53,73.72034865910831,3932.35844796707,Month-to-month,DSL,No,Yes,Yes,No,Yes,No,No
CUST_06502,28,44,104.58996459615251,3988.793436964642,Month-to-month,No,No,No,Yes,Yes,Yes,Yes,Yes
CUST_06503,32,36,60.66350556230525,8034.475317648182,Two year,Fiber optic,Yes,Yes,No,No,Yes,Yes,No
CUST_06504,33,47,98.30674701590162,2789.760726225427,Two year,Fiber optic,No,Yes,No,No,Yes,No,No
CUST_06505,34,53,103.63960072839957,7634.998635075439,Month-to-month,No,No,No,No,Yes,No,Yes,No
CUST_06506,43,47,65.44035588198636,8283.739854440613,Two year,DSL,No,No,Yes,No,Yes,No,Yes
CUST_06507,19,5,79.09550659404736,2130.231260263615,Two year,No,Yes,No,No,No,No,Yes,Yes
CUST_06508,67,33,73.391229853894,4417.9263333853605,One year,No,No,No,No,Yes,Yes,Yes,No
CUST_06509,29,62,113.91958616345015,4588.591684362171,One year,Fiber optic,No,Yes,Yes,No,No,Yes,No
CUST_06510,68,47,92.55056850917613,7375.812139053337,One year,No,Yes,Yes,No,Yes,No,No,No
CUST_06511,43,22,112.5342810770113,2652.8283456073013,Two year,Fiber optic,No,No,Yes,No,No,Yes,No
CUST_06512,40,12,42.00099780619719,6803.5565241686845,Month-to-month,Fiber optic,No,Yes,Yes,Yes,No,Yes,No
CUST_06513,35,46,51.02368518326705,8256.462086735299,One year,No,Yes,Yes,No,Yes,Yes,Yes,Yes
CUST_06514,79,43,27.09134731800677,7158.827883052114,Two year,No,Yes,Yes,No,Yes,Yes,No,No
CUST_06515,49,31,69.99079566958076,7736.778381036427,Month-to-month,No,Yes,No,Yes,Yes,Yes,Yes,No
CUST_06516,66,25,107.39236793859108,6050.177288800945,One year,No,No,No,No,No,Yes,No,Yes
CUST_06517,79,52,52.68466971307157,7693.228386328258,Two year,Fiber optic,No,No,Yes,Yes,Yes,No,No
CUST_06518,55,13,32.82821069493315,1484.7453369595498,One year,No,No,No,No,Yes,No,No,No
CUST_06519,74,51,26.844625492905298,6083.835886349658,Two year,Fiber optic,No,No,No,Yes,No,No,No
CUST_06520,64,35,64.75002725236546,6247.769781760399,One year,Fiber optic,No,Yes,Yes,No,Yes,No,No
CUST_06521,20,7,36.40217446287633,3789.119950595133,Two year,DSL,Yes,No,Yes,Yes,No,Yes,Yes
CUST_06522,55,39,54.61040288851035,769.8031258064618,Month-to-month,Fiber optic,No,No,No,Yes,No,Yes,No
CUST_06523,20,21,101.99798080824368,5328.527468590949,One year,DSL,Yes,Yes,Yes,No,Yes,No,No
CUST_06524,47,15,58.404738275752436,535.7987751920375,One year,No,No,No,No,No,Yes,No,No
CUST_06525,78,59,80.98709182563557,3312.180967715016,Two year,DSL,Yes,Yes,No,Yes,Yes,Yes,No
CUST_06526,18,59,70.2160055822815,3406.829923396314,Month-to-month,No,Yes,Yes,Yes,No,Yes,Yes,No
CUST_06527,47,9,91.85332929700363,8490.949071091996,Month-to-month,Fiber optic,No,No,Yes,Yes,Yes,No,No
CUST_06528,62,24,35.61649589875688,2618.3370833245285,One year,DSL,Yes,Yes,Yes,Yes,Yes,No,No
CUST_06529,49,30,112.04410364836187,6991.813078558984,Two year,No,No,Yes,No,No,No,No,No
CUST_06530,45,20,84.36327975500353,546.642155834172,One year,No,No,Yes,No,Yes,Yes,No,Yes
CUST_06531,38,32,47.09537315801073,4550.0342772410595,Two year,DSL,Yes,No,Yes,No,Yes,Yes,No
CUST_06532,75,30,32.325370813805904,4608.210099870502,Month-to-month,DSL,Yes,Yes,Yes,Yes,No,No,No
CUST_06533,63,20,34.972556414619035,5381.498766833483,One year,No,No,Yes,No,Yes,Yes,No,No
CUST_06534,30,35,98.26629268961081,6904.043708475482,Two year,No,No,Yes,No,No,Yes,No,No
CUST_06535,44,64,78.8110053312958,6500.156406474443,Month-to-month,Fiber optic,No,Yes,Yes,Yes,No,Yes,No
CUST_06536,53,3,58.07582907181833,6492.468277991946,Two year,No,No,Yes,Yes,No,Yes,No,Yes
CUST_06537,24,67,53.290084618688,3731.26904832401,One year,DSL,Yes,No,No,Yes,Yes,No,No
CUST_06538,39,3,105.57580044005302,6210.760452718821,Two year,No,No,Yes,No,Yes,Yes,Yes,No
CUST_06539,27,8,107.4762523781461,4227.052029092621,One year,No,Yes,Yes,Yes,No,No,No,No
CUST_06540,56,29,78.12620384192928,662.3898980980184,Month-to-month,DSL,No,No,No,Yes,Yes,No,No
CUST_06541,70,44,72.45440656650362,7577.526973938507,Two year,Fiber optic,No,Yes,No,No,No,Yes,Yes
CUST_06542,32,3,101.64480420765715,7577.371771565588,Month-to-month,No,No,Yes,No,No,Yes,No,Yes
CUST_06543,32,68,94.93351797943753,2812.1816231031703,Month-to-month,DSL,Yes,Yes,Yes,No,No,No,No
CUST_06544,21,22,60.03251833277884,7776.782001959898,One year,DSL,Yes,No,No,No,No,Yes,No
CUST_06545,49,15,28.2738684750857,6467.065923442684,One year,DSL,Yes,No,Yes,No,Yes,No,No
CUST_06546,40,21,96.85001073627778,3466.7303392409945,Month-to-month,DSL,No,No,No,No,Yes,No,No
CUST_06547,72,71,36.87010289402437,2884.6470267721297,One year,Fiber optic,No,Yes,No,No,No,No,Yes
CUST_06548,23,47,21.637690647847833,8291.198674843248,Month-to-month,DSL,Yes,Yes,Yes,No,No,No,No
CUST_06549,41,61,104.33026752039908,6086.066490135012,One year,No,No,No,Yes,No,No,Yes,No
CUST_06550,37,59,77.82538453367187,3282.0036200780814,One year,Fiber optic,Yes,No,No,No,Yes,No,Yes
CUST_06551,75,4,109.16660355357584,5492.664659038763,Two year,DSL,Yes,No,Yes,Yes,Yes,Yes,No
CUST_06552,54,6,68.4588083197618,4900.820071913899,Two year,No,No,No,Yes,No,No,No,Yes
CUST_06553,37,50,112.6481100711403,4506.1361907132705,One year,Fiber optic,Yes,No,Yes,No,No,No,Yes
CUST_06554,29,64,55.39717479788638,5515.495950019488,Month-to-month,No,No,Yes,No,Yes,Yes,No,No
CUST_06555,50,8,92.45220023342928,4616.06110631504,Month-to-month,Fiber optic,No,Yes,Yes,No,No,No,No
CUST_06556,45,44,50.09865092617835,5600.238970965597,Month-to-month,DSL,Yes,Yes,No,No,Yes,No,Yes
CUST_06557,25,46,20.116366432797843,7723.575922678568,One year,No,No,Yes,Yes,No,No,Yes,No
CUST_06558,18,66,57.974453454895674,8443.425732420284,One year,DSL,Yes,Yes,Yes,No,Yes,No,Yes
CUST_06559,54,23,93.77655131092388,6058.009736123312,Month-to-month,Fiber optic,Yes,Yes,No,Yes,No,No,Yes
CUST_06560,39,9,35.00241794465139,7893.694734703635,Two year,DSL,Yes,Yes,No,Yes,Yes,Yes,Yes
CUST_06561,23,47,70.4802033207393,7310.646132616815,Two year,DSL,No,Yes,Yes,No,Yes,Yes,No
CUST_06562,78,34,41.232148485071505,2578.314143042745,Month-to-month,No,Yes,Yes,No,No,No,No,No
CUST_06563,38,53,27.462412141910292,7936.427057561499,One year,DSL,No,No,No,No,No,Yes,No
CUST_06564,49,70,81.74519819443162,694.7956004420204,One year,DSL,Yes,Yes,Yes,No,No,No,No
CUST_06565,52,15,115.1967622303403,2871.343296765777,Month-to-month,DSL,No,Yes,Yes,Yes,Yes,No,No
CUST_06566,32,52,51.07042187179171,5475.53745488032,Two year,Fiber optic,Yes,Yes,No,No,No,No,No
CUST_06567,22,39,78.06458003599504,4526.0897455191935,Month-to-month,No,Yes,No,Yes,No,Yes,Yes,Yes
CUST_06568,77,19,115.36033677507945,4656.264099766646,Month-to-month,No,No,No,No,Yes,Yes,No,No
CUST_06569,73,68,85.04833499946875,6777.061970330484,Month-to-month,DSL,Yes,Yes,No,Yes,Yes,Yes,No
CUST_06570,63,44,87.31133023099542,1735.5109312040152,Two year,No,Yes,Yes,No,Yes,Yes,Yes,Yes
CUST_06571,67,5,37.89285115608359,8349.434283726652,Month-to-month,Fiber optic,No,Yes,Yes,No,Yes,Yes,Yes
CUST_06572,65,68,69.26096788528267,3774.6491092962324,Two year,Fiber optic,No,Yes,No,No,Yes,No,No
CUST_06573,23,48,56.708274708724666,8078.683424367,One year,DSL,Yes,No,Yes,Yes,Yes,No,No
CUST_06574,42,38,67.095685239103,3318.173261773394,Two year,DSL,Yes,No,No,No,Yes,No,No
CUST_06575,73,1,100.08265764418772,5155.008018353739,Two year,Fiber optic,No,Yes,No,No,No,Yes,No
CUST_06576,63,38,66.06989877460984,3882.616359114343,Month-to-month,Fiber optic,Yes,No,No,Yes,No,Yes,No
CUST_06577,76,20,26.285067825783507,5777.855376356551,One year,Fiber optic,No,No,Yes,Yes,No,No,No
CUST_06578,73,39,110.5541661150863,1642.4477268271667,Month-to-month,DSL,No,No,Yes,No,No,Yes,No
CUST_06579,57,53,74.48158874519706,3465.2796758600734,Two year,Fiber optic,Yes,No,No,No,No,Yes,No
CUST_06580,46,11,112.4494358530292,674.4014257024239,Two year,DSL,No,Yes,No,Yes,Yes,Yes,Yes
CUST_06581,24,36,77.23545120276245,5124.051902716114,Month-to-month,Fiber optic,No,No,Yes,No,No,Yes,No
CUST_06582,57,37,26.96363159750606,8186.526268148631,One year,Fiber optic,Yes,No,No,No,No,Yes,No
CUST_06583,30,14,75.28693935257712,485.6147273220403,Two year,No,Yes,Yes,Yes,No,Yes,No,No
CUST_06584,55,6,77.57389324926805,5640.892205813158,Two year,Fiber optic,Yes,Yes,No,No,Yes,No,No
CUST_06585,35,49,41.43398793429756,6610.822894556341,Two year,DSL,Yes,Yes,No,No,No,No,No
CUST_06586,19,64,67.10290841043766,1890.1107630920826,One year,Fiber optic,No,Yes,Yes,Yes,No,No,No
CUST_06587,25,66,65.94415118736514,2393.8240642957953,Month-to-month,No,No,No,Yes,No,No,No,No
CUST_06588,28,43,82.28761490206037,1793.281124416297,One year,Fiber optic,No,Yes,Yes,No,No,Yes,No
CUST_06589,50,30,45.961409867392035,2598.2661480809825,One year,Fiber optic,Yes,No,No,No,Yes,Yes,No
CUST_06590,71,42,78.17484179481937,1024.693497224343,Two year,Fiber optic,No,Yes,No,Yes,No,No,Yes
CUST_06591,78,47,44.095204263694285,3210.9221187975477,One year,DSL,Yes,No,Yes,No,No,No,No
CUST_06592,55,60,64.64452722039067,3199.005240640917,Two year,Fiber optic,No,Yes,No,No,Yes,No,No
CUST_06593,65,9,32.2705699337307,6881.046635485434,One year,Fiber optic,Yes,Yes,No,Yes,No,No,No
CUST_06594,44,28,23.730054786147818,6828.049851046035,One year,Fiber optic,Yes,No,No,No,Yes,Yes,No
CUST_06595,37,47,52.05873059917339,6792.476251798664,Month-to-month,No,No,Yes,Yes,No,Yes,No,No
CUST_06596,29,61,47.45717506497415,4863.101671039015,One year,DSL,Yes,Yes,Yes,No,Yes,Yes,No
CUST_06597,60,12,60.69359120313467,2837.39776967721,Month-to-month,DSL,No,Yes,No,Yes,Yes,No,No
CUST_06598,78,43,116.19826200003398,3552.1019377636435,Two year,No,No,Yes,No,Yes,Yes,Yes,No
CUST_06599,48,46,72.22292947703284,2769.045440001487,Two year,DSL,No,Yes,No,Yes,No,No,No
CUST_06600,44,63,75.31767061367566,4988.194401838059,Month-to-month,No,No,Yes,Yes,No,No,Yes,No
CUST_06601,49,52,114.16010387873742,7979.024619034796,Two year,Fiber optic,Yes,Yes,Yes,No,Yes,No,No
CUST_06602,78,43,112.1147137591833,2489.772986067999,Two year,DSL,No,Yes,Yes,Yes,No,Yes,No
CUST_06603,27,27,108.41119539004178,3954.3552682274894,One year,Fiber optic,No,Yes,Yes,Yes,Yes,No,No
CUST_06604,20,1,29.799474202971304,5602.982213170457,Month-to-month,Fiber optic,No,Yes,Yes,No,Yes,No,No
CUST_06605,62,56,83.42974105203304,7195.437259082895,Two year,DSL,Yes,No,No,Yes,No,Yes,No
CUST_06606,44,56,100.80989804935118,2228.0049333841043,Month-to-month,Fiber optic,No,No,No,Yes,No,Yes,No
CUST_06607,52,33,103.55746895770949,2454.4355882352806,One year,Fiber optic,Yes,No,Yes,No,No,No,No
CUST_06608,48,57,77.79071425018961,7535.390470949864,Two year,No,No,No,Yes,Yes,No,No,No
CUST_06609,32,51,21.74955474861691,774.1682078807453,Two year,DSL,No,Yes,Yes,No,No,Yes,No
CUST_06610,33,28,117.3712901641735,5185.759890124586,Month-to-month,Fiber optic,No,No,Yes,No,Yes,Yes,No
CUST_06611,78,34,67.21967027581215,7327.825495206292,Two year,No,No,Yes,No,Yes,No,Yes,Yes
CUST_06612,30,47,59.359589527359816,7842.6391029528795,Month-to-month,DSL,No,Yes,No,Yes,No,No,No
CUST_06613,66,32,59.494871367726304,206.5729355560976,Two year,Fiber optic,Yes,No,No,No,No,Yes,Yes
CUST_06614,52,8,62.415088005826654,3205.194210951148,One year,Fiber optic,Yes,Yes,No,Yes,No,No,Yes
CUST_06615,69,47,44.2180718172753,2261.024203416792,One year,Fiber optic,No,No,Yes,Yes,No,Yes,No
CUST_06616,28,66,52.73336257498298,4871.473745707674,Month-to-month,Fiber optic,No,No,Yes,Yes,No,Yes,No
CUST_06617,76,35,118.53576097747391,5416.043125234486,Two year,Fiber optic,No,No,Yes,Yes,Yes,No,Yes
CUST_06618,38,70,56.81680002560942,8498.105611886442,Two year,DSL,Yes,No,No,Yes,Yes,No,No
CUST_06619,68,43,72.67250164737891,4407.204973950975,Month-to-month,DSL,No,Yes,No,Yes,Yes,Yes,No
CUST_06620,71,59,104.82942659752185,4732.321781393066,One year,No,Yes,No,No,No,Yes,No,No
CUST_06621,28,62,72.74278111088634,3580.233465567392,One year,No,No,No,No,No,Yes,No,No
CUST_06622,47,4,52.44534216181676,1340.4887978440356,One year,No,No,Yes,No,No,No,No,Yes
CUST_06623,77,39,72.37509769185301,2647.926978357027,Month-to-month,DSL,No,No,Yes,Yes,Yes,Yes,No
CUST_06624,65,18,31.408631043909743,2174.673308772667,One year,DSL,Yes,Yes,No,Yes,No,No,No
CUST_06625,70,46,33.00069552327699,6830.245407326073,Month-to-month,DSL,No,No,No,No,Yes,No,No
CUST_06626,52,64,89.41075322306689,4684.857941039424,One year,Fiber optic,Yes,No,No,Yes,Yes,Yes,No
CUST_06627,39,66,111.74606572597457,2588.0264938088735,One year,DSL,No,Yes,Yes,No,No,Yes,No
CUST_06628,55,17,92.56781334885183,4208.3803843054275,Month-to-month,DSL,Yes,Yes,No,No,No,No,No
CUST_06629,48,49,27.46132406573572,1938.4650180014903,Two year,Fiber optic,Yes,Yes,No,Yes,Yes,Yes,Yes
CUST_06630,31,29,60.28956110310057,1655.0680648150308,Two year,No,No,No,Yes,Yes,Yes,No,Yes
CUST_06631,41,65,20.255358826806372,7323.514792831842,Two year,No,Yes,No,Yes,Yes,Yes,No,No
CUST_06632,67,4,71.12067433256328,8036.411177515567,One year,No,No,No,Yes,Yes,No,Yes,No
CUST_06633,66,41,39.320448488185136,772.1227057466982,One year,Fiber optic,No,Yes,No,Yes,Yes,Yes,No
CUST_06634,49,4,106.81466487286566,6525.014740365932,Two year,Fiber optic,No,Yes,No,Yes,No,No,No
CUST_06635,53,49,30.43350528690824,3907.8169059892375,One year,Fiber optic,No,No,No,Yes,No,No,No
CUST_06636,49,57,20.14333986470304,3367.3617869893283,One year,DSL,Yes,Yes,No,Yes,No,Yes,No
CUST_06637,72,7,65.11460431137604,5891.055000201697,Two year,No,No,No,Yes,Yes,No,Yes,No
CUST_06638,32,30,35.54333039257392,2336.5309568086714,Month-to-month,Fiber optic,Yes,No,Yes,Yes,No,Yes,No
CUST_06639,60,11,93.79863822751616,272.88230078213405,Two year,Fiber optic,No,Yes,Yes,No,No,No,No
CUST_06640,75,20,111.9934731781395,1897.623921688126,Two year,No,Yes,Yes,Yes,Yes,Yes,Yes,No
CUST_06641,52,61,24.193801430256716,1653.3706443570188,Month-to-month,No,No,No,No,No,No,No,Yes
CUST_06642,20,32,59.55821119160967,386.01480504992514,One year,DSL,Yes,Yes,Yes,No,Yes,No,Yes
CUST_06643,33,25,119.68149760709497,2799.049494621099,Two year,No,No,No,No,No,No,Yes,Yes
CUST_06644,22,39,93.26719700006686,4085.955681518775,Two year,Fiber optic,No,Yes,No,Yes,Yes,Yes,No
CUST_06645,38,64,115.31876437058071,6280.961055224859,One year,DSL,No,Yes,Yes,No,No,No,No
CUST_06646,78,58,36.40832852161556,2835.5551341378136,One year,No,Yes,Yes,No,No,No,Yes,No
CUST_06647,27,14,42.13685594919535,1734.1382315250446,Month-to-month,DSL,No,No,No,Yes,Yes,No,No
CUST_06648,36,0,35.48112405968259,2037.2060617302852,One year,Fiber optic,No,No,No,Yes,No,Yes,No
CUST_06649,42,10,50.236903377593826,7585.887464958402,Two year,Fiber optic,Yes,No,Yes,Yes,Yes,No,No
CUST_06650,21,54,92.43840683290519,1819.6514139058977,One year,Fiber optic,Yes,No,No,Yes,No,No,Yes
CUST_06651,78,1,36.49466607581882,7485.621607138686,One year,Fiber optic,No,Yes,No,Yes,Yes,No,No
CUST_06652,46,64,72.42340378832884,3855.6315620974815,Month-to-month,DSL,Yes,Yes,No,Yes,Yes,No,No
CUST_06653,36,43,46.920991911439806,7948.963631727622,Month-to-month,DSL,Yes,No,Yes,No,No,Yes,No
CUST_06654,60,15,102.91957791369154,3527.9739449594686,Two year,Fiber optic,No,No,No,No,No,No,No
CUST_06655,19,21,20.6592405338939,1592.5366439688657,Two year,DSL,Yes,No,No,No,Yes,No,No
CUST_06656,27,17,42.31149585386668,4711.851405375236,One year,Fiber optic,Yes,Yes,No,Yes,No,Yes,No
CUST_06657,78,46,80.5240757572182,5036.735463932169,Two year,Fiber optic,Yes,Yes,Yes,No,Yes,No,No
CUST_06658,60,29,29.671050197384258,5438.110147495466,Two year,No,No,Yes,Yes,Yes,Yes,Yes,Yes
CUST_06659,42,9,66.63122159459897,3556.572435144028,One year,DSL,Yes,No,Yes,Yes,Yes,No,Yes
CUST_06660,37,57,63.62072964823697,508.2512626737595,One year,No,No,No,No,Yes,Yes,Yes,No
CUST_06661,65,61,105.25230068217637,5364.4473527759,One year,Fiber optic,No,Yes,No,No,No,Yes,Yes
CUST_06662,36,5,82.53971931668133,7937.4532958425625,Month-to-month,No,Yes,No,No,No,No,No,No
CUST_06663,40,66,83.97020621591027,8143.492479448134,Month-to-month,Fiber optic,No,No,No,Yes,No,No,No
CUST_06664,41,40,115.18076017891659,5113.837090032523,One year,Fiber optic,No,Yes,No,No,No,Yes,Yes
CUST_06665,28,42,118.2360375323375,267.05095081722726,Month-to-month,Fiber optic,No,No,Yes,No,Yes,Yes,No
CUST_06666,63,17,85.33947321528386,990.7232391300232,Month-to-month,DSL,No,Yes,Yes,No,Yes,No,No
CUST_06667,51,57,72.20014501520542,7105.52041646332,Month-to-month,Fiber optic,Yes,No,No,No,Yes,No,Yes
CUST_06668,72,59,80.79200584648798,7069.853276288074,Two year,Fiber optic,No,No,Yes,Yes,No,No,No
CUST_06669,45,26,58.244370505416036,8046.531084254241,One year,DSL,No,No,Yes,Yes,Yes,No,Yes
CUST_06670,22,67,118.74566169600773,4835.70515208123,One year,DSL,No,Yes,No,No,Yes,Yes,No
CUST_06671,76,21,90.50212594968588,7356.056873534889,Two year,Fiber optic,Yes,Yes,No,No,Yes,Yes,Yes
CUST_06672,22,23,49.10067943791647,7029.050175727769,Month-to-month,DSL,Yes,No,Yes,Yes,No,Yes,No
CUST_06673,68,39,25.776629897206842,5051.134772139641,One year,Fiber optic,No,No,Yes,Yes,No,Yes,No
CUST_06674,38,65,24.472192915196782,6682.55544828325,Month-to-month,No,No,Yes,No,No,No,No,Yes
CUST_06675,29,39,40.49129805265392,1155.96857390476,Two year,DSL,Yes,No,No,Yes,No,Yes,Yes
CUST_06676,67,5,43.29130542531116,5469.3031577930105,Month-to-month,No,Yes,No,No,No,Yes,No,No
CUST_06677,21,17,61.50454939539002,8108.98803323243,Two year,Fiber optic,Yes,Yes,Yes,No,No,No,No
CUST_06678,71,29,41.484601163625385,1460.4429868910252,Two year,DSL,No,No,Yes,Yes,Yes,No,No
CUST_06679,66,20,83.09104308617447,6349.958527120009,Month-to-month,DSL,Yes,No,No,Yes,No,No,No
CUST_06680,59,61,41.125473081058175,2794.600697684431,Month-to-month,Fiber optic,Yes,No,No,No,Yes,No,No
CUST_06681,37,9,38.7876538941146,6963.6729592297725,One year,DSL,No,No,No,No,Yes,Yes,Yes
CUST_06682,55,12,67.12369928003699,5956.571843127607,Two year,DSL,No,Yes,No,Yes,No,Yes,No
CUST_06683,42,8,108.86685993238189,7879.863763895637,Month-to-month,DSL,Yes,Yes,No,No,No,Yes,No
CUST_06684,31,67,66.83054873786341,6080.25752542872,Month-to-month,No,No,Yes,Yes,No,Yes,No,No
CUST_06685,28,38,61.3848744572167,3546.6089976880376,One year,Fiber optic,No,No,Yes,No,Yes,Yes,No
CUST_06686,49,23,77.80949074597089,191.49728971873662,One year,Fiber optic,No,Yes,No,No,Yes,No,No
CUST_06687,28,33,45.72136787516285,6760.501932874957,One year,Fiber optic,Yes,No,No,No,No,Yes,Yes
CUST_06688,78,60,55.343655449043446,3531.1057199054067,Two year,DSL,No,No,No,Yes,No,Yes,No
CUST_06689,35,40,41.38352556671306,5733.326396612822,One year,DSL,No,No,Yes,No,No,No,No
CUST_06690,44,4,77.18099946076836,982.5584424867177,Two year,DSL,No,Yes,No,No,No,No,No
CUST_06691,72,49,89.73875615692154,7584.1365415403025,One year,Fiber optic,No,No,Yes,No,Yes,Yes,No
CUST_06692,71,3,87.36986409905718,3759.525498214643,Two year,No,No,No,Yes,Yes,No,No,No
CUST_06693,35,50,45.48178179647618,7825.410563992928,One year,Fiber optic,No,No,No,Yes,No,No,No
CUST_06694,73,51,97.9648205747967,6038.946443873724,Two year,Fiber optic,No,Yes,No,Yes,No,No,No
CUST_06695,40,38,45.595366524993025,1120.2830016236471,One year,No,No,No,No,Yes,Yes,Yes,Yes
CUST_06696,28,7,35.0311551267763,4965.251552624673,One year,DSL,No,Yes,No,Yes,No,Yes,Yes
CUST_06697,38,44,54.98087486871944,7743.449362711013,Month-to-month,DSL,Yes,Yes,No,Yes,No,Yes,No
CUST_06698,61,27,79.7744089170883,6819.752703020823,Two year,Fiber optic,No,No,Yes,No,Yes,No,No
CUST_06699,22,26,34.2001818804398,3611.0354236405,Month-to-month,No,No,No,Yes,No,Yes,No,No
CUST_06700,40,64,84.80871121084563,8122.540936932819,Two year,Fiber optic,No,Yes,No,No,No,No,No
CUST_06701,58,33,106.3067996253491,2356.039918732825,Month-to-month,Fiber optic,No,Yes,No,Yes,No,No,No
CUST_06702,76,61,49.31405102580705,3250.9047078738527,One year,No,No,Yes,No,Yes,No,No,No
CUST_06703,42,61,65.02066161151194,6397.5990556091065,Month-to-month,No,No,Yes,No,Yes,No,Yes,No
CUST_06704,58,37,42.83104256251781,2056.398280610335,One year,DSL,Yes,No,No,Yes,No,Yes,No
CUST_06705,71,25,56.12617290703949,4429.145547660202,Two year,Fiber optic,No,No,Yes,Yes,No,Yes,No
CUST_06706,27,23,22.19705708025074,6221.829196874896,One year,No,No,Yes,Yes,Yes,Yes,No,Yes
CUST_06707,39,38,115.3769396212827,5509.329235595724,Month-to-month,No,Yes,Yes,Yes,No,No,Yes,No
CUST_06708,36,20,61.58902132121951,1405.1072786161333,Two year,No,Yes,Yes,Yes,Yes,Yes,Yes,No
CUST_06709,18,46,98.88701098180803,5389.146655473811,Month-to-month,No,Yes,No,No,No,Yes,Yes,No
CUST_06710,24,47,34.26434373565097,4910.7684419629,One year,Fiber optic,No,Yes,No,Yes,No,No,No
CUST_06711,21,12,101.23550441003988,4785.896530328545,One year,Fiber optic,No,Yes,No,Yes,Yes,No,Yes
CUST_06712,18,2,106.0147310962201,7038.796366912868,Month-to-month,Fiber optic,No,Yes,Yes,Yes,Yes,Yes,No
CUST_06713,32,31,91.54771286876792,1644.7265892101168,Two year,No,No,Yes,Yes,No,Yes,Yes,No
CUST_06714,57,34,110.32083249834054,6413.1542911649585,Month-to-month,DSL,No,Yes,No,No,Yes,Yes,No
CUST_06715,29,18,36.71971294681364,6491.7785489746875,One year,No,No,Yes,Yes,No,Yes,Yes,No
CUST_06716,39,13,67.648182878862,6170.221692479294,Two year,Fiber optic,Yes,Yes,No,No,No,No,No
CUST_06717,39,47,82.01095320161573,4350.133833221585,Month-to-month,Fiber optic,No,Yes,No,Yes,No,Yes,No
CUST_06718,67,67,79.61929706974874,3422.5254809969947,One year,Fiber optic,No,No,No,No,Yes,No,No
CUST_06719,64,44,106.10409345262981,3415.2881446121883,Two year,DSL,Yes,No,No,No,Yes,Yes,No
CUST_06720,34,18,41.569136797288564,6263.993197114821,Month-to-month,DSL,No,No,Yes,Yes,No,No,No
CUST_06721,46,63,37.56438325388664,4282.332301696119,Two year,Fiber optic,Yes,Yes,No,Yes,No,No,No
CUST_06722,63,65,45.33785948579514,2942.8432835397857,One year,No,Yes,No,No,Yes,No,No,Yes
CUST_06723,31,65,109.15500494128707,5353.945349004702,Month-to-month,Fiber optic,Yes,Yes,No,No,No,Yes,No
CUST_06724,67,44,114.10270826575747,7130.894588225341,Month-to-month,Fiber optic,Yes,No,No,No,Yes,No,No
CUST_06725,37,66,76.96301042699973,616.6734258135667,One year,DSL,No,Yes,No,No,Yes,No,No
CUST_06726,67,68,70.13719345705198,8265.950445280076,One year,DSL,No,No,Yes,Yes,No,Yes,Yes
CUST_06727,65,2,80.53856080126565,911.8762924879964,One year,DSL,No,No,No,Yes,Yes,Yes,No
CUST_06728,50,37,81.63076498466941,4398.600213904513,Month-to-month,DSL,No,Yes,No,Yes,Yes,No,No
CUST_06729,72,41,37.03047049434958,4805.7601699174875,One year,Fiber optic,No,No,Yes,Yes,No,No,No
CUST_06730,76,39,88.64108816231303,1260.9699250353246,Month-to-month,No,No,No,No,No,No,Yes,Yes
CUST_06731,60,49,65.23511023484255,7790.987525348507,Month-to-month,Fiber optic,Yes,No,No,Yes,Yes,Yes,Yes
CUST_06732,32,34,71.73819588480453,4060.323449256949,Two year,Fiber optic,Yes,No,No,Yes,No,No,No
CUST_06733,29,23,23.031660433515547,1302.2123214673038,One year,No,Yes,Yes,No,Yes,Yes,Yes,Yes
CUST_06734,57,16,96.45566325310304,6077.544183921275,One year,Fiber optic,Yes,Yes,No,Yes,No,Yes,No
CUST_06735,71,39,103.54279612678818,5672.596500037923,Two year,No,Yes,Yes,No,No,Yes,No,No
CUST_06736,37,65,81.94215539345466,8188.0707861641595,Month-to-month,DSL,No,Yes,No,Yes,No,Yes,No
CUST_06737,47,43,94.87236352966626,3808.7371273770855,Month-to-month,DSL,No,Yes,Yes,Yes,Yes,No,No
CUST_06738,55,22,72.27060031721018,2349.4861745839785,Month-to-month,DSL,Yes,No,No,No,No,Yes,Yes
CUST_06739,20,5,81.83533789785557,603.9496528802015,One year,No,Yes,Yes,No,Yes,No,Yes,No
CUST_06740,45,65,59.45716984632386,6258.220810674263,Month-to-month,Fiber optic,No,Yes,No,No,Yes,Yes,No
CUST_06741,73,20,99.18742650625126,5285.132589535548,Two year,DSL,No,Yes,Yes,Yes,No,Yes,Yes
CUST_06742,43,34,66.82709302644926,8269.93101316638,Month-to-month,DSL,No,Yes,No,Yes,Yes,Yes,No
CUST_06743,47,28,88.02129044188825,6082.185830350512,One year,Fiber optic,No,Yes,No,No,No,Yes,No
CUST_06744,30,6,82.14293786195046,7938.556431481015,One year,DSL,No,Yes,No,Yes,Yes,No,Yes
CUST_06745,30,52,90.23145183857497,8429.261876148475,Month-to-month,DSL,Yes,No,Yes,No,No,Yes,Yes
CUST_06746,19,36,98.52158751252233,3698.8216115545606,Month-to-month,No,Yes,No,No,Yes,No,No,Yes
CUST_06747,54,22,71.27134815929952,1362.4781123019275,One year,Fiber optic,Yes,Yes,Yes,No,Yes,Yes,No
CUST_06748,66,7,101.30659492556687,1745.146525987415,Month-to-month,No,No,Yes,Yes,No,Yes,Yes,Yes
CUST_06749,55,47,69.7257237271609,2774.3518741434605,Two year,DSL,Yes,Yes,No,No,Yes,Yes,Yes
CUST_06750,19,9,115.66343228639369,4374.724443356692,One year,DSL,Yes,No,No,No,No,Yes,No
CUST_06751,53,23,95.26717486147942,1128.327994929392,Month-to-month,Fiber optic,Yes,Yes,Yes,Yes,Yes,Yes,No
CUST_06752,71,46,37.11416497460642,2634.43012358398,Month-to-month,DSL,No,No,No,No,No,Yes,No
CUST_06753,43,52,102.95844713634312,2685.4683180164893,Month-to-month,No,No,No,Yes,Yes,Yes,No,No
CUST_06754,28,38,75.15876608066341,134.31950170358755,Two year,No,No,Yes,No,Yes,Yes,No,No
CUST_06755,25,66,118.44609579738653,3075.0174131976987,One year,Fiber optic,No,No,Yes,Yes,No,Yes,Yes
CUST_06756,61,65,91.88190436735273,1075.67848071124,Two year,Fiber optic,Yes,No,Yes,Yes,No,No,No
CUST_06757,57,5,28.439074657019106,3709.575589164069,Month-to-month,DSL,Yes,Yes,No,No,Yes,Yes,No
CUST_06758,60,20,59.49604276103488,1750.9085941914925,Two year,Fiber optic,No,No,Yes,No,Yes,No,Yes
CUST_06759,39,35,71.72754026732665,7005.759613422847,Month-to-month,Fiber optic,No,No,No,Yes,No,No,No
CUST_06760,37,2,103.90136031598018,776.4129633001179,Month-to-month,DSL,No,Yes,Yes,No,No,Yes,Yes
CUST_06761,25,41,92.93455343297727,7371.547623912881,One year,DSL,Yes,Yes,Yes,No,Yes,No,No
CUST_06762,46,44,56.93600706116389,4976.423570406626,One year,No,No,No,No,Yes,No,Yes,No
CUST_06763,57,43,85.3432687502629,3952.581570866203,Month-to-month,No,Yes,Yes,Yes,Yes,No,Yes,No
CUST_06764,43,32,77.69109078983793,4717.835461908846,Month-to-month,Fiber optic,No,Yes,Yes,Yes,Yes,No,No
CUST_06765,47,59,32.60526089524069,3259.3166850924217,Month-to-month,DSL,No,Yes,No,No,No,Yes,No
CUST_06766,34,69,43.485869299860056,1171.9400019323386,One year,Fiber optic,No,Yes,Yes,Yes,Yes,No,Yes
CUST_06767,37,25,54.11223127143144,6533.3904525837515,One year,No,Yes,No,Yes,No,No,Yes,No
CUST_06768,69,20,39.54834063635029,7894.45735680989,Month-to-month,Fiber optic,No,Yes,Yes,Yes,Yes,No,No
CUST_06769,72,1,35.013384583002555,8080.568034206864,One year,No,Yes,Yes,Yes,No,No,No,No
CUST_06770,33,46,25.819777013028705,5733.976652271053,Month-to-month,No,Yes,Yes,Yes,No,Yes,No,Yes
CUST_06771,63,29,107.31025656089301,3546.9183827400047,Two year,Fiber optic,No,Yes,No,No,No,Yes,No
CUST_06772,79,26,48.894341796485364,4118.223683122571,One year,No,Yes,No,No,Yes,No,No,No
CUST_06773,60,70,49.032060393356616,5618.511854710251,Month-to-month,No,No,No,No,Yes,Yes,No,No
CUST_06774,24,19,40.62281374301554,7013.809138670123,Two year,DSL,No,No,Yes,No,No,Yes,No
CUST_06775,33,49,67.5397371863883,3246.3639553615403,Month-to-month,Fiber optic,No,No,No,Yes,Yes,No,No
CUST_06776,62,22,71.42419679223724,7800.962288161334,Two year,Fiber optic,No,No,Yes,No,No,No,Yes
CUST_06777,76,12,40.828135862508006,2823.8861014171484,One year,Fiber optic,Yes,Yes,No,No,No,Yes,No
CUST_06778,64,3,80.85703378636506,4559.222112748515,One year,No,Yes,No,No,No,Yes,No,No
CUST_06779,73,13,92.29999595937491,8175.439120299155,Month-to-month,No,No,Yes,Yes,No,No,No,Yes
CUST_06780,65,19,57.38400859654519,7980.870889575125,One year,No,No,No,No,No,Yes,Yes,No
CUST_06781,44,12,78.54516968574387,5944.2587520330935,One year,Fiber optic,Yes,Yes,Yes,No,Yes,Yes,No
CUST_06782,70,2,70.23019051644462,2826.3056335900733,Two year,DSL,Yes,No,Yes,No,Yes,Yes,No
CUST_06783,40,46,39.55483983561022,1939.8942787456297,One year,Fiber optic,Yes,Yes,Yes,No,Yes,No,Yes
CUST_06784,41,2,93.00109887745778,773.2041848017715,Two year,Fiber optic,Yes,No,Yes,Yes,Yes,Yes,No
CUST_06785,26,0,100.14530278240474,6052.696999810837,Two year,Fiber optic,No,Yes,No,Yes,No,Yes,No
CUST_06786,52,23,84.87931155871675,4328.9858296171,Two year,DSL,Yes,No,Yes,Yes,No,Yes,No
CUST_06787,68,34,52.38960277710513,4907.216629131761,One year,Fiber optic,Yes,Yes,Yes,No,No,No,No
CUST_06788,37,13,112.67924944093012,4068.094260976198,Month-to-month,DSL,No,No,Yes,Yes,Yes,Yes,No
CUST_06789,54,66,65.53583879951242,4156.75004201692,Month-to-month,DSL,No,Yes,Yes,No,Yes,Yes,Yes
CUST_06790,59,12,46.58784853850979,4898.698401321708,One year,Fiber optic,Yes,Yes,No,No,No,Yes,Yes
CUST_06791,34,46,60.82346208219565,7779.8008518787165,Two year,Fiber optic,No,No,Yes,Yes,Yes,No,No
CUST_06792,64,49,89.20750919082099,346.6769155316007,One year,Fiber optic,Yes,Yes,No,No,Yes,Yes,No
CUST_06793,48,25,104.59317856592492,6833.7489484145635,Month-to-month,No,No,No,No,Yes,No,Yes,Yes
CUST_06794,72,2,55.65754992828726,3380.336588689432,Two year,DSL,Yes,Yes,Yes,Yes,Yes,No,Yes
CUST_06795,74,50,43.26244460093747,6357.363845177198,One year,Fiber optic,No,Yes,No,Yes,Yes,No,No
CUST_06796,25,39,82.64931318352049,8067.621165652594,Two year,DSL,Yes,No,Yes,No,No,Yes,No
CUST_06797,32,67,112.12151001062855,2672.810745621215,Two year,No,No,Yes,Yes,Yes,Yes,Yes,No
CUST_06798,48,35,38.32933635594216,852.258948647911,Month-to-month,No,Yes,Yes,Yes,No,Yes,No,Yes
CUST_06799,70,50,100.30193822993665,2051.306865045375,Two year,Fiber optic,No,Yes,No,No,Yes,Yes,No
CUST_06800,47,0,67.66071814874842,1965.579781345526,One year,DSL,No,No,Yes,No,No,Yes,No
CUST_06801,63,32,99.95125039620918,6331.535106666133,Two year,No,No,No,No,No,Yes,No,Yes
CUST_06802,37,6,70.55411497732909,619.6087264909859,Two year,No,No,Yes,Yes,No,No,Yes,No
CUST_06803,77,51,57.73277743022193,527.8420707881637,One year,DSL,No,No,Yes,No,Yes,No,No
CUST_06804,56,10,89.67410002096508,5926.312193664222,Month-to-month,No,Yes,No,Yes,Yes,Yes,No,Yes
CUST_06805,70,26,110.06272945948973,4776.4453529586,Month-to-month,DSL,No,No,No,Yes,No,Yes,Yes
CUST_06806,72,13,52.02517303701811,3609.247376682909,One year,Fiber optic,No,Yes,Yes,No,No,No,No
CUST_06807,29,45,66.07481349943718,4933.09461860718,Two year,DSL,Yes,No,No,Yes,Yes,No,Yes
CUST_06808,66,9,42.94006266965225,6276.082410136568,One year,Fiber optic,Yes,Yes,Yes,No,No,Yes,No
CUST_06809,34,23,38.34094636173508,969.1595307369462,One year,DSL,No,No,No,Yes,No,Yes,Yes
CUST_06810,59,60,97.78901423921751,4747.605894239917,One year,No,No,Yes,Yes,Yes,No,No,No
CUST_06811,47,17,40.06641166884424,7025.101396480165,Month-to-month,Fiber optic,No,Yes,Yes,Yes,Yes,No,No
CUST_06812,46,8,99.33181713344499,3144.4050328578237,Two year,DSL,Yes,Yes,No,Yes,Yes,Yes,Yes
CUST_06813,36,16,62.92170518402645,6509.351096030168,One year,Fiber optic,No,Yes,Yes,No,Yes,Yes,No
CUST_06814,63,57,119.50487234077158,7201.535048830677,Month-to-month,DSL,Yes,No,Yes,Yes,Yes,No,No
CUST_06815,28,12,39.73414181912892,6995.805211289125,Month-to-month,DSL,Yes,No,Yes,Yes,No,Yes,Yes
CUST_06816,51,49,29.2977992512826,5562.9937766812345,Two year,Fiber optic,Yes,No,No,No,No,No,No
CUST_06817,67,5,27.54330696034956,6125.693954530252,One year,Fiber optic,No,No,No,No,Yes,Yes,No
CUST_06818,24,50,103.54180047242006,6716.471518004159,Two year,Fiber optic,No,No,No,Yes,No,No,No
CUST_06819,61,35,63.77763110583434,6263.158199780109,One year,No,No,Yes,No,Yes,No,No,No
CUST_06820,75,70,20.312434964737164,3894.113363207261,Month-to-month,DSL,No,Yes,Yes,No,No,No,No
CUST_06821,51,24,107.4771362503336,1436.6159201244266,Month-to-month,DSL,Yes,No,Yes,Yes,No,Yes,No
CUST_06822,76,10,107.69210069103045,2701.7370390384285,Two year,Fiber optic,No,No,No,Yes,Yes,No,No
CUST_06823,37,43,100.64166740187909,1840.8711228332886,One year,DSL,Yes,No,Yes,No,No,Yes,No
CUST_06824,67,13,44.83184830248425,3136.1308963300185,Two year,DSL,No,Yes,No,Yes,No,Yes,No
CUST_06825,55,28,57.27527200671731,4210.381073532397,One year,DSL,Yes,Yes,Yes,No,No,No,Yes
CUST_06826,41,49,94.49262251954836,8155.992042567666,Two year,Fiber optic,No,Yes,No,No,No,Yes,Yes
CUST_06827,27,4,68.93531254075853,8159.487477909806,Month-to-month,DSL,No,No,No,Yes,Yes,Yes,Yes
CUST_06828,49,71,35.38265767235525,6564.543575701596,Two year,DSL,Yes,Yes,No,No,Yes,No,No
CUST_06829,69,68,44.27982645276724,8333.17842225206,One year,No,No,No,Yes,Yes,Yes,No,Yes
CUST_06830,32,56,117.25895367515574,8483.332852925456,Two year,No,No,No,No,Yes,Yes,Yes,No
CUST_06831,54,25,35.10131174271062,7536.156681508604,One year,Fiber optic,Yes,Yes,No,Yes,Yes,No,No
CUST_06832,37,5,92.60807566781885,767.8300989315595,Two year,DSL,Yes,No,Yes,Yes,No,No,No
CUST_06833,20,15,67.8018306659539,3678.7704690998003,One year,DSL,Yes,No,Yes,Yes,No,No,Yes
CUST_06834,54,59,94.86016595521598,4586.607840612874,One year,No,Yes,Yes,Yes,No,No,Yes,No
CUST_06835,79,11,86.11132411443931,1142.2937191714386,One year,Fiber optic,No,Yes,No,No,Yes,No,No
CUST_06836,74,2,63.916719055432594,6892.49726884225,Two year,Fiber optic,No,No,Yes,No,Yes,Yes,No
CUST_06837,57,62,55.39108246830671,1348.9406855697596,Two year,DSL,Yes,No,No,Yes,No,No,Yes
CUST_06838,25,63,95.43592543561255,3319.961713301065,Month-to-month,No,No,No,Yes,No,Yes,Yes,Yes
CUST_06839,57,61,52.314120625982646,678.8623113942033,One year,No,No,No,No,Yes,No,No,No
CUST_06840,61,5,98.77714800885684,4506.581938852601,Month-to-month,No,Yes,No,No,Yes,No,No,Yes
CUST_06841,73,18,87.9843066332452,5115.148153411345,Month-to-month,DSL,Yes,No,No,No,Yes,Yes,No
CUST_06842,40,17,77.76691702331689,6275.485541349708,One year,DSL,No,No,Yes,No,No,No,No
CUST_06843,57,42,56.88008849022973,2951.476504936805,Month-to-month,DSL,No,No,No,No,No,No,Yes
CUST_06844,28,2,40.50813577663749,5060.46459666672,Two year,No,Yes,No,No,Yes,No,No,No
CUST_06845,63,71,91.04198012406638,6266.8376531479635,Month-to-month,Fiber optic,Yes,Yes,No,Yes,Yes,No,No
CUST_06846,25,37,29.134922717058092,6501.0952508442015,Two year,DSL,Yes,No,Yes,No,Yes,Yes,No
CUST_06847,46,67,117.05422561557597,2633.791510180312,One year,DSL,No,Yes,Yes,No,Yes,No,No
CUST_06848,47,43,117.87479146154875,668.7130134962504,One year,Fiber optic,Yes,No,Yes,Yes,No,Yes,Yes
CUST_06849,73,62,33.022261595813866,416.00361143305577,One year,Fiber optic,Yes,Yes,No,No,Yes,Yes,Yes
CUST_06850,77,41,30.393532297230223,6551.706391417703,Month-to-month,No,No,Yes,No,Yes,No,Yes,No
CUST_06851,27,63,61.27167270830301,3337.6869043224647,One year,DSL,Yes,No,Yes,Yes,No,No,No
CUST_06852,56,53,116.36832722605021,1225.118367548153,One year,No,Yes,Yes,No,Yes,Yes,No,Yes
CUST_06853,45,70,60.031089923111296,1649.7070583786865,Two year,DSL,Yes,Yes,Yes,Yes,Yes,Yes,No
CUST_06854,66,36,56.380210843233485,6535.663988346238,Month-to-month,No,No,Yes,Yes,Yes,No,Yes,Yes
CUST_06855,53,3,90.35850589987712,5130.776805802426,Month-to-month,No,No,Yes,Yes,No,Yes,Yes,Yes
CUST_06856,78,1,37.873123659522705,4311.786595773995,One year,Fiber optic,Yes,No,Yes,No,Yes,No,No
CUST_06857,30,43,56.332348357375146,5333.263719246074,Month-to-month,DSL,No,Yes,Yes,No,No,Yes,No
CUST_06858,49,66,49.13074462744878,1254.9962549223624,One year,Fiber optic,Yes,No,Yes,Yes,Yes,No,Yes
CUST_06859,53,67,80.15346226306262,2779.954840445319,Two year,Fiber optic,No,Yes,Yes,No,No,Yes,No
CUST_06860,54,61,36.27528862141638,3242.1335460346063,Month-to-month,Fiber optic,No,Yes,No,No,Yes,No,Yes
CUST_06861,43,0,74.87012556062362,2741.781262790226,Month-to-month,DSL,Yes,No,No,No,Yes,Yes,No
CUST_06862,39,16,105.75465899368449,7361.097021933464,Two year,No,Yes,Yes,Yes,Yes,No,No,No
CUST_06863,21,15,71.4170546707602,4983.937615081985,Month-to-month,No,No,No,No,No,No,No,Yes
CUST_06864,48,8,88.34966170980852,6226.299822864707,One year,DSL,No,No,Yes,No,No,No,Yes
CUST_06865,35,52,27.52480176779329,2088.3311549558507,Month-to-month,DSL,No,No,No,Yes,No,Yes,No
CUST_06866,55,58,64.9005579247043,2318.2219132843034,Month-to-month,No,No,Yes,Yes,No,Yes,No,No
CUST_06867,41,8,29.489316743585196,1992.8222578564287,Two year,No,Yes,Yes,No,No,Yes,Yes,No
CUST_06868,73,11,79.9461675786657,5879.028452222683,Two year,Fiber optic,No,No,Yes,Yes,Yes,No,No
CUST_06869,40,40,48.10543711738185,3031.9443638003545,One year,No,Yes,No,No,No,No,No,No
CUST_06870,39,14,48.726583099174796,3502.70671219497,Month-to-month,Fiber optic,Yes,Yes,Yes,Yes,Yes,No,Yes
CUST_06871,19,65,27.676673714498072,6056.621505846432,Month-to-month,No,No,Yes,Yes,No,No,No,No
CUST_06872,48,10,51.02378614407344,8263.109095818927,Two year,No,No,No,No,Yes,No,Yes,No
CUST_06873,72,7,70.66771771070974,1459.752635359871,One year,No,No,Yes,Yes,Yes,No,No,No
CUST_06874,28,54,78.46601031717614,626.4806531723489,Month-to-month,Fiber optic,Yes,No,Yes,Yes,Yes,Yes,No
CUST_06875,45,5,26.666555127582328,1736.7058285266717,One year,Fiber optic,Yes,Yes,Yes,Yes,Yes,No,Yes
CUST_06876,63,52,85.14591857160703,6273.669753691537,Month-to-month,No,No,No,No,No,No,No,No
CUST_06877,49,19,68.88757607534946,1734.8692448117372,Two year,Fiber optic,No,Yes,No,Yes,No,Yes,Yes
CUST_06878,79,38,73.69080079142347,5008.560182049045,Two year,Fiber optic,No,Yes,No,Yes,No,Yes,No
CUST_06879,22,71,103.27966737677947,5058.6589065914495,Two year,Fiber optic,Yes,Yes,No,No,Yes,Yes,No
CUST_06880,55,33,54.222644530486654,2573.154042495481,Two year,Fiber optic,Yes,Yes,No,No,No,Yes,No
CUST_06881,27,56,37.40511113650347,677.3007509636813,Two year,DSL,No,No,Yes,No,No,Yes,No
CUST_06882,57,18,75.18101757069542,3453.2843465934793,Two year,Fiber optic,Yes,Yes,Yes,Yes,No,Yes,No
CUST_06883,63,70,114.50219175352387,1668.997546954899,One year,No,Yes,No,No,No,Yes,Yes,Yes
CUST_06884,41,30,71.78696191811312,1649.5749662388023,Two year,Fiber optic,Yes,No,No,Yes,Yes,Yes,No
CUST_06885,52,39,103.19121741195065,4489.746516641424,One year,No,Yes,No,No,No,No,No,No
CUST_06886,61,13,95.70320544610331,5754.217560021129,Two year,Fiber optic,No,Yes,Yes,No,No,Yes,No
CUST_06887,65,36,71.83307870098315,733.4864390388352,Month-to-month,No,No,No,Yes,No,No,No,Yes
CUST_06888,77,43,84.75547776534225,4957.899748597008,Month-to-month,DSL,No,No,No,Yes,Yes,Yes,No
CUST_06889,79,8,60.66801840966585,2168.0938049670704,Month-to-month,No,Yes,No,No,Yes,Yes,Yes,No
CUST_06890,40,57,73.06286890971938,5755.703712565335,One year,Fiber optic,No,No,No,Yes,No,Yes,Yes
CUST_06891,34,19,70.72857552906348,6905.81302409988,Two year,Fiber optic,No,No,Yes,Yes,Yes,Yes,Yes
CUST_06892,18,49,90.9110362957773,6878.914539593424,One year,No,Yes,Yes,No,Yes,No,No,Yes
CUST_06893,72,19,60.998131935628265,3206.835409222168,Two year,DSL,Yes,Yes,No,Yes,Yes,Yes,No
CUST_06894,48,35,29.976712262214004,4865.065260571372,Month-to-month,Fiber optic,Yes,Yes,Yes,Yes,No,Yes,Yes
CUST_06895,48,26,98.87095228136228,6767.039544233994,One year,Fiber optic,No,Yes,No,Yes,Yes,Yes,No
CUST_06896,59,71,88.48530033282076,610.8061964360083,Two year,No,No,Yes,No,Yes,No,Yes,No
CUST_06897,74,31,115.01234554573654,5187.244423847842,One year,No,Yes,Yes,No,Yes,No,Yes,No
CUST_06898,72,0,62.87161758478628,7126.784664125344,One year,DSL,No,No,Yes,Yes,No,Yes,Yes
CUST_06899,59,16,27.820565691109472,3227.798782372822,Month-to-month,No,No,No,Yes,Yes,Yes,No,Yes
CUST_06900,70,8,32.161898636324295,3925.428157442809,Month-to-month,Fiber optic,Yes,No,Yes,No,No,Yes,Yes
CUST_06901,73,44,97.3319543203078,5969.315775898539,Month-to-month,No,Yes,Yes,Yes,No,No,No,Yes
CUST_06902,51,65,26.775728277860193,670.2315796718698,Month-to-month,DSL,No,No,No,No,No,No,Yes
CUST_06903,26,31,110.78261449292853,3339.3420675332545,Month-to-month,DSL,No,No,Yes,No,No,Yes,Yes
CUST_06904,39,44,48.16501112951853,2583.970469880331,Two year,Fiber optic,Yes,Yes,Yes,Yes,Yes,Yes,No
CUST_06905,30,8,109.88790405793247,242.75169653189877,Two year,No,Yes,Yes,Yes,No,Yes,Yes,No
CUST_06906,42,29,97.3506848800946,1746.1703543593846,Month-to-month,Fiber optic,Yes,Yes,Yes,No,No,No,No
CUST_06907,65,37,107.120103629169,3425.421950946334,Month-to-month,DSL,Yes,Yes,No,Yes,Yes,Yes,Yes
CUST_06908,35,59,41.40396917699657,1758.4011505647957,Month-to-month,DSL,No,Yes,Yes,Yes,No,No,Yes
CUST_06909,68,0,79.56934958135682,5160.145872834274,One year,No,No,No,Yes,No,Yes,Yes,No
CUST_06910,29,4,29.35891320724226,3868.681901624995,Month-to-month,No,No,No,Yes,No,No,Yes,No
CUST_06911,57,62,40.2280767539376,431.6428760964323,Two year,Fiber optic,No,Yes,Yes,Yes,No,No,Yes
CUST_06912,34,35,50.990222733726846,2410.3382202251423,Two year,DSL,No,Yes,Yes,No,No,Yes,No
CUST_06913,32,64,94.08125915100231,263.6048711853978,One year,Fiber optic,Yes,Yes,No,Yes,No,Yes,No
CUST_06914,59,23,22.471437938848332,3108.335511113598,Two year,Fiber optic,Yes,Yes,Yes,No,No,Yes,No
CUST_06915,32,3,110.31172828721364,2276.524149065002,Month-to-month,Fiber optic,Yes,Yes,Yes,Yes,No,No,No
CUST_06916,32,67,27.08035137129217,5880.768970215077,One year,DSL,Yes,No,No,Yes,Yes,No,Yes
CUST_06917,72,24,57.64901953446271,2682.218175010871,One year,No,No,No,Yes,No,Yes,No,No
CUST_06918,56,6,28.108962832858413,3251.3327825086576,Two year,DSL,No,Yes,No,No,Yes,No,No
CUST_06919,30,12,96.89678431033738,6192.805027650952,Month-to-month,Fiber optic,Yes,Yes,No,No,No,Yes,Yes
CUST_06920,34,67,34.13149734027568,4139.708477632685,Month-to-month,DSL,No,Yes,No,Yes,Yes,No,No
CUST_06921,49,42,108.47569102624576,4774.216780205055,Month-to-month,Fiber optic,Yes,Yes,No,No,No,No,No
CUST_06922,26,56,73.02219865915261,7167.3119754785685,One year,Fiber optic,No,No,No,Yes,Yes,Yes,No
CUST_06923,57,35,114.8472819455396,1837.861765841894,Two year,No,No,Yes,No,Yes,No,No,Yes
CUST_06924,37,13,49.036091280819534,8409.15843963176,Two year,Fiber optic,No,Yes,Yes,No,Yes,Yes,No
CUST_06925,43,71,65.4316151878391,7660.88277145931,Two year,DSL,No,Yes,No,No,No,Yes,No
CUST_06926,44,26,89.4246962329578,2507.0437602489123,Month-to-month,No,No,No,Yes,Yes,Yes,No,No
CUST_06927,38,36,103.19133125709605,7600.682708012704,One year,No,No,No,No,No,No,Yes,No
CUST_06928,35,70,62.135708774560676,6433.231729693233,One year,No,No,Yes,Yes,Yes,Yes,No,Yes
CUST_06929,30,24,109.24325383271642,7918.354364482075,Two year,No,Yes,Yes,No,Yes,No,Yes,No
CUST_06930,33,66,31.798720832439525,5905.535580256264,Two year,No,Yes,No,Yes,No,Yes,No,No
CUST_06931,26,3,90.86847188100954,5765.610017066932,One year,DSL,No,Yes,No,Yes,Yes,No,No
CUST_06932,29,15,54.81989822136604,129.10103641926307,Two year,Fiber optic,Yes,No,Yes,Yes,Yes,Yes,Yes
CUST_06933,61,18,30.133548413259696,4086.7368408704738,One year,Fiber optic,Yes,Yes,Yes,No,Yes,No,Yes
CUST_06934,55,28,58.666455680200386,1782.2562918987533,One year,Fiber optic,Yes,No,Yes,Yes,Yes,No,Yes
CUST_06935,36,50,108.0215624485568,2822.2842570196617,Two year,Fiber optic,Yes,No,No,Yes,Yes,No,No
CUST_06936,77,17,118.053387128864,8322.05132556927,One year,No,Yes,Yes,Yes,Yes,No,No,Yes
CUST_06937,24,57,59.27998571004826,818.2164457398839,One year,Fiber optic,No,Yes,No,No,Yes,Yes,No
CUST_06938,74,43,108.6416387806375,6168.886351811858,Two year,Fiber optic,No,No,Yes,No,No,No,No
CUST_06939,52,15,70.96544162418783,1552.736671715335,Two year,No,No,Yes,No,Yes,Yes,Yes,No
CUST_06940,65,64,91.70150376639415,162.17125176764569,Two year,No,Yes,Yes,No,No,No,Yes,No
CUST_06941,35,1,24.53714222738232,4311.917154322364,One year,No,Yes,Yes,Yes,No,Yes,Yes,No
CUST_06942,33,55,75.73119719840234,1454.208509581422,Two year,Fiber optic,No,Yes,Yes,No,No,No,No
CUST_06943,72,27,27.016193621099042,8209.916550245249,Two year,No,Yes,No,No,No,No,Yes,No
CUST_06944,56,64,46.86179570937993,1811.0525917180876,One year,No,No,No,No,Yes,No,No,Yes
CUST_06945,21,4,76.68143258686786,1713.09630189289,One year,DSL,No,No,No,No,Yes,Yes,No
CUST_06946,76,21,100.71637664216806,370.20216715104044,Two year,DSL,Yes,Yes,Yes,No,Yes,Yes,Yes
CUST_06947,42,12,76.08936438039106,2870.4849649028547,Two year,Fiber optic,Yes,Yes,Yes,Yes,Yes,No,No
CUST_06948,49,64,113.61915411152101,302.53806940359266,One year,No,Yes,Yes,Yes,Yes,No,Yes,Yes
CUST_06949,79,15,101.03325075758356,4290.647736042267,One year,Fiber optic,No,Yes,Yes,No,Yes,No,Yes
CUST_06950,57,63,35.62401461051026,4347.1293997502335,Month-to-month,DSL,No,No,Yes,Yes,No,No,No
CUST_06951,30,31,58.89584856279373,547.243611337482,One year,DSL,No,Yes,Yes,No,Yes,No,Yes
CUST_06952,62,50,86.84854273067788,2116.5231266942965,One year,No,No,No,Yes,Yes,No,Yes,Yes
CUST_06953,34,57,113.84060316092902,7089.694475212555,Month-to-month,Fiber optic,Yes,Yes,No,Yes,Yes,No,Yes
CUST_06954,66,45,118.77158687446709,3985.376092573078,Two year,DSL,No,No,No,No,Yes,No,Yes
CUST_06955,54,51,96.31864379628071,3750.724349320482,Month-to-month,No,Yes,Yes,Yes,No,Yes,No,No
CUST_06956,23,62,77.37693055793639,5969.726357839105,One year,Fiber optic,No,No,Yes,No,No,Yes,Yes
CUST_06957,36,59,95.66096897379919,6105.008325309887,Month-to-month,No,No,Yes,Yes,Yes,No,No,No
CUST_06958,30,64,47.32364194639477,6500.485846683766,Month-to-month,No,No,No,No,No,Yes,No,No
CUST_06959,74,54,48.36030272596327,7076.051530724033,Month-to-month,DSL,No,Yes,No,Yes,Yes,Yes,No
CUST_06960,77,56,85.43493461623233,2050.905429779904,Month-to-month,Fiber optic,No,Yes,Yes,Yes,No,Yes,No
CUST_06961,43,70,107.18355763999104,657.5971011465485,Month-to-month,DSL,No,Yes,No,Yes,No,No,No
CUST_06962,31,25,116.98094891763537,3294.2249803518957,Month-to-month,Fiber optic,Yes,Yes,Yes,No,Yes,No,No
CUST_06963,48,11,54.133460083121825,7282.82244923448,Two year,Fiber optic,No,No,No,Yes,Yes,No,Yes
CUST_06964,71,70,99.65536231013203,755.4407799987711,Month-to-month,No,Yes,No,Yes,No,Yes,No,No
CUST_06965,21,45,105.15308052874937,4938.011909944781,Month-to-month,No,Yes,No,No,Yes,No,No,Yes
CUST_06966,77,46,82.31732430313927,5989.096772787704,Month-to-month,Fiber optic,No,Yes,Yes,Yes,No,Yes,No
CUST_06967,56,37,54.75918822297629,4143.820591571297,Month-to-month,No,No,Yes,No,Yes,Yes,Yes,No
CUST_06968,25,20,81.90885652738011,2243.4737262955077,One year,DSL,No,Yes,No,Yes,No,No,Yes
CUST_06969,42,13,78.44489043115126,2840.9996473162487,Month-to-month,Fiber optic,Yes,Yes,Yes,Yes,Yes,No,No
CUST_06970,30,1,80.65255057964909,701.877623062123,Month-to-month,DSL,Yes,No,Yes,No,Yes,No,No
CUST_06971,49,71,81.92602137877215,2557.701797644913,Month-to-month,No,Yes,No,Yes,Yes,No,No,No
CUST_06972,76,69,104.7058190871695,472.77526351470414,Two year,Fiber optic,Yes,No,No,No,Yes,Yes,No
CUST_06973,55,32,37.008151326733035,6201.1299843253355,Month-to-month,No,No,No,Yes,No,Yes,No,No
CUST_06974,55,5,56.72939476151681,7643.160339498166,One year,DSL,Yes,No,Yes,No,Yes,No,Yes
CUST_06975,73,36,78.60017273507114,5421.510279010181,Two year,Fiber optic,Yes,Yes,Yes,Yes,No,Yes,Yes
CUST_06976,45,13,48.33277386116264,5616.307072638769,One year,No,Yes,No,Yes,No,Yes,No,No
CUST_06977,70,36,117.81531220840392,4065.995631979244,Two year,DSL,Yes,No,No,Yes,No,Yes,No
CUST_06978,47,7,46.315025960232916,1410.7061733229077,Two year,DSL,No,No,Yes,Yes,No,No,Yes
CUST_06979,20,12,66.96288806423652,164.89118652830507,Month-to-month,No,No,No,Yes,No,Yes,No,No
CUST_06980,45,39,107.73650457130682,2989.398379928797,Month-to-month,Fiber optic,No,Yes,No,Yes,No,Yes,No
CUST_06981,20,57,28.006366266022624,6412.503881916031,Two year,No,No,Yes,Yes,Yes,Yes,No,No
CUST_06982,62,17,102.06880020942519,8167.625266250885,Month-to-month,Fiber optic,No,Yes,Yes,Yes,No,No,No
CUST_06983,71,56,77.10083689746699,3721.113376231952,Month-to-month,DSL,Yes,No,Yes,Yes,No,No,No
CUST_06984,51,37,23.18020408196704,3169.284503601677,Two year,DSL,Yes,No,Yes,Yes,Yes,Yes,No
CUST_06985,33,31,110.29128919667691,3846.0514531836025,Two year,DSL,Yes,No,Yes,No,Yes,Yes,No
CUST_06986,39,65,23.919683545574305,3693.3091247552225,One year,No,Yes,Yes,Yes,No,No,No,Yes
CUST_06987,49,24,71.52177962712929,5357.390597188618,Two year,No,Yes,Yes,Yes,Yes,No,Yes,No
CUST_06988,78,57,24.903124636568112,6266.838135623983,One year,No,No,Yes,No,Yes,Yes,No,Yes
CUST_06989,55,32,27.120009847449815,6693.647395338474,One year,DSL,Yes,No,No,No,Yes,Yes,No
CUST_06990,25,65,108.72043142578919,5556.680399251882,Month-to-month,Fiber optic,No,Yes,Yes,No,No,No,No
CUST_06991,72,29,96.58255469624436,3776.881253813807,Month-to-month,No,No,Yes,Yes,No,No,Yes,No
CUST_06992,25,33,39.69411732448914,8080.871546632923,Two year,No,No,Yes,No,Yes,Yes,No,No
CUST_06993,79,68,82.04679732142539,6072.565449518636,Two year,No,Yes,No,Yes,No,Yes,No,No
CUST_06994,74,47,99.46795684312156,3683.9275431078913,One year,DSL,Yes,No,No,No,No,Yes,No
CUST_06995,23,39,108.95906413668648,3851.286927602237,One year,Fiber optic,Yes,Yes,No,No,Yes,No,Yes
CUST_06996,31,50,66.83069268391463,6971.03913940373,Month-to-month,Fiber optic,No,Yes,Yes,Yes,No,Yes,No
CUST_06997,49,12,109.74998774012042,3800.543456868477,Two year,Fiber optic,No,Yes,No,No,Yes,Yes,No
CUST_06998,52,30,70.78500727175616,4436.698431344365,Two year,No,Yes,Yes,No,Yes,No,No,No
CUST_06999,27,38,88.8228042177691,2549.0392521248423,Two year,No,No,No,Yes,Yes,Yes,No,No
CUST_07000,20,62,117.90293594251392,7146.884604636508,Two year,Fiber optic,No,No,Yes,Yes,No,Yes,No
CUST_07001,76,47,43.59517891945268,4487.198034547888,Month-to-month,DSL,No,Yes,Yes,Yes,No,No,No
CUST_07002,29,47,36.85212760824781,4741.3018824711935,Month-to-month,Fiber optic,Yes,Yes,Yes,Yes,Yes,No,Yes
CUST_07003,66,60,54.20188249778702,7497.67338279255,One year,No,No,Yes,Yes,No,No,No,Yes
CUST_07004,76,11,36.439902272030935,7832.34504991656,Month-to-month,Fiber optic,Yes,Yes,Yes,Yes,Yes,Yes,No
CUST_07005,48,55,48.416280570487416,7023.227891998768,One year,Fiber optic,Yes,Yes,Yes,Yes,Yes,Yes,Yes
CUST_07006,46,17,94.2985323370604,649.1114690093905,Month-to-month,Fiber optic,No,No,Yes,No,Yes,No,Yes
CUST_07007,22,26,67.75240359212873,3825.476454952962,Month-to-month,DSL,No,No,Yes,No,Yes,Yes,No
CUST_07008,79,27,57.504129449490186,2983.9798888803734,Two year,No,No,No,Yes,Yes,Yes,Yes,Yes
CUST_07009,69,51,56.87240052757931,1893.5241631645972,One year,No,Yes,Yes,Yes,No,No,Yes,No
CUST_07010,42,15,39.452997490005316,7735.212557104602,One year,Fiber optic,Yes,Yes,No,No,Yes,No,No
CUST_07011,58,57,64.74114542869953,7576.579249841832,One year,No,No,No,No,Yes,Yes,No,No
CUST_07012,48,8,82.46355586881762,4008.5022195793053,Month-to-month,DSL,No,Yes,No,Yes,Yes,No,No
CUST_07013,79,25,33.915483451822375,1230.3111456520535,Two year,Fiber optic,Yes,No,Yes,No,No,No,No
CUST_07014,38,27,117.28128614702146,212.2712107870146,Month-to-month,DSL,No,Yes,Yes,No,Yes,Yes,Yes
CUST_07015,75,35,64.32811764267336,3783.1234767444776,Two year,Fiber optic,Yes,No,No,Yes,Yes,Yes,No
CUST_07016,37,8,114.79609167513946,435.623248017762,Month-to-month,Fiber optic,No,No,No,No,No,No,No
CUST_07017,56,46,33.465892662418526,5220.269912125986,One year,Fiber optic,No,Yes,No,No,Yes,No,Yes
CUST_07018,39,50,96.72159531726803,5210.6345153925795,Month-to-month,DSL,No,Yes,No,Yes,Yes,Yes,No
CUST_07019,21,56,81.76380505435449,7651.091362506566,One year,No,Yes,Yes,No,Yes,No,No,No
CUST_07020,30,31,102.00641195433708,1696.4126776305955,Two year,No,No,No,No,Yes,No,No,Yes
CUST_07021,62,66,80.06779229552052,3219.7116362737697,One year,No,No,No,Yes,No,No,No,No
CUST_07022,59,56,116.28366332428061,7320.181265787942,One year,No,Yes,Yes,No,No,No,No,No
CUST_07023,67,53,82.69318309298576,4084.090620916966,One year,DSL,Yes,No,No,Yes,Yes,No,Yes
CUST_07024,66,15,98.46041253444682,601.6756273643316,One year,No,Yes,No,Yes,No,No,No,Yes
CUST_07025,37,61,107.75817725333674,1030.58485740244,Two year,No,Yes,No,Yes,No,No,Yes,No
CUST_07026,69,55,91.458347121046,6933.01840125899,Month-to-month,Fiber optic,Yes,Yes,No,Yes,No,Yes,No
CUST_07027,30,22,72.42366565631603,6347.0584122395085,Month-to-month,DSL,Yes,No,Yes,No,No,No,Yes
CUST_07028,34,16,47.28170787634203,7457.4047442010515,Month-to-month,Fiber optic,Yes,Yes,No,Yes,Yes,No,No
CUST_07029,71,37,105.44926133956693,1098.4337936368074,Month-to-month,No,Yes,Yes,No,Yes,Yes,Yes,No
CUST_07030,53,71,68.05782526886784,6487.500647890831,One year,Fiber optic,No,No,Yes,No,Yes,Yes,No
CUST_07031,50,29,82.07082263350591,5602.876665648789,Two year,No,No,No,Yes,No,Yes,No,No
CUST_07032,18,57,27.92265378809198,2051.2632255847593,Two year,Fiber optic,No,Yes,Yes,No,Yes,No,No
CUST_07033,32,21,69.73513231268498,8280.796838667133,Month-to-month,DSL,No,No,No,Yes,Yes,No,Yes
CUST_07034,30,16,89.81576440198451,4890.980480870341,Month-to-month,Fiber optic,Yes,No,No,Yes,No,Yes,Yes
CUST_07035,34,14,78.407190993377,7717.774993335936,Two year,Fiber optic,Yes,Yes,Yes,No,Yes,No,Yes
CUST_07036,41,47,64.8554856045705,7316.382327338686,Two year,Fiber optic,Yes,Yes,No,Yes,No,No,No
CUST_07037,75,31,42.34273167496692,2898.2538683899375,One year,Fiber optic,Yes,No,No,No,Yes,Yes,No
CUST_07038,25,39,50.967020009015954,4602.037640689231,Two year,No,Yes,No,Yes,No,Yes,Yes,No
CUST_07039,67,56,90.0624358162301,3723.4937149992425,Two year,Fiber optic,No,Yes,Yes,No,No,No,No
CUST_07040,44,57,42.41906988393989,6056.2515901846355,One year,DSL,No,No,No,No,Yes,No,No
CUST_07041,62,15,82.17266153088818,5039.552838164793,One year,Fiber optic,Yes,Yes,No,Yes,Yes,Yes,Yes
CUST_07042,40,27,78.97376125562032,6692.769677512827,One year,DSL,No,Yes,Yes,No,No,No,No
